{
  "count": 699,
  "mean": 1.2200762994754413,
  "std": 0.5781540247282683,
  "sem": 0.021867793562510014,
  "min": 0.0333333333333314,
  "q25": 0.7666666666666664,
  "median": 1.3000000000000045,
  "q75": 1.7333333333333345,
  "max": 2.0,
  "iqr": 0.9666666666666681,
  "cv": 0.4738671056694072,
  "skew": -0.4593510481324935,
  "kurtosis": -0.953836052833767,
  "ci_mean_lower": 1.1771417634208055,
  "ci_mean_upper": 1.263010835530077,
  "ci_level": 0.95,
  "p1": 0.0666666666666628,
  "p5": 0.1333333333333333,
  "p10": 0.32666666666666294,
  "p90": 1.9000000000000006,
  "p95": 1.9666666666666668,
  "p99": 2.0
}