frame,x1,y1,x2,y2,class_name,conf
0,787.53369140625,568.2328491210938,916.2424926757812,687.5667724609375,,0.0
0,1165.7738037109375,112.72737121582033,1210.558837890625,159.47091674804688,,0.0
0,201.55039978027344,162.69435119628906,260.4935302734375,213.7127990722656,,0.0
0,669.0519409179688,599.1837768554688,796.7197875976562,714.2750244140625,,0.0
0,601.977783203125,631.4344482421875,732.0919189453125,719.4009399414062,,0.0
0,1023.6920166015624,285.2257385253906,1092.275634765625,358.1706237792969,,0.0
0,1011.1453247070312,164.44566345214844,1047.5631103515625,212.5324859619141,,0.0
0,1076.0506591796875,406.5670776367188,1149.766845703125,474.2604064941406,,0.0
0,117.5255355834961,649.0818481445312,198.5770568847656,720.0,,0.0
0,257.8902282714844,231.1963653564453,309.244384765625,277.25506591796875,,0.0
0,145.7408905029297,228.03445434570312,194.42225646972656,274.7610168457031,,0.0
0,247.2283935546875,121.83448791503906,268.28521728515625,158.88705444335938,,0.0
0,925.80078125,572.620849609375,1045.3658447265625,683.76220703125,,0.0
0,607.8446655273438,324.2595520019531,690.0433349609375,393.8362731933594,,0.0
0,782.3499755859375,219.3065948486328,819.6647338867188,268.6841125488281,,0.0
0,1238.69287109375,90.08317565917967,1297.3663330078125,133.00070190429688,,0.0
0,658.5513305664062,269.3075561523437,704.3246459960938,331.13983154296875,,0.0
0,243.0165100097656,206.17335510253903,283.67431640625,247.48301696777344,,0.0
0,848.3549194335938,242.57339477539065,930.3382568359376,333.66424560546875,,0.0
0,1117.1468505859375,154.4944305419922,1152.481689453125,197.65528869628903,,0.0
0,764.1625366210938,201.1985015869141,797.75,247.42027282714844,,0.0
0,1132.82958984375,132.49545288085938,1164.7542724609375,173.46031188964844,,0.0
0,406.3866271972656,111.6897964477539,459.1008605957031,154.49603271484375,,0.0
0,1069.9852294921875,102.1807632446289,1096.7265625,135.14276123046875,,0.0
0,1288.4613037109375,26.711406707763672,1310.45166015625,61.99177551269531,,0.0
0,912.5953369140624,155.5424346923828,950.8786010742188,199.9877777099609,,0.0
0,868.9002685546875,550.5401611328125,942.7817993164062,626.8789672851562,,0.0
0,1361.9293212890625,45.79069137573242,1404.9591064453125,82.41254425048828,,0.0
0,517.2100830078125,215.43426513671875,564.8575439453125,259.86083984375,,0.0
0,1303.96728515625,12.209172248840332,1320.2850341796875,38.581180572509766,,0.0
0,1037.4322509765625,83.13522338867188,1073.108154296875,121.74461364746094,,0.0
0,1159.061767578125,68.16091918945312,1178.787841796875,100.81800079345705,,0.0
0,1300.3826904296875,87.85621643066406,1355.83740234375,136.28810119628906,,0.0
0,749.3701171875,289.751708984375,804.7628784179688,365.0245361328125,,0.0
0,900.208740234375,122.83355712890624,947.60498046875,168.03797912597656,,0.0
0,659.953857421875,304.0326538085937,719.4841918945312,371.77825927734375,,0.0
0,1089.38671875,56.374454498291016,1137.603271484375,89.14437866210938,,0.0
0,1198.3388671875,143.30099487304688,1268.3690185546875,192.6008758544922,,0.0
0,1327.3751220703125,279.5184936523437,1389.3111572265625,333.2528381347656,,0.0
0,268.4125061035156,98.021240234375,318.3441467285156,136.9419403076172,,0.0
0,898.4855346679688,148.1106719970703,923.6460571289062,190.6029357910156,,0.0
0,231.0476226806641,72.30872344970703,248.9671630859375,103.12449645996094,,0.0
0,1198.5892333984375,143.41864013671875,1267.97265625,192.557373046875,,0.0
0,1144.718505859375,91.5276336669922,1164.553955078125,135.49899291992188,,0.0
0,1018.2035522460938,123.4200439453125,1099.173095703125,174.625244140625,,0.0
0,1300.455322265625,87.83895111083984,1356.6265869140625,136.4931640625,,0.0
0,1306.2694091796875,187.6516265869141,1351.0496826171875,253.6161346435547,,0.0
0,1399.317626953125,11.709409713745115,1430.1214599609375,40.364288330078125,,0.0
0,1017.8317260742188,123.6260223388672,1098.2989501953125,173.4478759765625,,0.0
0,742.3307495117188,286.85223388671875,798.7089233398438,338.3026428222656,,0.0
0,258.4706115722656,77.74348449707031,274.8882751464844,107.10047912597656,,0.0
0,974.1541748046876,223.1201934814453,996.177490234375,262.1014404296875,,0.0
0,1172.166015625,635.4169921875,1200.4442138671875,691.4591674804688,,0.0
0,1377.0423583984375,208.0446929931641,1394.49658203125,255.0417633056641,,0.0
0,1386.653076171875,176.4423370361328,1406.2581787109375,217.7650451660156,,0.0
0,1347.45263671875,188.6648101806641,1362.5081787109375,231.856185913086,,0.0
0,462.1651916503906,202.8550720214844,480.1942138671875,238.08746337890625,,0.0
0,1148.3636474609375,634.484130859375,1200.738037109375,692.4149780273438,,0.0
10,788.1317138671875,568.1580810546875,916.2454223632812,687.353515625,,0.0
10,1154.3868408203125,116.0458526611328,1200.770263671875,163.60105895996094,,0.0
10,201.2979888916016,162.6586456298828,260.4622497558594,213.84982299804688,,0.0
10,669.204833984375,599.1852416992188,796.7905883789062,714.1290893554688,,0.0
10,602.2533569335938,631.3836669921875,732.3639526367188,719.2898559570312,,0.0
10,1002.9342041015624,294.5780944824219,1072.2774658203125,370.2227783203125,,0.0
10,992.1298217773438,169.84088134765625,1029.4716796875,216.8743133544922,,0.0
10,1055.3863525390625,401.5388793945313,1128.0062255859375,468.2910461425781,,0.0
10,209.30865478515625,230.6467437744141,259.6312255859375,278.80621337890625,,0.0
10,105.39772033691406,228.2889709472656,152.32936096191406,273.2403564453125,,0.0
10,236.8327178955078,118.10620880126952,258.363037109375,152.76856994628906,,0.0
10,925.7102661132812,572.5632934570312,1045.4674072265625,684.6636962890625,,0.0
10,582.1881103515625,319.41851806640625,662.879150390625,389.4392700195313,,0.0
10,829.5250854492188,203.05995178222656,864.984375,249.5317840576172,,0.0
10,1227.9334716796875,94.25618743896484,1288.25390625,139.32275390625,,0.0
10,708.7394409179688,250.9012908935547,748.6732177734375,311.2707214355469,,0.0
10,286.6949768066406,207.1751708984375,333.2351379394531,251.9472045898437,,0.0
10,831.1570434570312,249.8440093994141,914.795654296875,343.53985595703125,,0.0
10,1101.98974609375,157.2551727294922,1138.0989990234375,202.3038787841797,,0.0
10,788.5574340820312,192.7015991210937,824.2999267578125,237.7671356201172,,0.0
10,1118.7535400390625,136.33444213867188,1151.6409912109375,178.4978485107422,,0.0
10,405.1907043457031,111.67446899414062,461.87115478515625,153.64071655273438,,0.0
10,1093.64501953125,93.25482940673828,1119.4981689453125,126.7440185546875,,0.0
10,1302.61962890625,20.50389671325684,1325.6246337890625,50.98398208618164,,0.0
10,952.3428955078124,146.85818481445312,985.1238403320312,188.9260406494141,,0.0
10,869.9874877929688,550.29443359375,943.1179809570312,627.1117553710938,,0.0
10,1350.3582763671875,54.04818344116211,1394.91943359375,91.11474609375,,0.0
10,542.686767578125,217.1537933349609,591.834228515625,262.3871765136719,,0.0
10,1318.2891845703125,5.824003219604492,1333.9227294921875,30.61432838439941,,0.0
10,1042.345703125,79.19322204589844,1079.882080078125,119.58377075195312,,0.0
10,1173.7303466796875,60.04365921020508,1193.2020263671875,93.22463989257812,,0.0
10,1281.8543701171875,96.69696807861328,1338.455322265625,146.26193237304688,,0.0
10,729.5430908203125,301.8425598144531,777.0471801757812,358.1162109375,,0.0
10,898.6602783203125,123.56389617919922,948.2501220703124,168.01454162597656,,0.0
10,634.412353515625,293.7185363769531,704.5399169921875,367.0815734863281,,0.0
10,1089.474365234375,56.35152816772461,1137.6748046875,89.04598236083984,,0.0
10,1175.564208984375,154.02359008789062,1246.762939453125,204.2626495361328,,0.0
10,277.5971984863281,102.64533996582033,329.2018127441406,141.99366760253906,,0.0
10,933.4736328125,139.4554901123047,960.6289672851562,180.082275390625,,0.0
10,243.4987945556641,81.51681518554688,261.5154113769531,108.01387786865234,,0.0
10,1175.717529296875,153.9328155517578,1246.9876708984375,204.1927947998047,,0.0
10,1144.0040283203125,90.06803131103516,1164.4483642578125,132.98020935058594,,0.0
10,1350.7147216796875,53.67127227783203,1394.7320556640625,91.30852508544922,,0.0
10,1306.556396484375,187.2035522460937,1353.10546875,253.6161346435547,,0.0
10,1387.573486328125,17.509658813476562,1424.0096435546875,47.77970123291016,,0.0
10,1043.6697998046875,113.60944366455078,1119.71533203125,163.5012969970703,,0.0
10,649.9697875976562,308.1679992675781,704.6588134765625,366.5862731933594,,0.0
10,968.9536743164062,221.7606658935547,985.4636840820312,260.31787109375,,0.0
10,1171.9835205078125,636.20458984375,1200.834228515625,691.0958251953125,,0.0
10,1376.1055908203125,209.7774353027344,1394.735107421875,254.8732147216797,,0.0
10,1384.170654296875,178.6305389404297,1402.27001953125,214.81253051757807,,0.0
10,450.61279296875,204.2672576904297,472.9615783691406,244.2506256103516,,0.0
10,1043.4747314453125,113.55992889404295,1120.467529296875,162.98858642578125,,0.0
10,1074.12255859375,68.46500396728516,1090.2569580078125,96.22852325439452,,0.0
10,711.546630859375,255.4925842285156,754.1098022460938,324.66387939453125,,0.0
10,267.8783874511719,83.74879455566406,283.7578125,113.21073150634766,,0.0
10,1307.3494873046875,22.964401245117188,1327.142578125,53.69184494018555,,0.0
20,787.7299194335938,567.7740478515625,915.9861450195312,687.1888427734375,,0.0
20,1144.453369140625,121.01182556152344,1190.976318359375,168.1334228515625,,0.0
20,201.6303253173828,162.127685546875,260.7371826171875,213.0980987548828,,0.0
20,669.02490234375,599.2582397460938,796.584228515625,714.1740112304688,,0.0
20,600.6886596679688,630.639892578125,734.566162109375,720.0,,0.0
20,979.5157470703124,305.61749267578125,1050.60888671875,380.0525207519531,,0.0
20,973.9415893554688,172.48728942871094,1012.9039916992188,220.2071685791016,,0.0
20,1040.4483642578125,394.85260009765625,1109.2276611328125,463.2652893066406,,0.0
20,164.22174072265625,230.3191680908203,213.2496490478516,275.8228759765625,,0.0
20,228.21389770507807,112.49559020996094,248.0438842773437,146.94166564941406,,0.0
20,925.7435302734376,572.46484375,1045.3670654296875,684.556640625,,0.0
20,556.198974609375,310.9655456542969,634.5098266601562,383.308837890625,,0.0
20,874.2947387695312,186.04052734375,908.3343505859376,231.1045379638672,,0.0
20,1216.419189453125,100.47792053222656,1277.045166015625,144.816650390625,,0.0
20,752.5574951171875,232.009506225586,789.6879272460938,283.2878723144531,,0.0
20,329.9649353027344,210.486083984375,375.9890441894531,255.1503143310547,,0.0
20,812.677978515625,258.3060302734375,897.9230346679688,353.4041442871094,,0.0
20,1089.010498046875,158.4051513671875,1124.1185302734375,206.2517547607422,,0.0
20,814.591796875,183.5673065185547,850.1328735351562,228.1761474609375,,0.0
20,1104.15869140625,142.42852783203125,1138.0582275390625,182.817138671875,,0.0
20,407.8616027832031,111.9980010986328,466.6940002441406,152.77601623535156,,0.0
20,1116.690185546875,86.31417846679688,1141.3798828125,117.1672592163086,,0.0
20,1322.4432373046875,15.930604934692385,1343.1011962890625,45.33609008789063,,0.0
20,988.9114990234376,135.46420288085938,1018.6931762695312,175.89480590820312,,0.0
20,869.6134643554688,549.219970703125,943.5599975585938,626.4834594726562,,0.0
20,1339.200439453125,61.51283264160156,1385.2783203125,99.58753204345705,,0.0
20,569.0662841796875,218.9757537841797,624.1567993164062,264.4908142089844,,0.0
20,1332.618408203125,1.3523483276367188,1347.6019287109375,22.5589656829834,,0.0
20,1047.76025390625,77.61734008789062,1082.4654541015625,116.70047760009766,,0.0
20,1188.9149169921875,54.20669555664063,1210.0213623046875,86.62017059326172,,0.0
20,1262.1527099609375,105.76577758789062,1322.2967529296875,156.20484924316406,,0.0
20,708.1926879882812,295.93511962890625,753.042236328125,350.8415832519531,,0.0
20,901.3181762695312,123.38292694091795,947.300537109375,168.32046508789062,,0.0
20,606.6015625,291.3612976074219,687.0236206054688,360.3641357421875,,0.0
20,1089.21875,55.76192855834961,1138.0242919921875,88.36231231689453,,0.0
20,1150.797119140625,164.6580047607422,1226.76171875,217.1105499267578,,0.0
20,286.7489624023437,107.04246520996094,341.53936767578125,147.0720672607422,,0.0
20,968.216064453125,131.1223602294922,997.8556518554688,168.22373962402344,,0.0
20,254.8154296875,81.89099884033203,274.5940856933594,112.51443481445312,,0.0
20,1150.96630859375,164.61282348632812,1226.64990234375,217.5292816162109,,0.0
20,1306.4892578125,190.70948791503903,1347.7825927734375,253.3193206787109,,0.0
20,1376.144287109375,21.00927734375,1420.4725341796875,54.95109939575195,,0.0
20,1068.95947265625,105.2768325805664,1143.5474853515625,151.4962921142578,,0.0
20,277.4946594238281,88.19184875488281,295.2632141113281,119.69510650634766,,0.0
20,1172.0140380859375,635.5796508789062,1201.206787109375,690.8331298828125,,0.0
20,1376.370849609375,208.2201690673828,1394.437255859375,254.21710205078125,,0.0
20,1381.8331298828125,180.8998870849609,1401.0394287109375,212.39089965820312,,0.0
20,1346.754150390625,187.9668426513672,1363.326416015625,232.15103149414065,,0.0
20,442.6196594238281,201.61949157714844,468.77978515625,247.9088592529297,,0.0
20,1159.94384765625,636.6596069335938,1201.21337890625,690.4869995117188,,0.0
20,1068.8714599609375,105.35930633544922,1142.958740234375,151.33743286132812,,0.0
20,393.6463623046875,108.97189331054688,426.6521911621094,144.76507568359375,,0.0
20,629.6339111328125,304.91162109375,686.248779296875,360.768310546875,,0.0
20,688.9663696289062,272.3083801269531,726.2725830078125,321.3426513671875,,0.0
20,954.6104125976562,220.98849487304688,990.3976440429688,260.7757873535156,,0.0
20,606.8713989257812,288.0024719238281,656.7786254882812,357.7789306640625,,0.0
20,1340.203857421875,187.63153076171875,1363.5238037109375,233.35113525390625,,0.0
20,1269.7183837890625,498.9581909179688,1291.3173828125,564.0099487304688,,0.0
20,1338.8165283203125,61.57524871826172,1385.4256591796875,99.15276336669922,,0.0
20,1316.95458984375,13.836265563964844,1339.4149169921875,42.70504379272461,,0.0
30,786.990966796875,566.7468872070312,915.7437133789062,687.2152099609375,,0.0
30,1131.439697265625,124.09219360351562,1179.4840087890625,172.4196014404297,,0.0
30,201.00259399414065,161.5695343017578,260.915771484375,213.11036682128903,,0.0
30,669.3577270507812,599.6839599609375,796.4405517578125,714.0185546875,,0.0
30,600.5743408203125,630.7691650390625,733.8510131835938,720.0,,0.0
30,951.5235595703124,318.1498718261719,1025.4051513671875,395.9963073730469,,0.0
30,956.525390625,176.47866821289062,995.2052001953124,224.5420684814453,,0.0
30,1026.634765625,389.9685363769531,1093.7554931640625,457.1009521484375,,0.0
30,121.77669525146484,226.2493133544922,171.12811279296875,275.3780212402344,,0.0
30,219.0709991455078,106.61195373535156,238.2189483642578,140.48280334472656,,0.0
30,925.810546875,572.4078369140625,1044.721923828125,683.782958984375,,0.0
30,526.485595703125,306.828369140625,604.4183349609375,376.2652587890625,,0.0
30,916.1941528320312,170.4754180908203,949.005126953125,213.7694091796875,,0.0
30,1205.828125,105.64388275146484,1265.9072265625,150.9794464111328,,0.0
30,793.19775390625,215.81358337402344,828.1385498046875,264.8624572753906,,0.0
30,374.0289916992188,213.49581909179688,421.5090026855469,258.1951599121094,,0.0
30,791.7416381835938,266.8275146484375,881.0502319335938,364.3750305175781,,0.0
30,1074.5150146484375,158.29013061523438,1110.4874267578125,210.3567047119141,,0.0
30,839.927978515625,174.65171813964844,873.3819580078125,219.08287048339844,,0.0
30,1081.449462890625,145.35150146484375,1120.4365234375,187.8560485839844,,0.0
30,413.9767456054688,111.48308563232422,469.0396118164063,152.30084228515625,,0.0
30,1138.578369140625,77.23808288574219,1163.1885986328125,111.21503448486328,,0.0
30,1342.0294189453125,10.203649520874023,1357.769775390625,38.033016204833984,,0.0
30,1022.138671875,124.77044677734376,1049.3060302734375,165.22006225585938,,0.0
30,868.1963500976562,548.85205078125,941.2674560546876,625.8413696289062,,0.0
30,594.2255249023438,222.24441528320312,649.0070190429688,267.28179931640625,,0.0
30,1053.586669921875,74.25361633300781,1091.8822021484375,113.7765884399414,,0.0
30,1202.7410888671875,49.29483795166016,1222.6568603515625,79.8736572265625,,0.0
30,1241.6815185546875,114.30133819580078,1303.148193359375,166.50401306152344,,0.0
30,685.458984375,290.9345703125,728.3551025390625,345.04412841796875,,0.0
30,900.89013671875,122.81041717529295,947.248291015625,167.72950744628906,,0.0
30,1089.4854736328125,55.55697250366211,1137.4981689453125,88.47955322265625,,0.0
30,1123.81640625,176.7462921142578,1201.276611328125,231.2480926513672,,0.0
30,1377.1270751953125,183.7545318603516,1402.0892333984375,252.31948852539065,,0.0
30,296.55523681640625,113.85678100585938,352.4725952148437,152.88726806640625,,0.0
30,1001.02490234375,120.13414001464844,1028.7657470703125,156.34127807617188,,0.0
30,266.0905456542969,86.05655670166016,284.94110107421875,121.04165649414062,,0.0
30,1123.9595947265625,177.18215942382812,1200.8489990234375,231.19110107421875,,0.0
30,1306.5582275390625,185.3993225097656,1353.6810302734375,253.2550811767578,,0.0
30,1363.6998291015625,28.05431365966797,1410.2049560546875,61.59142303466797,,0.0
30,1092.4114990234375,96.1441421508789,1161.5966796875,141.10659790039062,,0.0
30,618.765869140625,302.712158203125,670.3263549804688,357.6239013671875,,0.0
30,288.17138671875,90.75625610351562,305.9866027832031,123.6406021118164,,0.0
30,945.6503295898438,220.5968475341797,965.89599609375,260.0673522949219,,0.0
30,1172.67529296875,634.9000854492188,1200.271484375,690.6864624023438,,0.0
30,1377.6522216796875,206.2354278564453,1400.8773193359375,252.6062774658203,,0.0
30,1376.9625244140625,184.0135955810547,1397.5911865234375,229.1558837890625,,0.0
30,429.7450256347656,204.20639038085932,459.173583984375,246.7963714599609,,0.0
30,1160.999267578125,636.3990478515625,1200.15185546875,690.5746459960938,,0.0
30,1054.5916748046875,146.51133728027344,1070.92431640625,181.6933441162109,,0.0
30,1092.199951171875,95.9481430053711,1161.5556640625,140.91883850097656,,0.0
30,392.0912170410156,108.87451171875,426.14111328125,146.92108154296875,,0.0
30,659.253662109375,263.84783935546875,699.2416381835938,314.8318786621094,,0.0
30,252.4254608154297,71.99919128417969,267.2909545898437,101.19149780273438,,0.0
30,575.850341796875,284.2944030761719,625.4423217773438,341.511962890625,,0.0
30,296.0611572265625,113.4746551513672,351.2648620605469,153.43589782714844,,0.0
30,1247.8260498046875,491.7994995117188,1277.0103759765625,564.60498046875,,0.0
30,1326.458740234375,68.29070281982422,1373.453369140625,108.33961486816406,,0.0
30,1328.538818359375,7.728667259216309,1342.069091796875,33.366390228271484,,0.0
30,1075.6085205078125,146.1348419189453,1117.319091796875,206.3732452392578,,0.0
40,787.3126220703125,566.7874145507812,915.77880859375,687.26025390625,,0.0
40,1118.156005859375,128.49063110351562,1168.0389404296875,177.11471557617188,,0.0
40,201.2323760986328,161.80270385742188,260.6178894042969,213.2441253662109,,0.0
40,669.4175415039062,599.5733642578125,796.4652709960938,713.978271484375,,0.0
40,600.4192504882812,630.7644653320312,733.9151611328125,720.0,,0.0
40,921.2345581054688,330.6429138183594,1000.6858520507812,412.2057189941406,,0.0
40,941.4956665039062,178.7963409423828,978.9019775390624,228.0855865478516,,0.0
40,1014.7537231445312,386.6519165039063,1080.7420654296875,452.2789001464844,,0.0
40,211.452865600586,102.14099884033205,230.2037811279297,134.92083740234375,,0.0
40,925.784912109375,572.3534545898438,1044.8411865234375,683.428955078125,,0.0
40,499.1736450195313,299.489990234375,571.2073974609375,367.84765625,,0.0
40,957.28271484375,154.9364776611328,986.3137817382812,194.33639526367188,,0.0
40,1195.33837890625,109.96282196044922,1258.5484619140625,154.89625549316406,,0.0
40,832.8992919921875,200.227294921875,867.178466796875,247.728744506836,,0.0
40,418.2705993652344,205.612060546875,466.0269470214844,261.49737548828125,,0.0
40,769.945068359375,276.54425048828125,859.7933959960938,372.8606262207031,,0.0
40,1057.24755859375,165.45726013183594,1095.7501220703125,215.404052734375,,0.0
40,863.6765747070312,167.54393005371094,896.2574462890625,210.41688537597656,,0.0
40,1069.6114501953125,149.75387573242188,1107.522216796875,191.12437438964844,,0.0
40,417.0036315917969,110.94478607177734,470.2461853027344,151.77711486816406,,0.0
40,1159.10107421875,69.96504974365234,1181.8211669921875,97.7918930053711,,0.0
40,1357.0372314453125,3.9348936080932617,1372.0103759765625,29.68541145324707,,0.0
40,1053.5863037109375,113.42267608642578,1079.2811279296875,151.9250030517578,,0.0
40,869.5111694335938,548.43408203125,941.4365234375,626.0115966796875,,0.0
40,619.5957641601562,225.324935913086,674.0089111328125,271.24237060546875,,0.0
40,1059.5595703125,72.64573669433594,1096.7264404296875,110.80850219726562,,0.0
40,1217.937744140625,42.827335357666016,1237.9310302734375,72.8834457397461,,0.0
40,1219.73388671875,124.6777114868164,1285.451904296875,177.95779418945312,,0.0
40,659.863525390625,285.3987121582031,704.1889038085938,338.58502197265625,,0.0
40,901.3104248046876,123.00209045410156,947.2720336914062,168.23219299316406,,0.0
40,1090.463134765625,55.59520721435547,1137.896484375,88.8674545288086,,0.0
40,1095.7811279296875,188.38897705078125,1177.36767578125,245.5088806152344,,0.0
40,1373.9935302734375,186.1464233398437,1398.404541015625,251.78729248046875,,0.0
40,306.7882995605469,116.6127471923828,362.1432495117188,159.9597625732422,,0.0
40,1031.8072509765625,109.46807861328124,1057.2406005859375,144.89947509765625,,0.0
40,277.1278381347656,90.33454132080078,296.12127685546875,126.51107025146484,,0.0
40,1095.882568359375,188.514404296875,1178.6212158203125,245.6015014648437,,0.0
40,1309.08447265625,184.801513671875,1363.152099609375,249.98782348632807,,0.0
40,1353.4322509765625,34.715450286865234,1399.6697998046875,68.55513763427734,,0.0
40,1114.9556884765625,86.34873962402344,1183.716064453125,130.32395935058594,,0.0
40,603.7152709960938,298.1963806152344,653.0572509765625,353.10260009765625,,0.0
40,299.8727111816406,96.44499969482422,318.3507080078125,126.84004974365234,,0.0
40,934.9357299804688,220.82232666015625,955.0114135742188,259.18902587890625,,0.0
40,1172.166015625,634.141845703125,1200.18994140625,690.76123046875,,0.0
40,1374.5159912109375,209.31651306152344,1399.5455322265625,251.83604431152344,,0.0
40,1158.7691650390625,635.9811401367188,1200.296875,690.3092651367188,,0.0
40,392.6261596679688,109.04499053955078,424.8315734863281,147.85682678222656,,0.0
40,624.1793823242188,255.24806213378903,669.8941040039062,305.6921691894531,,0.0
40,262.12890625,76.55107879638672,278.2679748535156,107.28559112548828,,0.0
40,548.3741455078125,280.43914794921875,593.8504028320312,333.63348388671875,,0.0
40,1306.2838134765625,189.0664978027344,1347.738037109375,253.37245178222656,,0.0
40,1229.4473876953125,487.3960571289063,1258.0513916015625,562.7857666015625,,0.0
40,1313.939208984375,76.31450653076172,1362.528076171875,117.7602767944336,,0.0
40,1342.724853515625,2.807927131652832,1357.4886474609375,26.937419891357425,,0.0
40,1271.548583984375,376.7906188964844,1349.3291015625,440.350341796875,,0.0
40,1219.77685546875,124.1824722290039,1285.97412109375,177.79396057128906,,0.0
40,196.74270629882807,72.5201187133789,236.22024536132807,104.73844146728516,,0.0
50,787.2922973632812,567.4560546875,915.5582885742188,687.6910400390625,,0.0
50,1103.30859375,133.76731872558594,1155.3660888671875,182.4663848876953,,0.0
50,201.2320709228516,162.27206420898438,260.8341064453125,214.3346710205078,,0.0
50,669.3746948242188,599.4641723632812,796.1453247070312,714.3436279296875,,0.0
50,600.2335815429688,631.0130615234375,733.6642456054688,720.0,,0.0
50,888.9110717773438,353.0523681640625,968.2251586914062,431.5437927246094,,0.0
50,922.211669921875,184.92434692382807,963.1830444335938,231.6253967285156,,0.0
50,1005.2930908203124,383.9134826660156,1069.666015625,449.343017578125,,0.0
50,202.6212310791016,76.82795715332031,243.83941650390625,111.5631103515625,,0.0
50,925.6967163085938,572.8046875,1045.0555419921875,683.207763671875,,0.0
50,460.5959167480469,275.320556640625,545.1993408203125,362.1771545410156,,0.0
50,994.4947509765624,143.12940979003906,1024.343994140625,183.82965087890625,,0.0
50,1184.8193359375,116.03551483154295,1249.1060791015625,162.2233428955078,,0.0
50,872.7457885742188,183.28219604492188,908.9652709960938,231.35470581054688,,0.0
50,461.9000854492188,218.28163146972656,506.0632934570313,264.9162902832031,,0.0
50,746.0888671875,288.0663757324219,839.490966796875,391.4108581542969,,0.0
50,1041.7254638671875,171.40040588378906,1080.4034423828125,219.459716796875,,0.0
50,885.4005126953125,160.94210815429688,917.1702270507812,199.8343963623047,,0.0
50,1049.5,151.81243896484375,1088.040771484375,195.6519317626953,,0.0
50,419.9539184570313,111.4952621459961,473.035888671875,152.94107055664062,,0.0
50,1176.984619140625,63.11933517456055,1200.9912109375,89.84963989257812,,0.0
50,1083.299072265625,102.0733413696289,1107.8980712890625,141.86712646484375,,0.0
50,869.0751342773438,549.3596801757812,943.6204223632812,626.633544921875,,0.0
50,1300.166259765625,86.16954803466797,1350.7314453125,127.22175598144533,,0.0
50,642.6795654296875,230.5358123779297,698.8038330078125,274.8760070800781,,0.0
50,1063.3245849609375,72.30159759521484,1102.5689697265625,109.28844451904295,,0.0
50,1232.34765625,37.2173957824707,1251.39794921875,67.73585510253906,,0.0
50,1196.32861328125,136.08352661132812,1264.7120361328125,191.3043212890625,,0.0
50,631.5304565429688,281.5115966796875,677.9617309570312,333.6812438964844,,0.0
50,902.2532348632812,123.18843841552734,947.7457885742188,168.64073181152344,,0.0
50,1091.595458984375,56.66831970214844,1137.452392578125,89.59407806396484,,0.0
50,1063.8109130859375,203.7929534912109,1151.726806640625,262.7317810058594,,0.0
50,1369.4588623046875,188.22314453125,1391.9537353515625,247.94471740722656,,0.0
50,317.9849548339844,123.65978240966795,375.7497863769531,167.83860778808594,,0.0
50,1061.6090087890625,96.83053588867188,1086.5281982421875,134.97605895996094,,0.0
50,287.8335266113281,97.04827880859376,306.9659729003906,131.40931701660156,,0.0
50,1195.65478515625,136.57435607910156,1265.5396728515625,191.5258331298828,,0.0
50,1063.8232421875,204.0033721923828,1148.9443359375,263.3770751953125,,0.0
50,1341.4210205078125,41.773536682128906,1388.8013916015625,76.89952087402344,,0.0
50,588.791015625,293.3044738769531,634.1488647460938,348.91619873046875,,0.0
50,311.9010314941406,101.3725814819336,330.9868469238281,133.2906951904297,,0.0
50,922.1926879882812,219.23638916015625,948.004150390625,261.261962890625,,0.0
50,1172.7535400390625,636.0986938476562,1200.5489501953125,691.12646484375,,0.0
50,1371.24267578125,209.71148681640625,1398.1146240234375,252.8232879638672,,0.0
50,1370.09912109375,200.201416015625,1394.233642578125,251.85585021972656,,0.0
50,1346.6065673828125,188.1623077392578,1361.134521484375,234.17361450195312,,0.0
50,420.6489562988281,206.8589324951172,441.3124084472656,246.7942352294922,,0.0
50,1135.7987060546875,79.46458435058594,1201.185302734375,123.11978912353516,,0.0
50,1184.83203125,116.67537689208984,1250.254638671875,160.72280883789062,,0.0
50,392.8385925292969,110.03731536865234,426.644287109375,148.75363159179688,,0.0
50,587.3836669921875,250.24673461914065,630.097900390625,298.54010009765625,,0.0
50,271.3614807128906,83.73693084716797,289.29864501953125,114.42533111572266,,0.0
50,1306.418701171875,190.98419189453125,1347.60009765625,254.11392211914065,,0.0
50,317.9042053222656,124.3563995361328,376.3685607910156,167.09341430664062,,0.0
50,1208.6610107421875,481.7544250488281,1231.372802734375,534.2911987304688,,0.0
50,1300.5865478515625,85.4007797241211,1350.56884765625,127.3695297241211,,0.0
50,1354.7186279296875,1.0966205596923828,1370.163818359375,21.56708526611328,,0.0
50,1238.6949462890625,362.3197937011719,1345.1539306640625,434.82513427734375,,0.0
50,1207.849853515625,481.7275085449219,1236.0771484375,555.4696044921875,,0.0
50,202.1278686523437,77.39513397216797,244.25662231445312,111.6540298461914,,0.0
60,787.29248046875,568.244140625,915.4531860351562,687.4498901367188,,0.0
60,1088.2137451171875,136.86135864257812,1142.0703125,186.3809051513672,,0.0
60,200.61541748046875,162.29933166503906,260.3845520019531,213.88284301757807,,0.0
60,669.1651000976562,599.6229858398438,796.5033569335938,714.1248779296875,,0.0
60,601.856201171875,631.2399291992188,731.5995483398438,719.1517333984375,,0.0
60,854.396484375,363.8263244628906,935.6815795898438,451.7149658203125,,0.0
60,897.1478271484375,187.152587890625,945.4080200195312,236.41146850585932,,0.0
60,998.08056640625,379.6597290039063,1060.7001953125,445.0718688964844,,0.0
60,925.8836059570312,572.7885131835938,1045.1502685546875,683.7901000976562,,0.0
60,427.0549011230469,285.9112548828125,502.1012878417969,354.8902893066406,,0.0
60,1030.9576416015625,129.38064575195312,1058.9388427734375,170.46682739257812,,0.0
60,1174.622802734375,120.57403564453124,1239.3770751953125,170.2402801513672,,0.0
60,911.192138671875,156.70167541503906,944.9937133789062,206.58609008789065,,0.0
60,506.52777099609375,222.2710418701172,552.636962890625,267.3739624023437,,0.0
60,718.8241577148438,300.8267822265625,816.0275268554688,404.23773193359375,,0.0
60,1027.1705322265625,169.81680297851562,1065.0257568359375,222.7612152099609,,0.0
60,908.2542114257812,150.47915649414062,938.230712890625,197.4395294189453,,0.0
60,1037.524658203125,154.02557373046875,1069.6099853515625,198.1011505126953,,0.0
60,419.7915649414063,111.24620056152344,472.9405822753906,152.22479248046875,,0.0
60,1110.954833984375,92.97599792480467,1134.964599609375,129.78778076171875,,0.0
60,869.3524169921875,549.1177978515625,941.5147094726562,626.4867553710938,,0.0
60,666.1857299804688,232.5425720214844,720.6134033203125,277.7058410644531,,0.0
60,1068.9185791015625,71.51901245117188,1106.2781982421875,107.3224639892578,,0.0
60,1247.069091796875,31.120132446289062,1264.6734619140625,60.79719161987305,,0.0
60,1171.4486083984375,145.94577026367188,1240.7012939453125,202.2618103027344,,0.0
60,605.0402221679688,275.6180114746094,648.3945922851562,328.7370300292969,,0.0
60,902.9373168945312,122.52464294433594,947.6089477539062,167.7178497314453,,0.0
60,1091.725341796875,55.60205459594727,1138.016845703125,88.32272338867188,,0.0
60,1030.3541259765625,220.18313598632807,1119.6507568359375,279.9775390625,,0.0
60,1362.2420654296875,189.56651306152344,1382.839599609375,237.45413208007807,,0.0
60,330.3657531738281,129.2758026123047,388.1806945800781,172.78878784179688,,0.0
60,1089.9554443359375,87.26274108886719,1113.20703125,123.23873138427734,,0.0
60,298.21875,100.93881225585938,316.69708251953125,137.43116760253906,,0.0
60,1030.0809326171875,219.55538940429688,1118.90869140625,279.8905639648437,,0.0
60,209.2908477783203,79.630126953125,253.08013916015625,115.5929946899414,,0.0
60,1329.9412841796875,47.14473724365234,1378.322265625,82.9708251953125,,0.0
60,1152.8582763671875,69.68021392822266,1219.5111083984375,113.1926498413086,,0.0
60,574.2337646484375,288.9222412109375,617.7996215820312,342.5054626464844,,0.0
60,326.2147521972656,106.24210357666016,345.8806457519531,137.1293182373047,,0.0
60,1172.4761962890625,636.0269775390625,1200.1910400390625,691.3692626953125,,0.0
60,1378.307373046875,205.34957885742188,1394.5301513671875,250.7025146484375,,0.0
60,1344.2757568359375,188.71241760253903,1362.1517333984375,233.24794006347656,,0.0
60,1152.349853515625,635.1083374023438,1200.1568603515625,691.9027709960938,,0.0
60,1152.606689453125,69.22978210449219,1219.8316650390625,113.4082489013672,,0.0
60,1175.3487548828125,121.36306762695312,1239.7176513671875,169.89181518554688,,0.0
60,392.4429931640625,109.77147674560548,425.7897033691406,148.36416625976562,,0.0
60,549.6172485351562,242.83660888671875,592.3839721679688,290.0285949707031,,0.0
60,281.57989501953125,89.80712890625,298.93768310546875,123.42609405517578,,0.0
60,1306.3814697265625,192.0457000732422,1347.0003662109375,253.4598846435547,,0.0
60,330.376953125,129.33615112304688,388.3331909179688,172.97242736816406,,0.0
60,1190.5675048828125,475.98388671875,1217.6734619140625,548.1793212890625,,0.0
60,1286.5216064453125,93.74282836914062,1338.056640625,137.7683868408203,,0.0
60,1211.3680419921875,348.19305419921875,1324.3221435546875,418.0702819824219,,0.0
60,1191.0914306640625,475.7423095703125,1232.9100341796875,553.7431640625,,0.0
70,787.3126220703125,568.3758544921875,915.523193359375,687.467041015625,,0.0
70,1072.654052734375,141.38125610351562,1128.2684326171875,190.89370727539065,,0.0
70,200.94027709960932,162.36338806152344,260.6156616210937,213.86866760253903,,0.0
70,669.0256958007812,599.627197265625,796.175537109375,714.3693237304688,,0.0
70,601.8704833984375,631.4080200195312,731.5450439453125,719.2666625976562,,0.0
70,816.551025390625,383.136962890625,899.78955078125,474.2461242675781,,0.0
70,870.9979248046875,191.8533477783203,923.2681274414062,238.41485595703125,,0.0
70,989.7483520507812,376.1830139160156,1051.6417236328125,441.4314270019531,,0.0
70,215.64219665527344,84.55525207519531,261.9772644042969,119.53910064697266,,0.0
70,925.8404541015624,572.7501831054688,1045.171142578125,684.3291625976562,,0.0
70,399.5199279785156,281.6458740234375,468.5592346191406,347.39019775390625,,0.0
70,1064.2607421875,117.24441528320312,1089.955322265625,157.03118896484375,,0.0
70,954.522705078125,155.50291442871094,987.2921752929688,199.6156463623047,,0.0
70,690.9678344726562,310.9416198730469,790.4185180664062,419.46875,,0.0
70,1011.2089233398438,174.55726623535156,1051.4521484375,227.0553131103516,,0.0
70,929.8489379882812,141.7334747314453,959.5919799804688,185.0518035888672,,0.0
70,1012.9441528320312,161.2977752685547,1049.2884521484375,201.80291748046875,,0.0
70,419.2220764160156,111.50146484375,473.4214477539063,152.51724243164062,,0.0
70,1212.8270263671875,48.19506072998047,1233.66455078125,74.56153106689453,,0.0
70,1393.037841796875,49.75320816040039,1411.847412109375,82.80662536621094,,0.0
70,1136.7550048828125,84.55623626708984,1161.9383544921875,118.03630828857422,,0.0
70,868.8824462890625,548.5543823242188,941.38671875,626.4710693359375,,0.0
70,1271.1531982421875,103.33221435546876,1325.4248046875,147.5122833251953,,0.0
70,687.8781127929688,234.6308135986328,742.2000122070312,280.6834411621094,,0.0
70,1073.962890625,70.55876922607422,1112.1153564453125,107.2515869140625,,0.0
70,1261.082763671875,26.381072998046875,1278.7880859375,54.668941497802734,,0.0
70,1144.53564453125,156.96116638183594,1216.434326171875,215.33969116210932,,0.0
70,902.7714233398438,123.34954833984376,947.49462890625,168.1184539794922,,0.0
70,517.6473999023438,225.6376037597656,599.7501220703125,282.5854187011719,,0.0
70,1091.8980712890625,55.70932388305664,1137.96337890625,89.21845245361328,,0.0
70,995.1976928710938,232.97401428222656,1087.3985595703125,298.9506530761719,,0.0
70,1357.320556640625,191.85076904296875,1378.8338623046875,242.2406311035156,,0.0
70,340.6544189453125,133.3754119873047,404.8878173828125,179.43771362304688,,0.0
70,1116.6070556640625,76.57801818847656,1138.8482666015625,112.37591552734376,,0.0
70,309.969970703125,107.90939331054688,330.34930419921875,141.55885314941406,,0.0
70,214.43609619140625,84.53500366210938,261.57537841796875,119.59642028808594,,0.0
70,1318.8934326171875,52.4862174987793,1368.2222900390625,90.64193725585938,,0.0
70,339.3534851074219,112.3611831665039,359.1770935058594,142.43826293945312,,0.0
70,845.8387451171875,114.07062530517578,859.2945556640625,149.44854736328125,,0.0
70,1173.9027099609375,635.31884765625,1201.9678955078125,691.9848022460938,,0.0
70,1378.029296875,204.55767822265625,1399.347412109375,249.82379150390625,,0.0
70,1346.5870361328125,190.10516357421875,1360.1048583984375,235.98025512695312,,0.0
70,412.27935791015625,209.26646423339844,431.7070007324219,248.5770721435547,,0.0
70,1147.56982421875,634.7911376953125,1202.2347412109375,693.0677490234375,,0.0
70,1174.0247802734375,61.55183792114258,1236.7637939453125,104.21426391601562,,0.0
70,1163.3681640625,126.31458282470705,1230.0640869140625,169.8281707763672,,0.0
70,392.7399291992188,108.87500762939452,426.1553039550781,148.21658325195312,,0.0
70,930.1602172851562,132.86676025390625,956.97509765625,181.1986846923828,,0.0
70,454.8003234863281,261.2240295410156,502.3431396484375,322.6620483398437,,0.0
70,289.60986328125,96.54903411865234,308.8624267578125,129.9378204345703,,0.0
70,1306.1944580078125,189.3851776123047,1348.2373046875,253.4826202392578,,0.0
70,341.1308898925781,133.95814514160156,403.6855163574219,179.52708435058594,,0.0
70,1270.91943359375,103.17581176757812,1325.181884765625,147.94627380371094,,0.0
70,1397.673583984375,18.188873291015625,1413.926025390625,47.168575286865234,,0.0
70,1170.2962646484375,468.8156127929688,1199.212646484375,542.3630981445312,,0.0
70,1189.1895751953125,337.18115234375,1302.1571044921875,404.7167053222656,,0.0
70,214.67730712890625,84.59649658203125,261.7507629394531,119.30921173095705,,0.0
70,558.7195434570312,271.0830383300781,619.160400390625,337.2210998535156,,0.0
80,787.4321899414062,568.8441162109375,915.6163940429688,687.4839477539062,,0.0
80,1056.9117431640625,144.2392120361328,1113.8399658203125,194.51547241210932,,0.0
80,200.88575744628903,162.03395080566406,260.5304870605469,213.88446044921875,,0.0
80,669.1116333007812,599.3875122070312,796.3153076171875,714.4736938476562,,0.0
80,601.8367309570312,631.2235107421875,731.582763671875,719.2131958007812,,0.0
80,775.9913330078125,403.7848510742188,862.9248046875,498.4786071777344,,0.0
80,842.6580810546875,193.77169799804688,893.02490234375,239.9221343994141,,0.0
80,982.240966796875,374.0209655761719,1044.2889404296875,438.2664794921875,,0.0
80,224.114013671875,89.90117645263672,271.472412109375,126.04000091552734,,0.0
80,925.7760009765624,572.8501586914062,1045.0657958984375,684.331787109375,,0.0
80,1094.821044921875,104.2217788696289,1122.0582275390625,142.88490295410156,,0.0
80,1151.0274658203125,132.20401000976562,1220.0924072265625,181.6771850585937,,0.0
80,994.3106079101562,142.7057342529297,1023.6683349609376,180.38462829589844,,0.0
80,659.133056640625,331.56072998046875,761.89111328125,436.95989990234375,,0.0
80,996.6715698242188,182.2530975341797,1038.6387939453125,230.19956970214844,,0.0
80,951.7405395507812,137.24966430664062,980.1185302734376,177.7067413330078,,0.0
80,988.3977661132812,166.30313110351562,1023.8178100585938,212.3907470703125,,0.0
80,418.9978637695313,111.29777526855467,471.7752685546875,152.2324981689453,,0.0
80,1229.428955078125,41.161563873291016,1249.6126708984375,63.91499328613281,,0.0
80,1382.070556640625,57.010009765625,1399.8665771484375,90.41607666015624,,0.0
80,1158.649169921875,73.1397933959961,1180.0513916015625,106.6781234741211,,0.0
80,869.3446044921875,547.6995239257812,939.0652465820312,626.3970336914062,,0.0
80,1256.2822265625,112.66561126708984,1310.9453125,157.66085815429688,,0.0
80,709.0348510742188,236.35519409179688,764.3595581054688,282.7031555175781,,0.0
80,1380.0244140625,92.88949584960938,1406.201171875,134.3601837158203,,0.0
80,1078.2347412109375,68.30127716064453,1116.8341064453125,105.01422882080078,,0.0
80,1274.5650634765625,21.74144744873047,1292.4727783203125,48.92158126831055,,0.0
80,1116.00048828125,167.96340942382812,1191.097900390625,228.34327697753903,,0.0
80,903.0224609375,123.36328125,947.3641967773438,168.2357635498047,,0.0
80,573.7871704101562,228.0463714599609,635.561279296875,274.7875061035156,,0.0
80,1092.5616455078125,55.55865097045898,1137.4105224609375,87.4132308959961,,0.0
80,957.476806640625,249.8803253173828,1051.7513427734375,317.9905700683594,,0.0
80,1355.2984619140625,194.030029296875,1373.5103759765625,244.4028778076172,,0.0
80,353.5710754394531,140.8038330078125,417.98681640625,185.3659820556641,,0.0
80,321.9736328125,111.12747192382812,345.4591979980469,146.22622680664062,,0.0
80,223.55499267578125,89.37542724609375,271.7132568359375,126.92871856689452,,0.0
80,1306.934814453125,59.89492416381836,1357.69287109375,98.3298797607422,,0.0
80,353.475341796875,117.45980834960938,373.7413024902344,145.74888610839844,,0.0
80,844.63720703125,113.54164123535156,859.2560424804688,148.250732421875,,0.0
80,1173.4517822265625,635.67529296875,1203.0184326171875,691.9534912109375,,0.0
80,1378.87841796875,202.88658142089844,1396.09765625,249.58351135253903,,0.0
80,1345.5186767578125,189.49952697753903,1358.1995849609375,233.5293731689453,,0.0
80,1147.79736328125,634.7869873046875,1203.5640869140625,693.00048828125,,0.0
80,1143.4925537109375,91.2558135986328,1164.2235107421875,135.7008514404297,,0.0
80,1191.608154296875,54.47013854980469,1252.977294921875,95.6290054321289,,0.0
80,392.51165771484375,108.6180648803711,425.7457580566406,147.85195922851562,,0.0
80,1032.273681640625,153.48570251464844,1049.644287109375,187.13250732421875,,0.0
80,423.7608337402344,265.3668212890625,473.5536804199219,318.28399658203125,,0.0
80,297.8829040527344,102.10086822509766,317.1628112792969,137.3197479248047,,0.0
80,1306.2203369140625,187.74668884277344,1347.8463134765625,253.3700561523437,,0.0
80,353.4581604003906,140.45550537109375,417.9863586425781,185.62014770507807,,0.0
80,1256.3875732421875,111.81401824951172,1310.9505615234375,158.5723419189453,,0.0
80,1382.8448486328125,25.34383201599121,1400.469970703125,54.17549133300781,,0.0
80,1155.628173828125,461.83197021484375,1182.0543212890625,535.5732421875,,0.0
80,1171.2298583984375,326.8255615234375,1280.3768310546875,392.8434753417969,,0.0
80,223.64596557617188,89.25050354003906,272.0624084472656,126.47306060791016,,0.0
80,542.400146484375,265.0841979980469,593.4641723632812,331.5055847167969,,0.0
80,893.681396484375,222.8380126953125,912.9342041015624,260.19512939453125,,0.0
80,957.3063354492188,249.88253784179688,1051.783935546875,318.69891357421875,,0.0
90,787.357421875,567.8441772460938,915.4767456054688,687.3528442382812,,0.0
90,1039.972412109375,147.79656982421875,1098.37109375,198.381591796875,,0.0
90,201.3230438232422,162.19882202148438,260.5268859863281,213.9043731689453,,0.0
90,669.05029296875,599.7255859375,796.258544921875,714.220947265625,,0.0
90,600.1823120117188,630.9093627929688,733.98681640625,720.0,,0.0
90,732.9550170898438,425.9477844238281,823.8327026367188,523.4371337890625,,0.0
90,811.4734497070312,194.92958068847656,864.4912109375,241.5802764892578,,0.0
90,973.4275512695312,372.4011840820313,1035.005615234375,435.9738159179688,,0.0
90,232.1060943603516,93.6115264892578,281.1163330078125,130.14476013183594,,0.0
90,925.840576171875,572.7329711914062,1045.31689453125,683.9086303710938,,0.0
90,326.3028564453125,266.7832946777344,400.0752868652344,335.46417236328125,,0.0
90,1124.0106201171875,92.38011932373048,1148.1634521484375,130.43348693847656,,0.0
90,1138.030029296875,139.83909606933594,1207.202392578125,189.5765686035156,,0.0
90,1028.5618896484375,130.27413940429688,1058.30615234375,182.36148071289065,,0.0
90,623.6402587890625,354.98992919921875,730.1630859375,454.5822143554688,,0.0
90,982.0179443359376,186.74838256835932,1023.5532836914062,234.4932861328125,,0.0
90,971.9412231445312,130.3341522216797,999.47998046875,168.58798217773438,,0.0
90,964.0073852539062,170.25526428222656,1003.8772583007812,216.72903442382807,,0.0
90,419.24896240234375,112.27882385253906,472.1705627441406,152.13778686523438,,0.0
90,1247.4351806640625,35.21001434326172,1266.7744140625,59.24457550048828,,0.0
90,1370.4864501953125,66.25022888183594,1390.23193359375,99.51770782470705,,0.0
90,1179.8912353515625,62.06094741821289,1203.3599853515625,97.11042022705078,,0.0
90,867.7572631835938,547.4903564453125,938.9468383789062,626.5328979492188,,0.0
90,1239.71240234375,121.7495346069336,1297.4339599609375,168.48220825195312,,0.0
90,727.9908447265625,239.5153350830078,781.4378051757812,286.2881774902344,,0.0
90,1373.200927734375,101.94680786132812,1395.3975830078125,142.17813110351562,,0.0
90,1080.9176025390625,67.3322982788086,1119.595947265625,104.60601806640624,,0.0
90,1287.8621826171875,15.105643272399902,1305.0814208984375,42.6215934753418,,0.0
90,1086.0347900390625,180.69564819335932,1167.5714111328125,243.9126892089844,,0.0
90,524.7271118164062,261.0409545898437,569.0054931640625,325.8651733398437,,0.0
90,903.0006103515624,123.26568603515624,947.2626953125,168.50772094726562,,0.0
90,610.8809814453125,232.5632476806641,669.443115234375,280.01715087890625,,0.0
90,1091.8931884765625,56.03321838378906,1137.7623291015625,87.0003890991211,,0.0
90,917.396240234375,268.7779235839844,1015.2444458007812,338.3399658203125,,0.0
90,1352.9468994140625,197.2751922607422,1373.4837646484375,250.0805206298828,,0.0
90,367.1107482910156,145.53968811035156,432.2114562988281,191.475830078125,,0.0
90,1163.29296875,57.231178283691406,1182.98779296875,90.62320709228516,,0.0
90,337.6895751953125,116.00489807128906,360.5162658691406,150.9764404296875,,0.0
90,231.65069580078125,93.48157501220705,281.4906921386719,130.67369079589844,,0.0
90,1295.074462890625,67.5293197631836,1346.5899658203125,106.26374816894533,,0.0
90,367.3616638183594,123.96764373779295,388.1989135742188,154.2148895263672,,0.0
90,844.3450927734375,115.50983428955078,859.3597412109375,149.06747436523438,,0.0
90,1168.8873291015625,635.5339965820312,1203.6397705078125,691.8135986328125,,0.0
90,1376.4520263671875,202.6993865966797,1392.96630859375,249.75787353515625,,0.0
90,403.8616027832031,213.37364196777344,423.0760192871094,252.6230926513672,,0.0
90,1151.6534423828125,634.9212036132812,1203.9654541015625,692.4573364257812,,0.0
90,1209.519287109375,48.86637496948242,1268.661376953125,88.06523132324219,,0.0
90,1138.0682373046875,139.7089080810547,1208.0645751953125,189.76153564453125,,0.0
90,393.3469848632813,109.51384735107422,426.4242248535156,147.70957946777344,,0.0
90,467.3660888671875,218.611068725586,499.0209045410156,266.8935852050781,,0.0
90,393.9791870117188,263.4786071777344,443.1336975097656,316.6512756347656,,0.0
90,305.9193420410156,107.60768127441406,325.9173278808594,144.7992401123047,,0.0
90,1306.0870361328125,187.08132934570312,1349.08203125,253.5443420410156,,0.0
90,367.6893310546875,145.7308349609375,431.836669921875,191.55206298828125,,0.0
90,1239.2891845703125,121.62273406982422,1297.148681640625,168.37481689453125,,0.0
90,1367.812744140625,32.867393493652344,1385.210205078125,62.34762954711914,,0.0
90,1134.2979736328125,457.1347351074219,1164.196044921875,527.1566162109375,,0.0
90,1157.2432861328125,318.9327392578125,1262.380615234375,383.9775695800781,,0.0
90,1155.0230712890625,485.7418518066406,1181.7957763671875,533.3602294921875,,0.0
90,231.84402465820312,92.93694305419922,280.80877685546875,130.6055908203125,,0.0
90,882.2208862304688,221.6352081298828,901.6068725585938,259.7102355957031,,0.0
90,450.8860473632813,268.5370483398437,471.8423767089844,310.7930603027344,,0.0
90,1177.8592529296875,645.5853271484375,1203.58935546875,691.98974609375,,0.0
100,787.3123168945312,567.8021240234375,915.623779296875,687.3065185546875,,0.0
100,1019.7628784179688,151.55433654785156,1081.177001953125,202.0708770751953,,0.0
100,201.5283966064453,162.13645935058594,260.5000305175781,213.43231201171875,,0.0
100,669.4089965820312,599.3053588867188,796.7088012695312,714.2208251953125,,0.0
100,600.2724609375,630.8621826171875,734.3154296875,720.0,,0.0
100,685.250244140625,448.9962768554688,781.3214111328125,552.1549682617188,,0.0
100,779.0552978515625,196.82452392578125,833.0167846679688,241.93087768554688,,0.0
100,962.8707275390624,369.3023681640625,1026.4676513671875,431.8397521972656,,0.0
100,925.7679443359376,572.9166259765625,1045.0538330078125,683.9205322265625,,0.0
100,296.9825439453125,262.0826416015625,368.0433654785156,325.32977294921875,,0.0
100,1122.782958984375,146.64163208007812,1194.484619140625,197.6437530517578,,0.0
100,1066.7872314453125,118.2836685180664,1094.5897216796875,156.5634765625,,0.0
100,587.3124389648438,358.4524230957031,697.671630859375,474.1492919921875,,0.0
100,964.7066650390624,193.9540863037109,1006.86669921875,237.2110748291016,,0.0
100,992.2987060546876,123.24624633789062,1018.409423828125,160.84085083007812,,0.0
100,939.4293212890624,173.58367919921875,982.7096557617188,219.9333953857422,,0.0
100,417.33538818359375,111.69884490966795,472.4869079589844,151.6764678955078,,0.0
100,1263.7176513671875,28.693225860595703,1282.63916015625,52.38518524169922,,0.0
100,1359.1998291015625,73.70948028564453,1378.3551025390625,108.08544921875,,0.0
100,1186.96484375,53.5496711730957,1216.9005126953125,87.39784240722656,,0.0
100,868.0442504882812,547.495361328125,938.34228515625,626.3447265625,,0.0
100,1222.208984375,131.1907958984375,1281.6168212890625,179.9364013671875,,0.0
100,744.8049926757812,241.9833374023437,800.546875,289.01123046875,,0.0
100,1364.3348388671875,110.70588684082033,1387.764404296875,152.0843505859375,,0.0
100,1083.5030517578125,66.8087158203125,1122.2933349609375,103.3588409423828,,0.0
100,1300.755859375,10.469696044921877,1317.8316650390625,37.43947982788086,,0.0
100,1054.9912109375,193.6718292236328,1134.5665283203125,259.1083984375,,0.0
100,507.7459716796875,256.88824462890625,554.0166625976562,320.50128173828125,,0.0
100,902.74853515625,123.26641082763672,947.3899536132812,168.2848358154297,,0.0
100,642.9862060546875,236.29037475585932,700.6000366210938,285.17156982421875,,0.0
100,874.1195068359375,287.9032592773437,976.8451538085938,359.19390869140625,,0.0
100,1352.871337890625,198.94981384277344,1370.3170166015625,249.7035522460937,,0.0
100,380.8049621582031,150.26980590820312,448.2054138183594,197.84136962890625,,0.0
100,351.5902709960937,120.4925308227539,373.80218505859375,157.5349578857422,,0.0
100,241.62730407714844,98.45672607421876,291.93798828125,136.6570587158203,,0.0
100,1281.602783203125,73.75948333740234,1335.947265625,113.6577377319336,,0.0
100,1173.072998046875,635.2645874023438,1203.3533935546875,691.6685180664062,,0.0
100,1377.7008056640625,201.52023315429688,1392.728271484375,250.13504028320312,,0.0
100,1227.195068359375,40.951690673828125,1284.244384765625,80.05143737792969,,0.0
100,392.12249755859375,108.6297607421875,428.4178161621094,148.51158142089844,,0.0
100,445.4009094238281,210.93394470214844,474.697021484375,256.13592529296875,,0.0
100,361.2779235839844,255.9937286376953,413.9961242675781,314.5326843261719,,0.0
100,314.11590576171875,114.56588745117188,335.0543212890625,151.69692993164062,,0.0
100,1306.1656494140625,187.95367431640625,1349.485595703125,253.53030395507807,,0.0
100,381.0481262207031,150.53956604003906,447.9815673828125,197.5958404541016,,0.0
100,1222.524658203125,131.56752014160156,1281.7908935546875,179.5411834716797,,0.0
100,1352.9024658203125,39.0433349609375,1371.10498046875,69.55558013916016,,0.0
100,1117.4794921875,450.9356689453125,1146.2799072265625,520.0657348632812,,0.0
100,1145.364013671875,311.45416259765625,1248.1636962890625,375.7969665527344,,0.0
100,241.6075897216797,98.38329315185548,292.0241394042969,136.4282989501953,,0.0
100,439.23583984375,270.9317321777344,459.1639709472656,311.5460510253906,,0.0
100,874.6738891601562,221.530029296875,890.982177734375,259.2496032714844,,0.0
100,1271.0533447265625,0.4069459438323974,1285.7342529296875,18.619178771972656,,0.0
110,787.5744018554688,568.4228515625,915.5643310546876,687.2589111328125,,0.0
110,1000.8623657226562,155.29544067382812,1062.5250244140625,205.82537841796875,,0.0
110,201.1618194580078,162.34027099609375,260.3231506347656,213.92062377929688,,0.0
110,669.4678955078125,599.1314086914062,796.5025024414062,714.13330078125,,0.0
110,600.5265502929688,630.7469482421875,734.2962646484375,720.0,,0.0
110,635.8746337890625,474.5251770019531,734.9453735351562,582.4708251953125,,0.0
110,746.41357421875,198.0659637451172,800.9149169921875,242.7353515625,,0.0
110,949.54833984375,366.3367004394531,1015.2606201171876,428.5771484375,,0.0
110,925.8512573242188,572.9321899414062,1045.0177001953125,683.379638671875,,0.0
110,265.2674560546875,256.7198486328125,336.4810485839844,319.7007751464844,,0.0
110,1105.8114013671875,153.95631408691406,1179.9578857421875,206.4478912353516,,0.0
110,1098.74267578125,106.61331939697266,1124.94775390625,145.62176513671875,,0.0
110,544.9619750976562,380.25244140625,660.0289916992188,495.9233703613281,,0.0
110,945.9873046875,197.13221740722656,990.3179321289062,241.71267700195312,,0.0
110,1010.9034423828124,115.3624496459961,1038.010986328125,154.4447479248047,,0.0
110,911.9839477539062,177.75323486328125,957.99560546875,224.0438690185547,,0.0
110,417.9540100097656,111.9105453491211,472.9911804199219,151.75640869140625,,0.0
110,1279.72265625,23.079328536987305,1298.470703125,45.29372024536133,,0.0
110,1345.8883056640625,81.48422241210938,1366.426025390625,116.69559478759766,,0.0
110,1206.511474609375,42.18508529663086,1227.77978515625,74.74909973144531,,0.0
110,868.08349609375,547.287109375,937.626953125,626.156005859375,,0.0
110,1204.3304443359375,142.4409942626953,1266.6170654296875,192.03868103027344,,0.0
110,760.5105590820312,244.48464965820312,815.7855224609375,291.6002502441406,,0.0
110,1352.2982177734375,119.05927276611328,1377.1920166015625,161.19947814941406,,0.0
110,1084.9078369140625,65.72249603271484,1123.1656494140625,102.8979034423828,,0.0
110,1314.0577392578125,6.047399044036865,1329.8109130859375,30.91882705688477,,0.0
110,1020.7446899414062,208.0612945556641,1102.611572265625,276.6860046386719,,0.0
110,468.8128662109375,252.19566345214844,505.8172607421875,299.0336608886719,,0.0
110,902.6361694335938,123.27392578125,947.5250854492188,168.25074768066406,,0.0
110,673.2357788085938,240.36265563964844,731.0604858398438,289.1836242675781,,0.0
110,828.3781127929688,308.05291748046875,937.0748901367188,387.182373046875,,0.0
110,1352.0428466796875,200.2089233398437,1375.33203125,252.3424072265625,,0.0
110,393.9656677246094,156.44253540039062,463.60357666015625,203.47415161132807,,0.0
110,364.0016174316406,125.3011474609375,385.4612731933594,162.047119140625,,0.0
110,251.5790863037109,102.80292510986328,303.17462158203125,142.1392822265625,,0.0
110,1349.669189453125,195.7978363037109,1370.6197509765625,252.5194549560547,,0.0
110,1268.2796630859375,81.61873626708984,1325.0252685546875,121.74465942382812,,0.0
110,1143.561279296875,89.04945373535156,1164.5594482421875,135.91156005859375,,0.0
110,398.7935180664063,135.6256866455078,420.2133483886719,162.4794158935547,,0.0
110,1174.1712646484375,635.1148071289062,1203.364990234375,691.5665283203125,,0.0
110,1376.942626953125,201.08660888671875,1392.906005859375,249.23182678222656,,0.0
110,1243.8597412109375,34.305503845214844,1299.478271484375,72.53775787353516,,0.0
110,393.0462951660156,109.96975708007812,425.3922729492188,144.92080688476562,,0.0
110,421.4017028808594,202.3106384277344,451.1831970214844,245.8221435546875,,0.0
110,340.022705078125,248.78009033203125,388.4634094238281,308.41412353515625,,0.0
110,323.7780456542969,120.60043334960938,345.94561767578125,158.5966033935547,,0.0
110,1306.3564453125,186.8563232421875,1349.3538818359375,253.6522521972656,,0.0
110,394.5341796875,155.32736206054688,464.1869812011719,203.0465850830078,,0.0
110,1204.476318359375,142.10887145996094,1265.783203125,191.7124481201172,,0.0
110,1336.783935546875,46.82963180541992,1354.9512939453125,77.79769134521484,,0.0
110,1173.260498046875,71.80814361572266,1195.54443359375,106.87015533447266,,0.0
110,1100.9228515625,444.3464660644531,1128.323974609375,519.22509765625,,0.0
110,1135.5714111328125,306.28973388671875,1236.9871826171875,368.7654724121094,,0.0
110,251.94862365722656,103.0269012451172,303.3113098144531,141.80197143554688,,0.0
110,861.8848876953125,222.329818725586,881.3711547851562,260.62969970703125,,0.0
110,1213.8341064453125,45.05869674682617,1234.08154296875,78.64730834960938,,0.0
110,1208.296142578125,43.503021240234375,1232.73681640625,77.13334655761719,,0.0
110,1402.493896484375,14.40539264678955,1432.728271484375,41.71937942504883,,0.0
120,787.53125,569.2894897460938,915.464599609375,687.2986450195312,,0.0
120,976.946533203125,159.72830200195312,1041.460205078125,210.2384185791016,,0.0
120,200.85757446289065,162.5884246826172,260.5424194335937,213.77029418945312,,0.0
120,669.7828369140625,598.9685668945312,796.58935546875,714.0344848632812,,0.0
120,600.6674194335938,631.015625,734.0396118164062,720.0,,0.0
120,580.658935546875,503.64837646484375,685.0830078125,616.4100341796875,,0.0
120,714.8910522460938,200.1667022705078,765.498046875,243.64051818847656,,0.0
120,939.5150756835938,364.3407287597656,1005.5499267578124,426.2682189941406,,0.0
120,925.7510986328124,572.6800537109375,1044.877685546875,683.7366333007812,,0.0
120,237.0380706787109,250.4210968017578,307.0050048828125,313.2400207519531,,0.0
120,1259.8223876953125,29.52322006225586,1314.096923828125,65.3080825805664,,0.0
120,1088.0931396484375,163.72879028320312,1163.076416015625,216.18907165527344,,0.0
120,1128.813720703125,89.77180480957031,1163.6895751953125,133.695068359375,,0.0
120,499.07421875,394.0262451171875,620.7962036132812,519.6502075195312,,0.0
120,926.0938110351562,201.810546875,970.6109008789062,245.69688415527344,,0.0
120,1030.1832275390625,108.6431121826172,1056.1634521484375,146.0186767578125,,0.0
120,884.1256713867188,181.534408569336,928.3050537109376,227.084213256836,,0.0
120,1296.045654296875,15.44484806060791,1312.869384765625,37.81085968017578,,0.0
120,1333.2186279296875,88.71732330322266,1354.48876953125,126.03572845458984,,0.0
120,1254.8836669921875,88.12287902832031,1312.5716552734375,130.22100830078125,,0.0
120,869.0342407226562,548.3042602539062,938.0924682617188,626.5036010742188,,0.0
120,1184.00048828125,152.89730834960938,1247.3519287109375,204.71408081054688,,0.0
120,774.4174194335938,246.0700836181641,828.0347900390625,295.253662109375,,0.0
120,1337.624755859375,127.59719848632812,1363.6611328125,171.29641723632812,,0.0
120,1085.770263671875,62.89006805419922,1123.741455078125,103.03022003173828,,0.0
120,1325.7305908203125,1.6016149520874023,1341.14501953125,25.21164321899414,,0.0
120,986.1109619140624,223.4432983398437,1070.664794921875,294.48309326171875,,0.0
120,441.0204162597656,250.67550659179688,490.8941650390625,298.3747863769531,,0.0
120,902.700927734375,123.40001678466795,947.3291015625,168.3039093017578,,0.0
120,697.7069091796875,244.1272735595703,755.635986328125,293.2353820800781,,0.0
120,779.383056640625,332.2393493652344,889.91162109375,414.8644714355469,,0.0
120,1350.276123046875,206.21017456054688,1370.0045166015625,254.6482086181641,,0.0
120,376.8172912597656,130.43215942382812,398.7330322265625,168.43577575683594,,0.0
120,260.90069580078125,109.0520477294922,314.1879577636719,148.18995666503906,,0.0
120,1345.957275390625,190.18167114257807,1359.1170654296875,217.2102508544922,,0.0
120,1255.1129150390625,88.78263092041016,1312.48193359375,130.55311584472656,,0.0
120,413.3800354003906,140.21617126464844,438.5970153808594,168.34112548828125,,0.0
120,1172.004638671875,635.45849609375,1203.5164794921875,691.4210205078125,,0.0
120,1376.972900390625,200.76075744628903,1391.75927734375,241.88563537597656,,0.0
120,1344.7144775390625,189.9096069335937,1358.549072265625,235.86264038085932,,0.0
120,1259.093017578125,29.131107330322266,1313.51220703125,65.47470092773438,,0.0
120,392.9974365234375,110.60589599609376,425.4098510742188,147.5117950439453,,0.0
120,393.82427978515625,193.4331512451172,425.4745178222656,238.07052612304688,,0.0
120,313.4033203125,252.9994964599609,359.3153991699219,304.0893249511719,,0.0
120,336.8857421875,126.70398712158205,359.05035400390625,166.55197143554688,,0.0
120,1306.3021240234375,186.62521362304688,1346.400390625,253.6708068847656,,0.0
120,407.5650024414063,162.9263916015625,477.2706604003906,211.45574951171875,,0.0
120,1184.193359375,154.2080535888672,1247.3958740234375,204.33908081054688,,0.0
120,1320.4595947265625,52.49007034301758,1339.3701171875,85.48758697509766,,0.0
120,361.7168884277344,245.6874389648437,376.8198852539063,279.17340087890625,,0.0
120,1191.34619140625,55.01325607299805,1213.905517578125,94.9359130859375,,0.0
120,1086.777587890625,439.9426879882813,1111.4315185546875,504.6719970703125,,0.0
120,1128.2247314453125,300.23638916015625,1228.3134765625,362.2359008789063,,0.0
120,261.3338928222656,108.42070770263672,314.2188720703125,148.17564392089844,,0.0
120,412.510498046875,272.4968566894531,436.2814025878906,313.289794921875,,0.0
120,852.0946655273438,222.0106506347656,869.5245971679688,260.5937194824219,,0.0
120,1229.4542236328125,35.83771514892578,1251.063720703125,70.13890075683594,,0.0
120,1390.9874267578125,16.089099884033203,1427.8978271484375,48.862186431884766,,0.0
120,1390.86572265625,15.714707374572754,1428.4786376953125,48.96171569824219,,0.0
120,1263.898193359375,0.6351733207702637,1279.58447265625,20.53363800048828,,0.0
130,787.32421875,568.6163940429688,915.7077026367188,687.3070678710938,,0.0
130,951.1648559570312,160.714599609375,1017.454345703125,214.0349884033203,,0.0
130,200.8885803222656,162.7390594482422,260.42828369140625,213.74026489257807,,0.0
130,669.568603515625,599.336669921875,796.6166381835938,714.0475463867188,,0.0
130,600.5106811523438,631.3004760742188,733.482177734375,720.0,,0.0
130,519.544189453125,534.8941040039062,631.245849609375,653.5563354492188,,0.0
130,682.6926879882812,202.209701538086,734.9423217773438,245.9321136474609,,0.0
130,928.9912109375,363.4986877441406,997.7357177734376,424.73052978515625,,0.0
130,925.7848510742188,572.7908935546875,1045.1614990234375,683.5894775390625,,0.0
130,205.3182373046875,247.7834930419922,277.5919189453125,308.652099609375,,0.0
130,1275.53759765625,22.90595054626465,1328.2489013671875,58.0143928527832,,0.0
130,1067.5594482421875,171.1804962158203,1145.179931640625,226.7540740966797,,0.0
130,1148.27197265625,84.53759765625,1179.3616943359375,120.8849105834961,,0.0
130,448.1178283691406,411.5333557128906,583.6090087890625,546.1487426757812,,0.0
130,904.495361328125,205.57579040527344,954.3287353515624,249.1082305908203,,0.0
130,1048.4320068359375,102.77173614501952,1074.5784912109375,139.31381225585938,,0.0
130,857.559814453125,185.4093780517578,902.3577880859376,230.48898315429688,,0.0
130,1311.17333984375,9.140600204467772,1327.7791748046875,31.93757057189941,,0.0
130,1319.785400390625,98.0632781982422,1340.571533203125,134.96099853515625,,0.0
130,869.2393188476562,548.6511840820312,938.5142211914062,626.3060913085938,,0.0
130,1161.1202392578125,165.3502960205078,1227.8167724609375,218.5673065185547,,0.0
130,788.72314453125,248.49411010742188,845.2633666992188,297.6949157714844,,0.0
130,1321.4080810546875,137.03700256347656,1347.6007080078125,180.8231658935547,,0.0
130,1086.48388671875,61.26388549804688,1124.393798828125,102.8630828857422,,0.0
130,1336.746826171875,0.2029299736022949,1352.2265625,20.21647453308105,,0.0
130,946.7566528320312,240.9190673828125,1035.7840576171875,314.19207763671875,,0.0
130,409.6711730957031,248.8799285888672,458.41644287109375,297.5646057128906,,0.0
130,903.0282592773438,123.29341888427734,947.3388671875,168.25938415527344,,0.0
130,717.7840576171875,246.8218994140625,775.598388671875,297.7523803710937,,0.0
130,1047.48046875,59.848907470703125,1069.854736328125,92.31745910644533,,0.0
130,725.6475830078125,359.05426025390625,842.6690673828125,447.4974060058594,,0.0
130,1352.4305419921875,207.06423950195312,1372.3719482421875,255.85433959960932,,0.0
130,422.1881103515625,168.0135498046875,494.0249633789063,218.5360870361328,,0.0
130,1379.503173828125,21.90876007080078,1421.446533203125,55.72394180297852,,0.0
130,390.1171569824219,135.86807250976562,413.6664123535156,173.0988311767578,,0.0
130,270.5641174316406,113.29727172851562,325.6800537109375,154.66209411621094,,0.0
130,1239.508544921875,94.94224548339844,1299.30224609375,139.66928100585938,,0.0
130,469.41748046875,255.91583251953125,506.70416259765625,308.2276916503906,,0.0
130,431.8757934570313,144.58900451660156,456.44427490234375,172.18795776367188,,0.0
130,1171.584228515625,635.6619873046875,1203.35546875,691.5448608398438,,0.0
130,1374.511962890625,201.2185211181641,1389.4417724609375,244.26837158203125,,0.0
130,1154.5953369140625,634.9413452148438,1203.7213134765625,692.2393188476562,,0.0
130,1274.98681640625,23.13528060913086,1328.4820556640625,58.14019012451172,,0.0
130,392.6392211914063,111.16039276123048,425.1029052734375,146.91192626953125,,0.0
130,373.1960144042969,186.5818634033203,391.6692199707031,219.40133666992188,,0.0
130,287.11553955078125,250.96633911132807,330.99560546875,300.19903564453125,,0.0
130,351.270263671875,135.2366180419922,374.6827392578125,174.48748779296875,,0.0
130,1306.16748046875,187.43136596679688,1348.21728515625,253.6933441162109,,0.0
130,421.8240966796875,168.1594696044922,493.4394836425781,218.77427673339844,,0.0
130,1160.5908203125,165.1951141357422,1227.76123046875,218.2677459716797,,0.0
130,1304.0166015625,59.4776725769043,1323.2713623046875,93.765869140625,,0.0
130,364.3519592285156,242.53530883789065,384.8426818847656,283.45977783203125,,0.0
130,1213.8646240234375,52.53069686889648,1234.2039794921875,86.19532775878906,,0.0
130,1069.6082763671875,435.4410095214844,1094.7901611328125,499.8016662597656,,0.0
130,1121.3912353515625,295.6594543457031,1216.27587890625,356.9429016113281,,0.0
130,1067.6951904296875,441.9346618652344,1116.0035400390625,504.8750305175781,,0.0
130,270.2765197753906,112.83162689208984,326.1099853515625,154.12132263183594,,0.0
130,1247.8411865234375,28.642333984375,1268.9620361328125,61.83666610717773,,0.0
130,1259.8935546875,0.9745091199874878,1273.7613525390625,19.746644973754883,,0.0
140,787.5681762695312,568.8319091796875,915.6596069335938,687.2492065429688,,0.0
140,924.1934204101562,167.75604248046875,992.174072265625,217.9651641845703,,0.0
140,200.96278381347656,162.8875274658203,260.4165954589844,213.70867919921875,,0.0
140,669.7039794921875,599.1273803710938,796.7535400390625,714.162109375,,0.0
140,600.58740234375,631.1201171875,733.1693115234375,720.0,,0.0
140,453.7507629394531,569.7242431640625,571.10009765625,695.4278564453125,,0.0
140,655.8931884765625,203.0660858154297,708.0936279296875,246.9751892089844,,0.0
140,918.029296875,361.9698791503906,989.6513061523438,422.6182861328125,,0.0
140,925.8319091796876,572.7045288085938,1045.1522216796875,683.576904296875,,0.0
140,175.01556396484375,244.7626800537109,246.8236083984375,301.9532470703125,,0.0
140,1046.0238037109375,181.54933166503903,1126.4715576171875,238.41110229492188,,0.0
140,1182.1021728515625,71.9602279663086,1204.9654541015625,108.9322738647461,,0.0
140,391.4903259277344,434.1609191894531,527.5454711914062,575.2933959960938,,0.0
140,884.4906616210938,207.61729431152344,933.5746459960938,252.211181640625,,0.0
140,1066.12353515625,95.79907989501952,1092.603271484375,132.34918212890625,,0.0
140,832.92919921875,188.1791229248047,877.3637084960938,231.6600341796875,,0.0
140,1326.5533447265625,2.868528366088867,1341.849365234375,23.74137687683105,,0.0
140,1305.252685546875,106.88751983642578,1327.1392822265625,144.61380004882812,,0.0
140,1225.137939453125,104.3777084350586,1285.861328125,148.2005615234375,,0.0
140,869.2534790039062,549.10498046875,939.7095336914062,626.4749755859375,,0.0
140,1136.639892578125,177.3428192138672,1205.3687744140625,232.22540283203125,,0.0
140,802.6904296875,250.8368225097656,856.0830688476562,299.70166015625,,0.0
140,1304.0277099609375,145.71856689453125,1331.599365234375,190.1757354736328,,0.0
140,1086.7591552734375,63.11861038208008,1124.3626708984375,102.78768157958984,,0.0
140,1349.09716796875,0.084998607635498,1363.0030517578125,15.581321716308594,,0.0
140,905.2146606445312,257.27313232421875,999.11572265625,333.95770263671875,,0.0
140,388.3364868164063,247.7261199951172,427.02972412109375,298.1528625488281,,0.0
140,903.0960083007812,123.12862396240234,947.3385620117188,167.88658142089844,,0.0
140,735.6238403320312,249.53097534179688,792.290283203125,301.3597412109375,,0.0
140,664.435546875,389.0330810546875,789.1360473632812,484.6642761230469,,0.0
140,1354.536376953125,210.05401611328125,1376.6170654296875,263.56787109375,,0.0
140,435.19622802734375,172.998291015625,515.2174072265625,226.6569366455078,,0.0
140,1366.993408203125,26.853025436401367,1413.41796875,63.0396842956543,,0.0
140,404.2397155761719,140.09103393554688,428.3533325195313,179.3557891845703,,0.0
140,282.0977478027344,119.01612854003906,336.1318054199219,160.86245727539062,,0.0
140,1224.7337646484375,104.517822265625,1286.056396484375,148.3297576904297,,0.0
140,1143.5623779296875,88.84086608886719,1164.56884765625,136.464111328125,,0.0
140,457.5157775878906,254.591552734375,500.2612915039063,304.4973449707031,,0.0
140,451.5224304199219,153.53240966796875,478.15283203125,179.45343017578125,,0.0
140,1168.656005859375,636.1394653320312,1203.681884765625,691.5567626953125,,0.0
140,1374.1103515625,201.22317504882807,1389.0133056640625,238.85073852539065,,0.0
140,1343.7457275390625,192.1982879638672,1361.1273193359375,234.29248046875,,0.0
140,1153.7718505859375,634.9677734375,1203.7930908203125,691.83056640625,,0.0
140,1290.5638427734375,18.243932723999023,1342.9271240234375,52.0478401184082,,0.0
140,393.0348510742188,109.92671966552734,425.06732177734375,144.88189697265625,,0.0
140,346.851806640625,175.6724090576172,372.5379943847656,217.75523376464844,,0.0
140,260.2607421875,245.59815979003903,302.8048095703125,295.5277404785156,,0.0
140,366.2886047363281,142.6154327392578,389.48577880859375,182.23220825195312,,0.0
140,1306.405517578125,188.35289001464844,1349.2982177734375,253.4875030517578,,0.0
140,435.0011901855469,174.25559997558594,505.6134338378906,227.3057556152344,,0.0
140,1136.6529541015625,176.9390106201172,1205.6116943359375,232.33062744140625,,0.0
140,1287.8048095703125,67.63727569580078,1308.1246337890625,102.3033676147461,,0.0
140,364.4744873046875,222.0348663330078,390.59906005859375,276.26300048828125,,0.0
140,1233.20849609375,44.82393264770508,1252.918212890625,76.23736572265625,,0.0
140,1055.5931396484375,427.9046630859375,1082.3076171875,499.8135986328125,,0.0
140,1115.064697265625,290.5731506347656,1208.18115234375,351.9070739746094,,0.0
140,281.6596984863281,119.02970886230467,336.36846923828125,160.48297119140625,,0.0
140,829.2947387695312,222.120361328125,850.9835815429688,263.1776733398437,,0.0
140,1266.829345703125,19.999845504760746,1286.0753173828125,53.00224304199219,,0.0
140,1178.15185546875,638.7161865234375,1203.4471435546875,691.906982421875,,0.0
140,1257.192626953125,0.4776895046234131,1270.3236083984375,19.50205612182617,,0.0
140,1381.8975830078125,67.60726928710938,1402.177734375,102.14290618896484,,0.0
140,1367.5048828125,27.00103759765625,1413.3416748046875,63.11650085449219,,0.0
140,987.746826171875,155.2739715576172,1002.4569091796876,191.14784240722656,,0.0
150,787.652099609375,568.28076171875,915.7923583984376,687.29443359375,,0.0
150,895.4093627929688,171.79156494140625,963.2444458007812,220.43582153320312,,0.0
150,201.1420440673828,162.94810485839844,260.104736328125,213.53579711914065,,0.0
150,669.8028564453125,599.20556640625,796.556396484375,713.8906860351562,,0.0
150,600.3766479492188,630.91064453125,734.447998046875,720.0,,0.0
150,379.4543151855469,609.489501953125,505.2039794921875,719.2713012695312,,0.0
150,632.8468017578125,203.2329864501953,684.6302490234375,247.25619506835932,,0.0
150,912.7108764648438,360.7341003417969,982.9697875976562,421.9459533691406,,0.0
150,925.728759765625,572.6327514648438,1044.9361572265625,683.6868896484375,,0.0
150,140.70758056640625,241.3536071777344,214.5086669921875,299.1527404785156,,0.0
150,1306.4132080078125,11.817983627319336,1354.5906982421875,44.64559173583984,,0.0
150,1022.772216796875,191.1473388671875,1105.1552734375,251.20162963867188,,0.0
150,1206.4935302734375,62.28944778442383,1227.755126953125,97.07139587402344,,0.0
150,330.195068359375,481.60101318359375,472.5638427734375,605.6408081054688,,0.0
150,864.9259033203125,210.4778289794922,910.9390869140624,255.9510803222656,,0.0
150,1084.6409912109375,86.84785461425781,1110.466796875,125.39382934570312,,0.0
150,805.0357055664062,191.60806274414065,852.4765014648438,236.05307006835932,,0.0
150,417.7380981445313,111.88851165771484,468.2265319824219,151.43589782714844,,0.0
150,1288.9105224609375,115.96172332763672,1311.45263671875,153.65512084960938,,0.0
150,1207.4205322265625,113.5844955444336,1270.6776123046875,158.12277221679688,,0.0
150,869.4497680664062,550.0846557617188,941.3131713867188,626.0806274414062,,0.0
150,1109.394775390625,191.1640472412109,1182.4403076171875,247.5303955078125,,0.0
150,811.741455078125,249.14523315429688,866.2412719726562,301.8362121582031,,0.0
150,1287.436767578125,154.63027954101562,1313.440185546875,200.10997009277344,,0.0
150,1086.4462890625,60.26577758789063,1126.501953125,102.27082061767578,,0.0
150,859.8304443359375,275.472900390625,958.7669067382812,355.12896728515625,,0.0
150,341.56719970703125,225.2017974853516,388.5378723144531,294.2934265136719,,0.0
150,903.120849609375,122.95892333984376,947.1734619140624,167.9879608154297,,0.0
150,748.4225463867188,252.21275329589844,806.1126708984375,305.5461730957031,,0.0
150,1046.394287109375,59.20948791503906,1070.1123046875,93.91810607910156,,0.0
150,596.3955688476562,423.77874755859375,730.4200439453125,525.1227416992188,,0.0
150,1358.038330078125,212.1267547607422,1386.024169921875,261.6000366210937,,0.0
150,1398.165283203125,19.670610427856445,1414.128662109375,48.68013381958008,,0.0
150,416.4208068847656,145.2501983642578,441.76763916015625,185.3812713623047,,0.0
150,292.2700500488281,124.86331939697266,348.7181091308594,167.79464721679688,,0.0
150,1208.6644287109375,113.38211822509766,1270.6005859375,158.06622314453125,,0.0
150,445.0509643554688,252.47222900390625,487.2569885253906,301.5863037109375,,0.0
150,477.7563171386719,159.6131134033203,491.9542236328125,184.59605407714844,,0.0
150,836.5472412109375,141.1166534423828,848.6837768554688,173.29489135742188,,0.0
150,1169.36328125,635.9305419921875,1203.298828125,691.71240234375,,0.0
150,1370.1961669921875,200.5235290527344,1387.69921875,246.83425903320312,,0.0
150,1346.2203369140625,189.73497009277344,1360.871826171875,229.1313018798828,,0.0
150,1149.8983154296875,635.02392578125,1203.6383056640625,692.075927734375,,0.0
150,1306.385498046875,10.981465339660645,1355.181884765625,44.97364044189453,,0.0
150,392.8606872558594,109.46046447753906,425.8473510742188,147.4851837158203,,0.0
150,326.7523498535156,167.29869079589844,350.9764404296875,207.4602813720703,,0.0
150,231.84295654296875,242.5662078857422,274.0535583496094,290.56793212890625,,0.0
150,382.34710693359375,149.60894775390625,406.5240478515625,190.8936309814453,,0.0
150,1305.8980712890625,186.5305328369141,1350.7283935546875,253.4935760498047,,0.0
150,446.0671997070313,181.5868682861328,510.57220458984375,234.7056884765625,,0.0
150,1110.1556396484375,190.1964111328125,1181.8011474609375,247.85281372070312,,0.0
150,1271.2684326171875,74.73444366455078,1291.7698974609375,109.9189910888672,,0.0
150,1251.8765869140625,35.95987319946289,1270.281005859375,66.77987670898438,,0.0
150,1040.2431640625,423.8786926269531,1067.011962890625,492.2572937011719,,0.0
150,1112.327880859375,287.7200012207031,1203.760986328125,347.6440124511719,,0.0
150,292.5087585449219,124.7601089477539,348.2295837402344,167.77105712890625,,0.0
150,1285.3985595703125,16.204303741455078,1302.724853515625,45.44971084594727,,0.0
150,1252.103759765625,0.3423315286636352,1267.6026611328125,19.844465255737305,,0.0
150,1368.532958984375,74.9462661743164,1390.9521484375,109.8699951171875,,0.0
150,1355.4122314453125,34.4544792175293,1401.68603515625,70.34837341308594,,0.0
150,979.7998046875,154.66929626464844,992.9129028320312,190.48683166503903,,0.0
150,978.8150634765624,155.1718292236328,999.436279296875,191.29342651367188,,0.0
150,513.9522705078125,377.2733154296875,530.3301391601562,438.3876037597656,,0.0
150,1355.95263671875,34.07516098022461,1401.8287353515625,70.40281677246094,,0.0
160,787.679443359375,567.9290771484375,915.8424072265624,687.1658325195312,,0.0
160,865.7392578125,174.18601989746094,933.6941528320312,223.6467742919922,,0.0
160,201.35125732421875,162.4058837890625,260.16705322265625,213.41807556152344,,0.0
160,669.4993286132812,599.1656494140625,796.941650390625,715.8499145507812,,0.0
160,600.191162109375,630.6309204101562,734.0802001953125,720.0,,0.0
160,301.8158569335937,650.4202880859375,428.7453308105469,719.013427734375,,0.0
160,614.0619506835938,202.1874237060547,665.2555541992188,247.6219482421875,,0.0
160,912.508056640625,361.1322021484375,981.9757080078124,422.0830383300781,,0.0
160,925.8352661132812,572.2553100585938,1044.7088623046875,683.8202514648438,,0.0
160,105.62028503417967,234.55699157714844,179.16375732421875,296.9708251953125,,0.0
160,1319.69287109375,4.295439720153809,1368.7391357421875,37.76993179321289,,0.0
160,1000.0733642578124,203.80165100097656,1084.8155517578125,264.3475341796875,,0.0
160,1229.140625,53.51626205444336,1249.5687255859375,87.95606231689453,,0.0
160,259.680908203125,510.01312255859375,413.1517028808594,641.4495849609375,,0.0
160,847.3422241210938,210.09605407714844,893.1729125976562,258.0888977050781,,0.0
160,1103.2137451171875,80.20764923095703,1128.094482421875,118.45773315429688,,0.0
160,780.4942016601562,193.54684448242188,829.0543823242188,238.66128540039065,,0.0
160,417.618896484375,111.70608520507812,466.4527587890625,150.92166137695312,,0.0
160,1271.5196533203125,125.32891845703124,1295.4747314453125,164.60658264160156,,0.0
160,1191.5064697265625,122.43077850341795,1256.6920166015625,166.9216766357422,,0.0
160,869.1940307617188,547.21875,942.9409790039062,625.8838500976562,,0.0
160,1081.7772216796875,204.8835906982422,1155.26416015625,263.7545471191406,,0.0
160,816.2996826171875,251.14181518554688,873.0325927734375,302.7019958496094,,0.0
160,1271.0921630859375,162.79539489746094,1298.120361328125,209.53485107421875,,0.0
160,1086.3585205078125,60.09218215942383,1130.380126953125,102.32259368896484,,0.0
160,813.4641723632812,296.3216857910156,915.2640991210938,379.9761657714844,,0.0
160,309.02557373046875,245.8523406982422,355.3703918457031,294.0366516113281,,0.0
160,903.0451049804688,123.13236236572266,947.4225463867188,168.0621337890625,,0.0
160,761.2216186523438,254.1599578857422,818.4625244140625,307.0865173339844,,0.0
160,519.6417236328125,459.2946472167969,664.41650390625,570.678466796875,,0.0
160,1383.644287109375,25.19278907775879,1401.195556640625,54.736427307128906,,0.0
160,430.7379150390625,149.4791259765625,454.8870849609375,192.42965698242188,,0.0
160,303.1618347167969,130.2060089111328,361.4723205566406,172.3762664794922,,0.0
160,1191.3782958984375,122.08642578125,1256.5489501953125,167.279296875,,0.0
160,435.9175109863281,247.7138061523437,474.7076416015625,298.826416015625,,0.0
160,500.0837707519531,163.19862365722656,543.0192260742188,207.0179748535156,,0.0
160,1169.23291015625,635.6863403320312,1203.858154296875,691.9361572265625,,0.0
160,1359.106689453125,198.2865753173828,1394.7200927734375,265.19268798828125,,0.0
160,1149.8101806640625,634.8779296875,1204.2425537109375,692.1771240234375,,0.0
160,1319.236572265625,5.368020534515381,1368.8160400390625,38.23340225219727,,0.0
160,392.5494384765625,110.44246673583984,425.4570007324219,147.88156127929688,,0.0
160,310.0671691894531,157.88119506835938,333.46417236328125,197.39089965820312,,0.0
160,203.53370666503903,237.16395568847656,245.70343017578125,287.9420166015625,,0.0
160,398.25689697265625,157.42178344726562,423.8033142089844,200.2437438964844,,0.0
160,1306.130615234375,185.6652069091797,1358.8818359375,253.0823516845703,,0.0
160,458.0462341308594,185.99703979492188,525.9889526367188,241.8657989501953,,0.0
160,1081.0400390625,204.2412872314453,1155.950439453125,263.3801574707031,,0.0
160,1255.1710205078125,81.23555755615234,1276.0023193359375,118.06283569335938,,0.0
160,1268.9703369140625,28.59848022460937,1287.0025634765625,58.25646209716797,,0.0
160,1027.301513671875,420.1421203613281,1054.1923828125,481.47467041015625,,0.0
160,1109.5416259765625,285.7987976074219,1200.38818359375,344.4329528808594,,0.0
160,1108.2830810546875,285.38702392578125,1197.0927734375,344.7010803222656,,0.0
160,304.14617919921875,130.25889587402344,361.0559692382813,172.11318969726562,,0.0
160,1303.087158203125,7.357265949249268,1320.218505859375,36.710357666015625,,0.0
160,1248.546142578125,0.0,1265.8651123046875,19.995492935180664,,0.0
160,1354.47509765625,82.73758697509766,1376.8927001953125,118.204833984375,,0.0
160,1343.4066162109375,40.875709533691406,1391.233154296875,77.17656707763672,,0.0
160,970.816162109375,157.28128051757812,987.8797607421876,191.1710205078125,,0.0
170,787.9111938476562,568.4149780273438,915.8842163085938,687.2095947265625,,0.0
170,836.5723876953125,176.43783569335938,905.37060546875,226.24557495117188,,0.0
170,201.2398376464844,162.54888916015625,260.12261962890625,213.41455078125,,0.0
170,669.5187377929688,599.3530883789062,796.6082763671875,714.1002807617188,,0.0
170,600.43310546875,630.8621826171875,731.6669311523438,720.0,,0.0
170,597.7044677734375,199.11476135253903,646.5308227539062,246.50733947753903,,0.0
170,912.4012451171876,361.5720825195313,981.4820556640624,421.39544677734375,,0.0
170,925.761474609375,572.4053955078125,1044.8135986328125,683.6638793945312,,0.0
170,96.25737762451172,236.0283203125,144.13880920410156,292.9909362792969,,0.0
170,1333.3055419921875,0.3091883659362793,1381.726806640625,32.17637634277344,,0.0
170,975.7639770507812,215.7872314453125,1062.1593017578125,277.42413330078125,,0.0
170,1249.7613525390625,45.05949020385742,1269.6473388671875,77.7547836303711,,0.0
170,183.628158569336,547.1244506835938,347.6430358886719,682.2432861328125,,0.0
170,826.8662719726562,213.214599609375,876.9627075195312,259.9077453613281,,0.0
170,1121.62060546875,74.78057098388672,1146.5015869140625,111.75846862792967,,0.0
170,758.0776977539062,195.1597900390625,806.6458129882812,240.91143798828125,,0.0
170,417.8773193359375,111.51241302490234,469.2808227539063,151.7430877685547,,0.0
170,1251.9521484375,135.24107360839844,1276.759765625,175.5886688232422,,0.0
170,868.9304809570312,547.1984252929688,941.80615234375,626.2052612304688,,0.0
170,1051.4935302734375,219.1426696777344,1130.2886962890625,281.0375671386719,,0.0
170,813.1682739257812,250.42274475097656,874.8197021484375,305.5726623535156,,0.0
170,1253.9222412109375,172.5005645751953,1283.876953125,220.06106567382807,,0.0
170,1086.240966796875,61.71573638916016,1125.0224609375,103.0148468017578,,0.0
170,760.4962768554688,318.5693359375,868.9603271484375,406.1058044433594,,0.0
170,273.9848327636719,244.07069396972656,319.6664428710937,292.01910400390625,,0.0
170,902.687744140625,123.2478485107422,947.2985229492188,168.34991455078125,,0.0
170,772.9508666992188,255.3319091796875,823.2996826171875,307.23406982421875,,0.0
170,428.0223693847656,502.1539916992188,588.5003051757812,623.1778564453125,,0.0
170,1373.77490234375,198.22039794921875,1391.423828125,245.24562072753903,,0.0
170,1371.3922119140625,31.232881546020508,1386.9317626953125,60.059871673583984,,0.0
170,443.8592529296875,156.0933074951172,469.4294738769531,200.2943572998047,,0.0
170,315.2792358398437,135.83526611328125,372.6771545410156,180.91281127929688,,0.0
170,1392.2945556640625,35.747371673583984,1412.5081787109375,68.4173583984375,,0.0
170,1173.7110595703125,129.36203002929688,1240.950927734375,178.11557006835938,,0.0
170,429.4126892089844,242.9625701904297,463.0110168457031,293.46685791015625,,0.0
170,518.9761962890625,168.35220336914062,561.5177001953125,210.87985229492188,,0.0
170,1168.993408203125,635.739990234375,1203.28173828125,692.2173461914062,,0.0
170,1371.1226806640625,198.1035919189453,1392.011962890625,258.4459228515625,,0.0
170,1375.050537109375,198.5662841796875,1390.633056640625,228.59619140625,,0.0
170,1148.311279296875,634.7623901367188,1203.5596923828125,693.1519775390625,,0.0
170,392.6297607421875,110.51396942138672,424.5177307128906,148.10243225097656,,0.0
170,296.257080078125,147.22642517089844,318.7814636230469,187.0261993408203,,0.0
170,174.8527069091797,234.24118041992188,217.09864807128903,279.4963073730469,,0.0
170,413.57763671875,165.0546875,439.4322814941406,209.1343536376953,,0.0
170,1306.1373291015625,186.25003051757807,1360.2230224609375,253.1029510498047,,0.0
170,467.8493041992188,193.9178466796875,536.7530517578125,249.8184967041016,,0.0
170,1237.4801025390625,89.58561706542969,1258.9447021484375,127.6126937866211,,0.0
170,1286.087890625,22.18836212158203,1302.5850830078125,50.22003936767578,,0.0
170,1016.6610717773438,414.7351684570313,1042.3287353515625,482.5658264160156,,0.0
170,1105.3660888671875,283.9263916015625,1196.843017578125,342.2569274902344,,0.0
170,314.3370056152344,136.07772827148438,372.6664733886719,181.0056915283203,,0.0
170,1320.4124755859375,4.118509292602539,1336.0045166015625,30.23010635375977,,0.0
170,1339.465576171875,89.84352111816406,1363.839111328125,126.78556060791016,,0.0
170,1331.9842529296875,46.6944580078125,1380.865478515625,84.46446228027344,,0.0
170,962.9278564453124,157.82679748535156,980.5540161132812,191.9356842041016,,0.0
170,1367.4532470703125,214.8773193359375,1393.4530029296875,270.3926086425781,,0.0
180,787.5245361328125,567.7505493164062,915.6107788085938,687.2274169921875,,0.0
180,811.551513671875,178.66384887695312,880.0607299804688,228.92530822753903,,0.0
180,201.3085021972656,162.64712524414062,260.0118103027344,213.6544342041016,,0.0
180,669.4784545898438,599.1928100585938,796.4208984375,718.3195190429688,,0.0
180,600.3196411132812,630.9580688476562,733.6307983398438,720.0,,0.0
180,582.9729614257812,201.1070251464844,628.6681518554688,245.6862945556641,,0.0
180,912.0435791015624,361.3616943359375,980.9974365234376,419.6287536621094,,0.0
180,925.5994873046876,572.3569946289062,1044.73681640625,684.2144165039062,,0.0
180,1343.1103515625,2.267758846282959,1390.7354736328125,24.18770217895508,,0.0
180,948.4757690429688,228.10401916503903,1040.05419921875,292.015380859375,,0.0
180,1268.7904052734375,35.62367248535156,1288.5142822265625,67.9146499633789,,0.0
180,97.11459350585938,553.7841186523438,271.6525573730469,720.0,,0.0
180,807.1142578125,216.37515258789065,854.8626708984375,265.12652587890625,,0.0
180,1138.8875732421875,71.5500259399414,1161.4559326171875,106.12533569335938,,0.0
180,735.8801879882812,197.14210510253903,787.2940673828125,242.9535675048828,,0.0
180,418.9657897949219,110.7900390625,468.73638916015625,152.21627807617188,,0.0
180,1230.88818359375,145.7095184326172,1256.8203125,187.4359893798828,,0.0
180,1153.9010009765625,139.76644897460938,1223.961181640625,189.0004119873047,,0.0
180,867.8825073242188,549.4871215820312,938.64697265625,626.40087890625,,0.0
180,1018.07080078125,234.3896484375,1100.1646728515625,299.4269104003906,,0.0
180,819.910400390625,253.7382354736328,874.0494995117188,304.2647705078125,,0.0
180,1234.297607421875,180.6549072265625,1266.0029296875,229.6302795410156,,0.0
180,1086.5106201171875,60.98922348022461,1124.595458984375,102.9718017578125,,0.0
180,1320.90087890625,52.53889083862305,1369.737548828125,91.50801849365234,,0.0
180,705.2484130859375,341.7497863769531,819.0673828125,435.5077209472656,,0.0
180,238.68960571289065,242.7201232910156,283.5807800292969,288.74053955078125,,0.0
180,900.7337646484376,123.20091247558594,947.1189575195312,168.4721221923828,,0.0
180,783.7064819335938,253.6821746826172,841.4536743164062,311.7572021484375,,0.0
180,316.8973999023437,550.5179443359375,500.2662353515625,681.4520874023438,,0.0
180,1376.354248046875,197.2305603027344,1393.80078125,254.49038696289065,,0.0
180,477.9763793945313,200.7439727783203,547.2006225585938,256.6524963378906,,0.0
180,1357.589111328125,38.79561233520508,1372.91650390625,66.56392669677734,,0.0
180,459.0218200683594,163.36782836914062,484.2983093261719,208.0288543701172,,0.0
180,325.7002868652344,142.88165283203125,385.8784484863281,188.1032867431641,,0.0
180,1377.1273193359375,42.768592834472656,1399.4036865234375,75.60700988769531,,0.0
180,1154.171875,139.3020782470703,1223.58203125,189.1503295898437,,0.0
180,424.4004821777344,236.1221618652344,454.3630981445313,288.27947998046875,,0.0
180,547.7379760742188,172.07998657226562,584.8772583007812,215.5854949951172,,0.0
180,1170.588134765625,635.258056640625,1203.253173828125,691.673095703125,,0.0
180,1378.6092529296875,197.67413330078125,1392.9144287109375,228.31741333007807,,0.0
180,1156.473876953125,635.8469848632812,1203.58349609375,691.361083984375,,0.0
180,1400.1375732421875,16.263336181640625,1431.8380126953125,48.07832336425781,,0.0
180,392.5470581054688,108.96730041503906,426.4412536621094,148.0829620361328,,0.0
180,283.5557861328125,139.2733612060547,304.97607421875,178.0435028076172,,0.0
180,146.39453125,226.8951416015625,188.78097534179688,276.0011901855469,,0.0
180,429.1513671875,174.64259338378906,454.65765380859375,219.8252868652344,,0.0
180,1305.735107421875,186.8919677734375,1362.463623046875,252.71548461914065,,0.0
180,477.77191162109375,201.47178649902344,546.8618774414062,257.0364074707031,,0.0
180,1007.3441772460938,411.735595703125,1033.319580078125,470.0377502441406,,0.0
180,1218.8428955078125,97.3546371459961,1241.4659423828125,135.92088317871094,,0.0
180,1302.7138671875,15.074172019958496,1319.1888427734375,42.27268981933594,,0.0
180,1000.8713989257812,411.2730712890625,1034.987060546875,479.5821838378906,,0.0
180,1103.5802001953125,280.4094543457031,1192.437255859375,339.6632385253906,,0.0
180,325.9059753417969,142.73452758789062,385.4799499511719,188.4008026123047,,0.0
180,1324.734130859375,97.46875762939452,1349.6590576171875,135.5640411376953,,0.0
180,1320.36328125,53.30055236816406,1369.025390625,91.37619018554688,,0.0
180,954.2767944335938,157.80047607421875,969.4708862304688,191.510498046875,,0.0
180,251.2348480224609,78.7825927734375,268.8534240722656,110.65526580810548,,0.0
180,1046.4996337890625,58.52594375610352,1070.400634765625,95.19398498535156,,0.0
180,231.59625244140625,65.15907287597656,245.0109405517578,96.02767944335938,,0.0
190,787.7219848632812,567.76025390625,915.684326171875,687.2482299804688,,0.0
190,788.8308715820312,180.14732360839844,856.4053344726562,229.7418212890625,,0.0
190,201.50070190429688,162.440673828125,259.7398986816406,213.62696838378903,,0.0
190,668.4622192382812,599.3837890625,796.2136840820312,713.0458984375,,0.0
190,600.0895385742188,630.8341674804688,733.1226806640625,720.0,,0.0
190,570.9779052734375,195.3480834960937,614.8814086914062,244.4625396728516,,0.0
190,911.9607543945312,361.2920227050781,980.5167846679688,417.8655090332031,,0.0
190,925.5828857421876,572.3296508789062,1044.901123046875,684.2168579101562,,0.0
190,1359.42626953125,0.0,1398.4771728515625,19.434144973754883,,0.0
190,916.817138671875,241.59950256347656,1014.185791015625,306.337890625,,0.0
190,1287.07421875,27.70084571838379,1305.7269287109375,58.69718551635742,,0.0
190,2.396678924560547,590.3753051757812,189.70025634765625,720.0,,0.0
190,786.6311645507812,221.43687438964844,839.7320556640625,267.2494201660156,,0.0
190,1157.5478515625,63.3533821105957,1179.2327880859375,97.4359893798828,,0.0
190,715.230712890625,199.47032165527344,764.36279296875,245.1935577392578,,0.0
190,418.5273742675781,110.29678344726562,468.7779235839844,151.93385314941406,,0.0
190,1390.76416015625,20.732154846191406,1426.9329833984375,54.97289657592773,,0.0
190,1209.747802734375,156.11468505859375,1235.216552734375,198.85890197753903,,0.0
190,1132.4346923828125,149.7339630126953,1205.119873046875,200.34927368164065,,0.0
190,868.1193237304688,550.8269653320312,938.8462524414062,626.3460693359375,,0.0
190,984.1151123046876,250.9807891845703,1070.421630859375,318.87286376953125,,0.0
190,821.558837890625,249.8717041015625,874.1171264648438,308.6811828613281,,0.0
190,1212.443115234375,185.4855194091797,1247.7406005859375,238.79698181152344,,0.0
190,1086.4317626953125,59.51039123535156,1124.7633056640625,102.86419677734376,,0.0
190,1307.9876708984375,60.24690628051758,1359.3780517578125,99.67343139648438,,0.0
190,643.88623046875,369.5958557128906,764.8228149414062,468.9873352050781,,0.0
190,201.375228881836,240.07257080078125,245.4991455078125,287.1321105957031,,0.0
190,900.7620239257812,122.98233032226562,947.2235107421876,168.42955017089844,,0.0
190,791.0150146484375,256.6085510253906,852.298095703125,312.5264587402344,,0.0
190,1145.5682373046875,91.12908935546876,1161.3350830078125,134.1019287109375,,0.0
190,193.7647247314453,606.8983154296875,395.6262817382813,719.0577392578125,,0.0
190,1375.8638916015625,197.6822662353516,1398.696533203125,272.4591064453125,,0.0
190,486.3542785644531,206.20147705078125,558.5257568359375,265.15234375,,0.0
190,1339.459716796875,44.22111511230469,1359.92626953125,70.2270278930664,,0.0
190,473.832763671875,169.25758361816406,499.8099365234375,212.8924560546875,,0.0
190,1363.8814697265625,46.13753128051758,1392.2637939453125,82.01671600341797,,0.0
190,1132.9052734375,149.60130310058594,1204.5662841796875,200.71359252929688,,0.0
190,1046.546875,58.3311653137207,1070.06103515625,95.07762908935548,,0.0
190,421.7900695800781,231.7730712890625,450.3478088378906,283.2391662597656,,0.0
190,574.7437744140625,174.13699340820312,615.551513671875,218.7644500732422,,0.0
190,1169.8260498046875,635.4796142578125,1203.2979736328125,691.7307739257812,,0.0
190,1376.9619140625,197.7626037597656,1395.01611328125,238.01467895507807,,0.0
190,418.8424987792969,111.51161193847656,468.6581726074219,152.0868682861328,,0.0
190,1391.4742431640625,21.66743278503418,1426.5877685546875,55.2348518371582,,0.0
190,393.033935546875,109.07627868652344,426.3646240234375,148.06285095214844,,0.0
190,271.50982666015625,130.8207244873047,293.2088928222656,166.83786010742188,,0.0
190,118.8033676147461,225.49627685546875,163.5215606689453,273.6141967773437,,0.0
190,443.6145324707031,182.6897735595703,469.1981201171875,228.4051055908203,,0.0
190,1306.1866455078125,186.8876953125,1363.455078125,252.8578491210937,,0.0
190,1200.6622314453125,104.3212661743164,1225.29150390625,144.20152282714844,,0.0
190,324.2705993652344,277.5189819335937,348.86309814453125,321.8536376953125,,0.0
190,1318.4759521484375,6.462106704711914,1333.773193359375,33.43948745727539,,0.0
190,996.907470703125,407.24853515625,1023.4150390625,469.3776550292969,,0.0
190,1102.7247314453125,280.47833251953125,1191.394775390625,338.203857421875,,0.0
190,338.55780029296875,150.0052947998047,399.3017578125,196.6845245361328,,0.0
190,328.6628723144531,234.989013671875,349.4085693359375,271.6716613769531,,0.0
190,1309.6490478515625,105.3013153076172,1334.86083984375,143.57864379882812,,0.0
190,791.640625,249.20166015625,873.6817626953125,312.1153259277344,,0.0
190,1307.9742431640625,60.1428108215332,1358.9996337890625,99.22233581542967,,0.0
190,1376.7645263671875,216.6809234619141,1399.1632080078125,273.4028015136719,,0.0
190,268.549072265625,84.80057525634766,289.3153686523437,120.51083374023438,,0.0
190,243.12301635742188,70.57678985595703,255.60874938964844,100.85194396972656,,0.0
190,1230.1591796875,443.1323547363281,1304.190185546875,514.4378662109375,,0.0
200,787.4655151367188,567.9666748046875,915.5715942382812,687.2427368164062,,0.0
200,766.0733032226562,181.6875,833.4097290039062,232.3661346435547,,0.0
200,201.21780395507807,162.40023803710938,260.1687927246094,213.51840209960932,,0.0
200,668.4278564453125,598.9434204101562,798.3511352539062,715.239013671875,,0.0
200,600.1052856445312,630.8082885742188,733.772705078125,720.0,,0.0
200,555.8912353515625,196.3314971923828,598.1968383789062,241.0545196533203,,0.0
200,911.8438720703124,361.5478820800781,978.614501953125,417.3017578125,,0.0
200,351.60986328125,155.69229125976562,413.48577880859375,205.23883056640625,,0.0
200,925.6793212890624,572.3739624023438,1044.8291015625,684.0912475585938,,0.0
200,883.6222534179688,254.6047515869141,984.1201782226562,321.23297119140625,,0.0
200,1304.068603515625,20.54603576660156,1321.77001953125,50.043983459472656,,0.0
200,767.5747680664062,221.7234344482422,821.5238647460938,270.1976013183594,,0.0
200,1172.1790771484375,57.99773025512695,1195.6871337890625,91.82929229736328,,0.0
200,694.6250610351562,202.1038055419922,745.208251953125,246.7894744873047,,0.0
200,418.1340026855469,110.97022247314452,470.37298583984375,151.9229736328125,,0.0
200,1349.6923828125,51.87583923339844,1382.1456298828125,89.71086120605469,,0.0
200,1185.9339599609375,167.18280029296875,1212.8553466796875,211.74853515625,,0.0
200,1110.480224609375,160.2388916015625,1184.2662353515625,212.750228881836,,0.0
200,867.7340698242188,550.9357299804688,939.632568359375,625.9576416015625,,0.0
200,949.0675048828124,267.8551025390625,1039.16064453125,338.0932312011719,,0.0
200,821.4702758789062,254.1294403076172,874.048828125,311.8670349121094,,0.0
200,1190.58447265625,190.87252807617188,1227.0457763671875,248.75735473632807,,0.0
200,1086.173828125,60.29726791381836,1125.0843505859375,102.9267807006836,,0.0
200,575.8298950195312,398.607177734375,704.7088623046875,505.0205078125,,0.0
200,166.40281677246094,237.07720947265625,210.2694702148437,282.8106994628906,,0.0
200,901.6547241210938,122.99054718017578,947.1793212890624,168.385498046875,,0.0
200,1143.4075927734375,89.44882202148438,1164.685302734375,137.31394958496094,,0.0
200,1326.9036865234375,50.6991081237793,1344.4525146484375,73.27523040771484,,0.0
200,373.5379028320313,226.4622802734375,388.441162109375,256.6478271484375,,0.0
200,1349.3280029296875,53.82333755493164,1373.22998046875,89.83766174316406,,0.0
200,1110.3017578125,160.42018127441406,1183.9403076171875,212.84312438964844,,0.0
200,1046.4461669921875,58.282039642333984,1070.223876953125,94.65225982666016,,0.0
200,416.7442321777344,226.5791473388672,444.2326354980469,276.2711486816406,,0.0
200,605.0816040039062,177.9765625,650.9466552734375,222.39410400390625,,0.0
200,1170.9356689453125,634.9076538085938,1203.04833984375,691.3633422851562,,0.0
200,1379.01611328125,198.49899291992188,1392.205810546875,238.2847595214844,,0.0
200,419.8912048339844,112.45834350585938,470.1360168457031,152.16835021972656,,0.0
200,1381.7061767578125,25.93111991882324,1422.6571044921875,61.30453109741211,,0.0
200,392.8271484375,109.19608306884766,426.463623046875,147.8666534423828,,0.0
200,259.78521728515625,120.76953887939452,280.5804443359375,157.09176635742188,,0.0
200,458.1686706542969,190.1331329345703,484.2162780761719,236.59678649902344,,0.0
200,1305.745849609375,186.58480834960932,1363.31787109375,252.64483642578125,,0.0
200,503.4723205566406,213.785888671875,570.7466430664062,273.0083923339844,,0.0
200,1180.9700927734375,111.15151977539062,1206.43701171875,152.62269592285156,,0.0
200,313.4987487792969,278.7062072753906,332.1025085449219,322.5408020019531,,0.0
200,1333.453369140625,3.4971237182617188,1348.1024169921875,26.467782974243164,,0.0
200,986.3486328125,404.4531555175781,1012.4140014648438,466.6756896972656,,0.0
200,1102.18359375,280.29022216796875,1191.17431640625,337.9183959960937,,0.0
200,351.5107727050781,155.94825744628906,413.6973571777344,205.17837524414065,,0.0
200,320.783447265625,236.78546142578125,340.6142272949219,275.515625,,0.0
200,1362.9595947265625,50.30491638183594,1384.034423828125,86.3130111694336,,0.0
200,1230.191162109375,1.615309715270996,1247.9771728515625,23.41355323791504,,0.0
200,1292.7059326171875,114.40259552001952,1318.5616455078125,152.98277282714844,,0.0
200,793.6863403320312,251.88677978515625,872.5822143554688,313.0309753417969,,0.0
200,1295.775146484375,66.4829330444336,1348.636474609375,107.03762817382812,,0.0
200,1385.8916015625,226.8578338623047,1409.119384765625,276.7809143066406,,0.0
200,288.8771667480469,94.2058334350586,309.109619140625,127.6824951171875,,0.0
200,253.1777191162109,77.15082550048828,270.6737976074219,107.5164566040039,,0.0
200,1172.3463134765625,424.1667175292969,1244.1844482421875,492.9795837402344,,0.0
200,1346.7698974609375,311.0062255859375,1379.569580078125,351.1923217773437,,0.0
210,787.0763549804688,568.1385498046875,915.4627075195312,687.5526123046875,,0.0
210,742.080078125,184.54444885253903,810.9437255859375,233.29132080078125,,0.0
210,201.190673828125,162.2600860595703,260.1235046386719,213.23580932617188,,0.0
210,668.5604858398438,599.984130859375,791.8576049804688,714.1993408203125,,0.0
210,600.2003784179688,630.6458740234375,734.01806640625,720.0,,0.0
210,549.3712158203125,194.99610900878903,582.5477294921875,242.31658935546875,,0.0
210,911.782958984375,361.5887451171875,975.0486450195312,424.2417907714844,,0.0
210,365.2024536132813,164.3585205078125,429.9465637207031,213.558349609375,,0.0
210,925.6388549804688,571.7966918945312,1044.193603515625,683.5825805664062,,0.0
210,1389.8946533203125,57.38250732421875,1411.394287109375,88.86287689208984,,0.0
210,846.9981079101562,267.7564697265625,951.963623046875,336.9566650390625,,0.0
210,1320.1768798828125,13.793164253234863,1338.446533203125,41.62097930908203,,0.0
210,747.0535278320312,223.2934112548828,795.518798828125,273.4768371582031,,0.0
210,1188.0040283203125,52.99745559692383,1210.511474609375,85.85095977783203,,0.0
210,676.4656982421875,203.15740966796875,725.8826293945312,247.6974334716797,,0.0
210,417.3656005859375,111.33126831054688,472.38568115234375,152.02467346191406,,0.0
210,1164.3426513671875,177.73077392578125,1190.7855224609375,222.3270568847656,,0.0
210,1085.52685546875,172.5113983154297,1160.5845947265625,226.3494110107422,,0.0
210,867.9263305664062,550.2053833007812,940.069580078125,626.1767578125,,0.0
210,909.976318359375,286.3568725585937,1003.7980346679688,357.22540283203125,,0.0
210,825.410888671875,254.78175354003903,867.78759765625,312.8335876464844,,0.0
210,1166.245849609375,200.95263671875,1203.0762939453125,256.3475341796875,,0.0
210,1087.0087890625,57.6051139831543,1125.5909423828125,102.60822296142578,,0.0
210,1282.552734375,73.86569213867188,1337.231689453125,114.7734375,,0.0
210,499.4567565917969,431.3067626953125,638.6909790039062,545.704345703125,,0.0
210,133.52740478515625,226.5183258056641,175.33514404296875,280.6462097167969,,0.0
210,903.0062866210938,122.58922576904295,947.3797607421876,167.6163787841797,,0.0
210,794.23779296875,255.80108642578125,863.9697265625,312.80780029296875,,0.0
210,1143.961669921875,89.50887298583984,1164.5684814453125,135.10133361816406,,0.0
210,1320.1361083984375,295.57867431640625,1362.9744873046875,350.9047546386719,,0.0
210,507.76312255859375,221.12765502929688,584.458984375,281.7403259277344,,0.0
210,1311.651611328125,55.9254150390625,1328.046875,77.92330932617188,,0.0
210,511.2600708007813,180.54840087890625,541.5386962890625,223.3550567626953,,0.0
210,374.5813598632813,224.46536254882807,389.9870300292969,258.5580749511719,,0.0
210,1334.6861572265625,60.166015625,1353.81884765625,95.6810302734375,,0.0
210,1085.3001708984375,171.69908142089844,1160.88427734375,226.1798248291016,,0.0
210,410.2342224121094,220.64659118652344,438.3204650878906,268.7501525878906,,0.0
210,637.4852294921875,179.500732421875,681.2595825195312,223.6265563964844,,0.0
210,1171.306884765625,634.9462280273438,1202.788330078125,691.3082275390625,,0.0
210,1379.7127685546875,196.7625732421875,1393.7005615234375,242.80520629882807,,0.0
210,1373.2064208984375,106.69725036621094,1398.1624755859375,148.6699981689453,,0.0
210,1157.8131103515625,634.43115234375,1203.372314453125,691.8930053710938,,0.0
210,1372.546630859375,33.32132339477539,1414.8421630859375,67.80083465576172,,0.0
210,392.293701171875,110.36965942382812,424.2781066894531,148.18634033203125,,0.0
210,247.21034240722656,112.89226531982422,267.6842956542969,148.13009643554688,,0.0
210,473.328857421875,196.0550994873047,502.9573059082031,245.20065307617188,,0.0
210,1306.3970947265625,188.2836456298828,1363.00048828125,253.0259246826172,,0.0
210,507.50982666015625,220.9682464599609,584.54248046875,281.71630859375,,0.0
210,1160.14501953125,119.36647033691406,1186.8924560546875,160.9445343017578,,0.0
210,300.6495666503906,282.7779235839844,320.9908142089844,324.8741455078125,,0.0
210,1347.71240234375,0.0,1361.4447021484375,18.58395767211914,,0.0
210,978.21435546875,402.3653259277344,1003.8170776367188,467.4767150878906,,0.0
210,1101.9775390625,279.86785888671875,1190.029541015625,337.6075439453125,,0.0
210,365.2809753417969,164.5078582763672,429.7595825195313,213.2084197998047,,0.0
210,307.7362365722656,239.49099731445312,330.7510681152344,277.20379638671875,,0.0
210,1353.7449951171875,54.359493255615234,1373.9765625,87.55017852783203,,0.0
210,1273.5439453125,123.6201629638672,1300.2303466796875,162.44677734375,,0.0
210,1282.8382568359375,73.60525512695312,1338.04736328125,114.60336303710938,,0.0
210,1392.1708984375,226.8925628662109,1418.7855224609375,281.45635986328125,,0.0
210,310.5058288574219,100.94136810302734,332.3667907714844,135.59629821777344,,0.0
210,264.6176147460937,82.86929321289062,282.3778381347656,112.7323989868164,,0.0
210,1121.2728271484375,407.3373718261719,1192.6085205078125,475.3141479492188,,0.0
220,787.5387573242188,568.4182739257812,915.7388305664062,687.150390625,,0.0
220,719.2745971679688,185.0873565673828,787.4258422851562,234.3845367431641,,0.0
220,200.9387969970703,162.4444580078125,260.3868713378906,213.5327911376953,,0.0
220,668.623046875,600.12060546875,794.5651245117188,713.2578125,,0.0
220,600.2142944335938,630.875732421875,733.931640625,720.0,,0.0
220,912.7048950195312,359.617431640625,967.5257568359376,423.6825256347656,,0.0
220,379.194091796875,172.00181579589844,445.8556213378906,224.05747985839844,,0.0
220,925.6687622070312,572.2606811523438,1044.4373779296875,683.1621704101562,,0.0
220,1375.5233154296875,62.69979095458984,1398.010498046875,99.45085144042967,,0.0
220,806.59375,284.0966491699219,916.43505859375,355.11639404296875,,0.0
220,1336.946044921875,6.06858491897583,1353.5982666015625,33.02932357788086,,0.0
220,722.4365234375,224.5575561523437,781.8807983398438,276.6167907714844,,0.0
220,1202.327392578125,48.9940071105957,1223.883544921875,80.58135223388672,,0.0
220,658.8240966796875,205.4615936279297,706.89794921875,248.766845703125,,0.0
220,418.3850708007813,111.04608154296876,473.8823547363281,152.19873046875,,0.0
220,867.6400146484375,549.6036376953125,940.3380737304688,626.3788452148438,,0.0
220,867.5025634765625,305.757568359375,965.8831787109376,382.017822265625,,0.0
220,824.6515502929688,255.0331115722656,864.4574584960938,305.394287109375,,0.0
220,1140.3031005859375,198.50875854492188,1179.2388916015625,266.125244140625,,0.0
220,1087.829345703125,57.73843383789063,1126.235107421875,102.6229248046875,,0.0
220,1268.232666015625,81.23870849609375,1324.8519287109375,122.88349151611328,,0.0
220,413.7532653808594,469.9599304199219,565.1131591796875,592.4191284179688,,0.0
220,103.02650451660156,232.1331329345703,143.04568481445312,278.4074401855469,,0.0
220,903.0905151367188,123.05062866210938,947.3785400390624,168.31442260742188,,0.0
220,793.7429809570312,258.2176208496094,840.4248046875,309.12237548828125,,0.0
220,1143.551025390625,89.91508483886719,1164.85986328125,135.1035919189453,,0.0
220,1300.073486328125,284.1654663085937,1343.0819091796875,341.24285888671875,,0.0
220,518.0477905273438,228.0975341796875,599.730712890625,289.86669921875,,0.0
220,1294.99169921875,63.05464553833008,1311.8563232421875,84.65377807617188,,0.0
220,375.06927490234375,222.05825805664065,391.7102661132813,255.37681579589844,,0.0
220,1319.51318359375,67.28443145751953,1339.4368896484375,102.8347396850586,,0.0
220,1058.45458984375,184.44728088378903,1137.62939453125,241.65286254882807,,0.0
220,1046.4476318359375,58.61319351196289,1070.199462890625,93.84873962402344,,0.0
220,400.0794982910156,215.3314208984375,430.0374450683594,262.0465087890625,,0.0
220,669.2510986328125,181.3901824951172,716.0891723632812,225.9737701416016,,0.0
220,1172.100830078125,635.0659790039062,1202.9884033203125,691.393798828125,,0.0
220,1377.6632080078125,198.34487915039065,1393.87109375,242.13218688964844,,0.0
220,1356.8804931640625,116.60147857666016,1381.5985107421875,159.8205108642578,,0.0
220,1155.75927734375,634.5892944335938,1203.4949951171875,691.9055786132812,,0.0
220,1362.819091796875,38.565956115722656,1406.786376953125,75.23221588134766,,0.0
220,392.3414611816406,110.34039306640624,424.3275451660156,148.2981719970703,,0.0
220,234.5980834960937,106.31383514404295,254.1832733154297,140.2702178955078,,0.0
220,490.551513671875,208.4136505126953,524.4591674804688,254.30941772460932,,0.0
220,1306.2646484375,187.3158264160156,1363.1707763671875,253.2872772216797,,0.0
220,518.2608032226562,228.18495178222656,599.3282470703125,289.9800720214844,,0.0
220,968.8400268554688,400.17138671875,1001.6314697265624,463.809326171875,,0.0
220,1136.6259765625,125.13999938964844,1167.6910400390625,170.40415954589844,,0.0
220,284.0346374511719,284.97052001953125,310.367431640625,327.5257568359375,,0.0
220,970.4388427734376,397.0580139160156,993.446044921875,462.9802551269531,,0.0
220,1102.4766845703125,279.83917236328125,1187.70263671875,337.58648681640625,,0.0
220,379.0417785644531,172.38510131835938,445.4979248046875,224.1101837158203,,0.0
220,1343.201416015625,61.337890625,1363.4754638671875,95.2672882080078,,0.0
220,1251.4051513671875,133.53677368164062,1280.188720703125,172.95034790039062,,0.0
220,794.6363525390625,256.3602294921875,863.5433959960938,308.6341552734375,,0.0
220,1268.1622314453125,81.41526794433594,1324.89013671875,122.63227081298828,,0.0
220,1396.91943359375,226.5981292724609,1425.72314453125,284.285888671875,,0.0
220,331.09259033203125,110.49846649169922,353.64630126953125,146.72897338867188,,0.0
220,276.5849304199219,88.18328857421875,295.2718505859375,121.20061492919922,,0.0
220,1077.4034423828125,390.4127807617188,1147.5928955078125,458.87835693359375,,0.0
220,530.378173828125,186.76133728027344,571.8466796875,234.70220947265625,,0.0
230,787.203369140625,568.5078125,915.7162475585938,690.7654418945312,,0.0
230,696.321533203125,185.9548492431641,763.2377319335938,236.1754913330078,,0.0
230,200.5314178466797,162.42701721191406,260.2847595214844,213.8430328369141,,0.0
230,669.2739868164062,598.6798706054688,795.1315307617188,713.7909545898438,,0.0
230,600.3988647460938,630.8726196289062,733.7955932617188,720.0,,0.0
230,906.6265869140624,360.745361328125,964.1650390625,422.5831909179688,,0.0
230,393.827392578125,180.4827880859375,462.57464599609375,232.8485107421875,,0.0
230,925.6494140625,572.0791015625,1044.7137451171875,682.9498901367188,,0.0
230,1361.7012939453125,70.587158203125,1384.8232421875,108.22774505615234,,0.0
230,763.2655029296875,300.2102355957031,878.926513671875,374.676513671875,,0.0
230,1352.9443359375,2.164149284362793,1368.260498046875,25.566444396972656,,0.0
230,700.5377197265625,224.91091918945312,762.4847412109375,277.9322814941406,,0.0
230,1217.3818359375,43.53792953491211,1238.4783935546875,73.89904022216797,,0.0
230,641.3583374023438,205.23178100585932,688.1524658203125,249.49180603027344,,0.0
230,417.8923645019531,109.5689926147461,471.4972534179688,152.1157684326172,,0.0
230,1119.572509765625,197.8066253662109,1151.8162841796875,240.11947631835932,,0.0
230,867.965087890625,549.5059204101562,939.3790893554688,626.1350708007812,,0.0
230,820.0195922851562,327.697509765625,924.9093017578124,408.2337951660156,,0.0
230,826.343994140625,255.26873779296875,881.6334228515625,304.4701232910156,,0.0
230,1114.257080078125,211.6257781982422,1154.8055419921875,276.1917724609375,,0.0
230,1088.8505859375,57.1246223449707,1128.6549072265625,102.26939392089844,,0.0
230,1253.1263427734375,87.9942855834961,1311.268798828125,131.1392059326172,,0.0
230,313.02252197265625,512.837158203125,481.0262145996094,647.6870727539062,,0.0
230,903.0902099609376,122.90799713134766,947.3922729492188,168.32789611816406,,0.0
230,794.1378784179688,257.2989196777344,844.6929931640625,309.6104736328125,,0.0
230,1143.5677490234375,88.91284942626953,1164.4649658203125,135.5247802734375,,0.0
230,1281.5194091796875,272.97686767578125,1325.24560546875,329.0794982910156,,0.0
230,531.0181884765625,235.852279663086,612.9267578125,298.8050842285156,,0.0
230,1275.5965576171875,70.24591064453125,1293.9739990234375,91.19647979736328,,0.0
230,519.6751098632812,191.7899627685547,552.2671508789062,235.1298828125,,0.0
230,1304.2261962890625,73.09066772460938,1325.0718994140625,110.80854034423828,,0.0
230,1029.9593505859375,199.7528076171875,1112.584716796875,257.89373779296875,,0.0
230,1046.5360107421875,58.51862716674805,1070.1944580078125,93.5213394165039,,0.0
230,375.6656494140625,210.2130889892578,421.14599609375,258.6193542480469,,0.0
230,1171.3966064453125,634.374755859375,1203.53955078125,691.4193115234375,,0.0
230,1378.841796875,198.09165954589844,1394.800048828125,242.8772735595703,,0.0
230,1338.7012939453125,127.2503662109375,1364.4776611328125,169.98245239257812,,0.0
230,418.5363464355469,109.39842224121094,471.3601989746094,152.0338592529297,,0.0
230,1155.7025146484375,633.7713623046875,1203.9166259765625,692.0652465820312,,0.0
230,1353.213134765625,45.534934997558594,1398.7252197265625,82.36127471923828,,0.0
230,392.0549621582031,110.0880355834961,424.7228088378906,148.05636596679688,,0.0
230,222.5973052978516,98.93708801269533,241.4683074951172,133.7624969482422,,0.0
230,513.7562255859375,203.581771850586,546.6451416015625,254.14878845214844,,0.0
230,1306.1849365234375,187.36895751953125,1360.84130859375,253.12136840820312,,0.0
230,530.51416015625,234.7250213623047,613.34716796875,299.10333251953125,,0.0
230,1113.455810546875,135.8998260498047,1144.80859375,178.27398681640625,,0.0
230,272.3828125,286.2000732421875,292.3293151855469,329.0359802246094,,0.0
230,958.4432373046876,392.5970764160156,984.8909912109376,454.5188598632813,,0.0
230,1101.1793212890625,279.0795593261719,1189.5025634765625,337.28228759765625,,0.0
230,393.7876586914063,180.5414123535156,462.3128051757813,233.65313720703125,,0.0
230,1332.2193603515625,66.53437805175781,1353.4202880859375,101.70032501220705,,0.0
230,1228.0001220703125,142.99871826171875,1257.6075439453125,183.983139038086,,0.0
230,805.2857666015625,254.57354736328125,881.1210327148438,306.3902282714844,,0.0
230,1252.9193115234375,88.96638488769531,1310.775146484375,130.79031372070312,,0.0
230,1406.441650390625,230.2847442626953,1425.2093505859375,283.8218688964844,,0.0
230,352.35748291015625,117.72744750976562,374.6922302246094,155.8273468017578,,0.0
230,289.1167907714844,92.706298828125,307.71343994140625,127.2426986694336,,0.0
230,1041.208740234375,380.6840515136719,1109.0364990234375,443.9045715332031,,0.0
230,241.2105712890625,81.867919921875,261.9091186523437,114.99097442626952,,0.0
230,555.2257690429688,189.6435546875,596.4010009765625,232.72254943847656,,0.0
230,42.41813659667969,476.060546875,98.3136749267578,538.8529052734375,,0.0
230,949.5780639648438,396.66448974609375,986.2095336914062,457.491455078125,,0.0
240,787.4168090820312,568.5128784179688,915.7166748046876,688.3445434570312,,0.0
240,671.5621948242188,187.0494079589844,736.2861328125,235.6557006835937,,0.0
240,200.5369873046875,162.08999633789062,260.48358154296875,213.26629638671875,,0.0
240,669.5242919921875,599.4920043945312,795.9244384765625,713.7533569335938,,0.0
240,600.3008422851562,630.7708129882812,733.462158203125,720.0,,0.0
240,505.7324523925781,189.485092163086,537.1911010742188,232.978744506836,,0.0
240,937.908935546875,362.0296325683594,955.9979248046876,396.3252868652344,,0.0
240,409.36859130859375,189.12730407714844,477.5091552734375,243.09115600585932,,0.0
240,925.7781982421876,572.6152954101562,1044.9404296875,680.6551513671875,,0.0
240,1347.2685546875,77.32131958007812,1370.9520263671875,115.96376037597656,,0.0
240,716.185302734375,318.6100158691406,836.3720703125,397.1906127929688,,0.0
240,1368.2159423828125,0.1406097412109375,1383.8128662109375,19.270395278930664,,0.0
240,677.0028686523438,235.1714324951172,727.81005859375,280.8909606933594,,0.0
240,1230.9312744140625,37.17223358154297,1251.9549560546875,67.93255615234375,,0.0
240,620.8070068359375,206.82244873046875,670.9205322265625,250.70944213867188,,0.0
240,420.55853271484375,109.89952087402344,470.1749267578125,152.11886596679688,,0.0
240,1343.4130859375,52.274227142333984,1390.164794921875,89.8145751953125,,0.0
240,1097.3155517578125,209.5531768798828,1129.0875244140625,255.28712463378903,,0.0
240,867.9169921875,549.3667602539062,940.44140625,626.2155151367188,,0.0
240,768.3860473632812,351.7250671386719,876.7130737304688,437.35540771484375,,0.0
240,832.87060546875,255.64247131347656,884.9566650390625,311.2248229980469,,0.0
240,1088.445556640625,232.3589630126953,1126.238525390625,287.8860778808594,,0.0
240,1089.9005126953125,57.59634017944336,1134.097900390625,101.37481689453124,,0.0
240,1236.835205078125,95.81773376464844,1299.0556640625,139.81581115722656,,0.0
240,903.295654296875,122.73918151855467,947.3479614257812,168.0784149169922,,0.0
240,797.87060546875,256.7192077636719,855.4562377929688,312.9577331542969,,0.0
240,1265.0751953125,261.79705810546875,1307.2679443359375,317.6045837402344,,0.0
240,543.9990844726562,243.8515472412109,628.4854736328125,307.5892639160156,,0.0
240,1255.84716796875,78.44757080078125,1276.420166015625,100.00282287597656,,0.0
240,1289.9071044921875,77.4914321899414,1310.2344970703125,115.73892211914062,,0.0
240,997.11181640625,213.11676025390625,1085.108642578125,275.1119079589844,,0.0
240,1046.8388671875,58.77817916870117,1070.153076171875,92.53011322021484,,0.0
240,372.983154296875,205.099365234375,409.2679443359375,257.945068359375,,0.0
240,749.5975952148438,179.72894287109375,805.8929443359375,222.8779754638672,,0.0
240,1168.2628173828125,634.6053466796875,1203.2752685546875,691.3696899414062,,0.0
240,1379.6929931640625,197.8644561767578,1395.5013427734375,243.5649871826172,,0.0
240,1317.43896484375,137.02635192871094,1344.66796875,180.8155670166016,,0.0
240,1149.3701171875,634.297607421875,1203.900146484375,691.8527221679688,,0.0
240,1344.0008544921875,52.10072326660156,1390.3814697265625,89.83174133300781,,0.0
240,392.7299499511719,109.74641418457033,424.8583068847656,147.94737243652344,,0.0
240,535.12353515625,214.6070098876953,567.1480712890625,258.6996459960937,,0.0
240,1306.3660888671875,186.3250732421875,1360.8759765625,252.93502807617188,,0.0
240,544.50830078125,243.9309844970703,628.4550170898438,307.3314819335937,,0.0
240,925.0107421875,361.8901062011719,956.3629760742188,398.5704040527344,,0.0
240,1085.69580078125,144.04025268554688,1118.968505859375,186.50650024414065,,0.0
240,260.2084045410156,286.43768310546875,279.4044494628906,328.7037353515625,,0.0
240,953.1460571289062,392.799072265625,985.916748046875,457.1170043945313,,0.0
240,1100.75439453125,278.48876953125,1187.1923828125,336.62261962890625,,0.0
240,1320.498291015625,73.3212661743164,1341.8087158203125,108.8058624267578,,0.0
240,1202.0318603515625,153.4613800048828,1233.3138427734375,196.0236358642578,,0.0
240,798.2080688476562,255.5411529541016,884.3045654296875,312.6704406738281,,0.0
240,1236.7236328125,95.8223876953125,1299.4683837890625,140.02259826660156,,0.0
240,1411.413818359375,230.90887451171875,1431.5316162109375,282.88433837890625,,0.0
240,373.6526489257813,125.8999252319336,395.8567810058594,164.30377197265625,,0.0
240,301.6817932128906,98.34548950195312,322.2178955078125,132.656494140625,,0.0
240,1011.6058959960938,370.0349426269531,1077.54248046875,433.15673828125,,0.0
240,579.3112182617188,192.16110229492188,615.6851196289062,235.41275024414065,,0.0
240,81.89735412597656,454.2005920410156,152.3368377685547,525.9974365234375,,0.0
240,196.50680541992188,563.7196044921875,384.2333068847656,711.7059326171875,,0.0
240,1306.0247802734375,194.5283050537109,1346.6107177734375,253.0422515869141,,0.0
240,1319.1451416015625,185.79722595214844,1363.3443603515625,241.10888671875,,0.0
240,254.38807678222656,89.59455108642578,275.5429382324219,124.64614868164062,,0.0
240,953.3342895507812,393.1899108886719,976.7839965820312,455.5574645996094,,0.0
250,786.9785766601562,568.5601196289062,915.7584838867188,681.2020263671875,,0.0
250,649.4735717773438,187.3395538330078,714.1976928710938,236.7808532714844,,0.0
250,200.45372009277344,162.60614013671875,260.5541687011719,213.2637176513672,,0.0
250,669.22216796875,599.492431640625,796.260009765625,713.9810180664062,,0.0
250,600.2262573242188,630.6708984375,733.5279541015625,720.0,,0.0
250,492.072265625,183.6638946533203,524.1784057617188,231.38003540039065,,0.0
250,933.53466796875,362.7635803222656,956.341552734375,395.83441162109375,,0.0
250,925.4826049804688,572.435302734375,1044.4080810546875,680.5773315429688,,0.0
250,1332.0845947265625,86.28074645996094,1355.4293212890625,125.96050262451172,,0.0
250,664.9857788085938,340.4917907714844,789.678466796875,421.8533325195313,,0.0
250,657.8787231445312,236.5583038330078,712.6688842773438,282.0320739746094,,0.0
250,1244.5753173828125,32.4871826171875,1264.5277099609375,62.33619689941406,,0.0
250,600.5064086914062,202.0511932373047,651.3177490234375,251.3779754638672,,0.0
250,421.3093566894531,111.97412109375,470.7282104492188,151.90382385253906,,0.0
250,1395.7183837890625,44.492950439453125,1414.4781494140625,78.3785400390625,,0.0
250,1074.633056640625,219.6010589599609,1108.4693603515625,264.1837158203125,,0.0
250,961.0792236328124,229.56332397460932,1053.0284423828125,295.304443359375,,0.0
250,870.6402587890625,549.3461303710938,940.56884765625,625.9489135742188,,0.0
250,709.6646728515625,380.50830078125,823.5449829101562,472.2619934082031,,0.0
250,832.9835205078125,256.5262145996094,889.1947631835938,310.8489990234375,,0.0
250,1062.3272705078125,245.2281951904297,1098.5189208984375,301.21051025390625,,0.0
250,1093.294921875,59.10926818847656,1135.8663330078125,100.41171264648438,,0.0
250,1219.0181884765625,104.1814422607422,1281.1171875,148.3573455810547,,0.0
250,95.99465942382812,625.3485717773438,269.21392822265625,719.0941772460938,,0.0
250,903.064697265625,123.05809020996094,947.2965698242188,168.22695922851562,,0.0
250,801.8490600585938,257.544921875,858.6651611328125,313.6895446777344,,0.0
250,1251.41064453125,252.27183532714844,1293.202392578125,306.267822265625,,0.0
250,557.1083984375,249.58856201171875,644.5361938476562,317.53399658203125,,0.0
250,1273.0968017578125,82.96562957763672,1295.8514404296875,124.259765625,,0.0
250,960.3790283203124,229.9838256835937,1052.8822021484375,294.6430969238281,,0.0
250,1046.8060302734375,58.42348861694336,1070.138671875,92.78473663330078,,0.0
250,366.1599426269531,199.01998901367188,400.8896179199219,259.17840576171875,,0.0
250,790.1205444335938,174.50819396972656,844.5062255859375,219.5321502685547,,0.0
250,1379.4490966796875,197.18096923828125,1397.60400390625,243.4735412597656,,0.0
250,1291.7305908203125,145.9760284423828,1322.1474609375,190.8290100097656,,0.0
250,1158.654052734375,634.86083984375,1203.8306884765625,691.5042114257812,,0.0
250,1333.309326171875,59.06969833374024,1381.8011474609375,96.8810806274414,,0.0
250,392.7673645019531,109.92574310302734,425.9256286621094,144.81500244140625,,0.0
250,554.5386352539062,218.6062164306641,589.8885498046875,261.3305969238281,,0.0
250,1306.2982177734375,188.0276031494141,1359.2425537109375,252.96923828125,,0.0
250,1057.679931640625,151.50897216796875,1092.9444580078125,195.08995056152344,,0.0
250,245.3808135986328,288.9891052246094,271.2740783691406,332.36724853515625,,0.0
250,1100.400390625,279.12115478515625,1186.9482421875,336.6246032714844,,0.0
250,422.74603271484375,196.19288635253903,493.7535705566406,251.99855041503903,,0.0
250,1307.376953125,79.18152618408203,1328.29248046875,116.07360076904295,,0.0
250,1174.245849609375,164.74566650390625,1206.7388916015625,207.6951141357422,,0.0
250,801.4541625976562,256.52752685546875,888.7966918945312,313.2696838378906,,0.0
250,1218.5675048828125,103.85491943359376,1281.47705078125,148.66404724121094,,0.0
250,1415.355224609375,231.014404296875,1437.4658203125,282.2374572753906,,0.0
250,394.9231567382813,133.1927032470703,419.4380187988281,174.25204467773438,,0.0
250,313.9013366699219,105.19113159179688,336.061279296875,140.12322998046875,,0.0
250,988.257568359375,363.5521545410156,1053.244140625,425.2788391113281,,0.0
250,135.21339416503906,430.7672119140625,203.1652069091797,504.9263000488281,,0.0
250,99.12342071533205,624.6028442382812,270.5419921875,720.0,,0.0
250,1306.0869140625,194.37713623046875,1347.222412109375,253.1671905517578,,0.0
250,266.864990234375,95.27774810791016,288.3815612792969,131.9810028076172,,0.0
250,949.4111328125,393.06097412109375,971.685302734375,455.4210510253906,,0.0
250,1178.08251953125,634.2356567382812,1203.609619140625,691.2611083984375,,0.0
250,1382.283447265625,110.4223175048828,1408.2786865234375,152.395751953125,,0.0
250,1332.673828125,58.80802154541016,1381.8677978515625,97.02518463134766,,0.0
260,787.0333862304688,568.1444702148438,914.9259643554688,677.935791015625,,0.0
260,628.0570678710938,185.2848052978516,690.9580688476562,238.09066772460932,,0.0
260,199.75198364257807,162.30697631835938,260.5331115722656,213.30886840820312,,0.0
260,669.0238647460938,599.3258666992188,796.4837646484375,714.0072631835938,,0.0
260,600.1636352539062,630.4985961914062,733.5778198242188,720.0,,0.0
260,477.618408203125,184.5181579589844,505.9419250488281,229.27500915527344,,0.0
260,932.2555541992188,362.7302856445313,956.9253540039062,396.2822265625,,0.0
260,436.0186767578125,205.17303466796875,506.2203979492188,262.759765625,,0.0
260,925.5982666015624,572.5971069335938,1044.4744873046875,679.0697631835938,,0.0
260,1315.1668701171875,94.35157775878906,1339.0029296875,135.38897705078125,,0.0
260,607.6589965820312,364.2182922363281,739.443359375,451.1952209472656,,0.0
260,1322.87255859375,64.47885131835938,1371.887451171875,104.20999145507812,,0.0
260,641.4312744140625,234.329833984375,693.8412475585938,282.75640869140625,,0.0
260,1257.47705078125,27.70989418029785,1277.607421875,56.79929733276367,,0.0
260,420.3443908691406,112.19178771972656,471.80999755859375,151.2008056640625,,0.0
260,1384.86474609375,50.36108016967773,1404.282470703125,85.8140640258789,,0.0
260,1051.9969482421875,232.3312530517578,1083.11474609375,277.5882873535156,,0.0
260,921.4529418945312,247.1685333251953,1019.13525390625,314.6289367675781,,0.0
260,869.8049926757812,548.5439453125,940.821533203125,625.9983520507812,,0.0
260,640.078369140625,413.78271484375,764.5452270507812,512.4738159179688,,0.0
260,837.6171875,257.4506225585937,892.7743530273438,310.7372131347656,,0.0
260,1037.0283203125,256.669921875,1073.252685546875,315.0601806640625,,0.0
260,1097.4569091796875,58.17678451538086,1137.1749267578125,99.2648696899414,,0.0
260,1199.4990234375,111.8039321899414,1266.103759765625,156.76966857910156,,0.0
260,903.0505981445312,122.9058609008789,946.8668212890624,168.44325256347656,,0.0
260,803.3713989257812,258.4083251953125,864.585693359375,313.3407897949219,,0.0
260,1239.703369140625,243.520263671875,1280.10009765625,296.8791809082031,,0.0
260,570.9674072265625,259.0997619628906,659.7739868164062,326.4134521484375,,0.0
260,1218.7763671875,94.68106842041016,1241.1922607421875,118.83432006835938,,0.0
260,1257.86572265625,88.01558685302734,1283.5908203125,131.48928833007812,,0.0
260,921.0933837890624,247.6775360107422,1018.77294921875,314.8042297363281,,0.0
260,1046.8817138671875,58.39941787719727,1070.107421875,92.8659896850586,,0.0
260,356.7822265625,194.9193572998047,397.0559692382813,249.779541015625,,0.0
260,832.1580200195312,171.06553649902344,880.1359252929688,214.3627014160156,,0.0
260,1377.0947265625,196.5413055419922,1394.4146728515625,243.07763671875,,0.0
260,1263.1612548828125,155.32603454589844,1295.3184814453125,200.5906219482422,,0.0
260,1159.88671875,635.046875,1204.165283203125,691.5317993164062,,0.0
260,1322.711181640625,64.6945571899414,1371.9195556640625,103.88214111328124,,0.0
260,392.8078918457031,109.39115142822266,425.5856628417969,147.7645721435547,,0.0
260,578.673583984375,222.6073455810547,622.0093994140625,264.44708251953125,,0.0
260,1306.1968994140625,188.0355224609375,1359.1156005859375,253.07962036132807,,0.0
260,570.9943237304688,258.5978698730469,660.44287109375,326.838134765625,,0.0
260,1026.6463623046875,158.64059448242188,1065.6795654296875,202.7865600585937,,0.0
260,231.723861694336,288.8822631835937,253.9892578125,332.0341491699219,,0.0
260,927.742431640625,392.5059814453125,967.742431640625,452.4359436035156,,0.0
260,1100.01171875,278.03839111328125,1186.234619140625,335.6199951171875,,0.0
260,436.03851318359375,205.3771514892578,507.3518371582031,263.001708984375,,0.0
260,256.078857421875,250.5416412353516,277.6347045898437,290.7082824707031,,0.0
260,1292.6038818359375,85.29676055908203,1314.4154052734375,123.03880310058594,,0.0
260,1144.305419921875,175.07003784179688,1180.0643310546875,219.88677978515625,,0.0
260,804.7146606445312,256.2043762207031,893.7472534179688,312.3390808105469,,0.0
260,1200.0106201171875,112.16636657714844,1266.391845703125,157.00210571289062,,0.0
260,1415.4561767578125,231.3694000244141,1445.417724609375,287.354736328125,,0.0
260,417.3401184082031,142.24197387695312,442.4305419921875,181.7669219970703,,0.0
260,328.5687866210937,110.09893035888672,349.5903625488281,147.3284912109375,,0.0
260,968.58154296875,356.5338134765625,1033.48828125,419.2619323730469,,0.0
260,184.5507202148437,416.4201354980469,250.4232177734375,484.9299621582031,,0.0
260,279.0700988769531,103.6128387451172,302.2388000488281,140.6619873046875,,0.0
260,940.7308959960938,393.2304992675781,967.7767944335938,451.9585266113281,,0.0
260,1178.200927734375,634.4682006835938,1203.818359375,691.3834838867188,,0.0
260,1372.6583251953125,120.86320495605467,1397.3116455078125,161.18002319335938,,0.0
260,701.2203979492188,221.3398895263672,723.8958740234375,261.9141540527344,,0.0
270,787.1905517578125,568.1784057617188,914.5458984375,681.868896484375,,0.0
270,198.20762634277344,162.71080017089844,260.2193298339844,213.55079650878903,,0.0
270,669.1181640625,599.310302734375,796.2546997070312,713.9356689453125,,0.0
270,600.23583984375,630.430419921875,733.8116455078125,720.0,,0.0
270,461.8812561035156,178.59832763671875,497.3779296875,220.2219390869141,,0.0
270,936.1516723632812,361.5904235839844,957.3517456054688,396.4192199707031,,0.0
270,449.26275634765625,214.5662078857422,522.880615234375,273.34930419921875,,0.0
270,925.2848510742188,572.238525390625,1044.4688720703125,676.2423095703125,,0.0
270,1298.216064453125,105.2828369140625,1324.3897705078125,144.4827423095703,,0.0
270,542.9154663085938,392.6919860839844,684.5010375976562,482.8912048339844,,0.0
270,1311.203125,71.14990234375,1363.468505859375,111.11839294433594,,0.0
270,691.8856811523438,223.7267608642578,711.9094848632812,260.9872741699219,,0.0
270,1270.896728515625,22.834901809692383,1289.9443359375,50.946922302246094,,0.0
270,419.6659851074219,112.22301483154295,470.9007263183594,151.46926879882812,,0.0
270,1375.0924072265625,56.10482025146485,1394.5626220703125,93.87933349609376,,0.0
270,1025.08203125,243.99913024902344,1057.5823974609375,291.0966186523437,,0.0
270,879.0200805664062,266.0124206542969,980.4498291015624,335.8847045898437,,0.0
270,869.0338134765625,547.1580810546875,942.1194458007812,626.0621337890625,,0.0
270,558.0081176757812,451.864013671875,694.2426147460938,556.9601440429688,,0.0
270,841.1895751953125,257.2152404785156,892.4961547851562,311.9071655273437,,0.0
270,1009.8287353515624,270.6114807128906,1045.9825439453125,329.6449279785156,,0.0
270,1102.3153076171875,59.54443740844727,1142.11669921875,98.03925323486328,,0.0
270,1179.5977783203125,118.28824615478516,1249.297119140625,165.31539916992188,,0.0
270,903.1381225585938,123.27693939208984,946.6183471679688,168.18344116210938,,0.0
270,808.0045776367188,258.8530578613281,867.9990844726562,313.82781982421875,,0.0
270,1230.16552734375,235.223388671875,1268.6192626953125,287.5845947265625,,0.0
270,346.5911560058594,189.6926422119141,374.0393371582031,232.67398071289065,,0.0
270,1240.852294921875,94.67916107177734,1263.9937744140625,138.02650451660156,,0.0
270,878.4795532226562,266.2380676269531,979.8990478515624,335.9817810058594,,0.0
270,1047.0235595703125,58.75454711914063,1069.9468994140625,92.78646087646484,,0.0
270,379.5587463378906,210.1805419921875,395.59124755859375,243.90391540527344,,0.0
270,871.4732055664062,161.87106323242188,917.642333984375,207.9259033203125,,0.0
270,1168.6951904296875,634.6958618164062,1204.177734375,691.3873291015625,,0.0
270,1379.65234375,195.9462127685547,1395.9161376953125,242.30630493164065,,0.0
270,1233.8389892578125,164.85194396972656,1266.873046875,210.222885131836,,0.0
270,1149.3897705078125,634.4168090820312,1204.385498046875,691.828125,,0.0
270,1311.9073486328125,70.84028625488281,1363.193359375,111.24803161621094,,0.0
270,392.7418518066406,110.13084411621094,425.0021362304688,147.91285705566406,,0.0
270,1306.478515625,188.58004760742188,1358.05810546875,253.08921813964844,,0.0
270,584.8786010742188,267.835205078125,675.736328125,336.7403259277344,,0.0
270,927.534912109375,361.73138427734375,957.2156982421876,395.32611083984375,,0.0
270,543.835693359375,392.2696533203125,683.09814453125,483.8966369628906,,0.0
270,995.3682861328124,164.99664306640625,1033.7528076171875,210.2808380126953,,0.0
270,219.21066284179688,286.3816833496094,238.33511352539065,332.1954040527344,,0.0
270,914.6873168945312,392.9924011230469,963.3973388671876,449.1268005371094,,0.0
270,1097.9708251953125,276.703857421875,1184.8648681640625,334.6134033203125,,0.0
270,449.3053283691406,213.7977600097656,523.3344116210938,273.4906616210937,,0.0
270,1276.1563720703125,92.17477416992188,1298.7117919921875,131.2451171875,,0.0
270,1115.3048095703125,187.0743865966797,1149.215087890625,233.23291015625,,0.0
270,809.7662353515625,257.269775390625,890.714111328125,312.9135437011719,,0.0
270,1179.201904296875,117.93434143066406,1248.9208984375,164.9663848876953,,0.0
270,1425.2174072265625,234.15023803710932,1446.0728759765625,284.67047119140625,,0.0
270,440.9790649414063,149.3907012939453,466.3741149902344,190.0293731689453,,0.0
270,342.63433837890625,117.5470733642578,364.0747680664063,153.55291748046875,,0.0
270,956.0267333984376,352.77105712890625,1021.6917114257812,416.18841552734375,,0.0
270,643.6826171875,203.6207427978516,694.8694458007812,245.7266845703125,,0.0
270,230.6998443603516,399.3851013183594,293.9482727050781,467.9929809570313,,0.0
270,293.5898132324219,109.94853973388672,317.1046142578125,149.036865234375,,0.0
270,933.677734375,390.507568359375,963.5424194335938,448.9964904785156,,0.0
270,1360.444580078125,127.38240814208984,1385.512939453125,170.5814666748047,,0.0
270,605.879150390625,230.7320556640625,675.9033203125,281.7728881835937,,0.0
270,597.9471435546875,184.26345825195312,667.9764404296875,233.9073944091797,,0.0
270,1098.7623291015625,276.0904541015625,1186.1634521484375,334.0681457519531,,0.0
270,885.8501586914062,648.8448486328125,924.4904174804688,719.5336303710938,,0.0
270,140.35166931152344,199.6710205078125,177.32086181640625,244.31961059570312,,0.0
280,787.9092407226562,568.0172119140625,914.801025390625,687.1729736328125,,0.0
280,198.7821350097656,162.861328125,260.38580322265625,213.231201171875,,0.0
280,669.26025390625,599.1992797851562,796.4410400390625,713.8091430664062,,0.0
280,600.3302612304688,630.6553955078125,733.6224975585938,720.0,,0.0
280,444.9754333496094,178.7969970703125,483.2620849609375,220.43296813964844,,0.0
280,463.169921875,224.18299865722656,539.1622924804688,283.0726318359375,,0.0
280,925.1727294921876,572.3871459960938,1044.23974609375,675.2854614257812,,0.0
280,1279.7869873046875,114.5363311767578,1306.2947998046875,154.42495727539062,,0.0
280,469.8466491699219,421.4698791503906,620.4384765625,520.7437133789062,,0.0
280,1300.1058349609375,76.77283477783203,1354.1005859375,117.82402801513672,,0.0
280,1282.9248046875,17.578773498535156,1301.6473388671875,45.70008087158203,,0.0
280,418.5977783203125,112.03282928466795,470.2910461425781,151.98248291015625,,0.0
280,1365.8619384765625,65.68370819091797,1387.1607666015625,102.76626586914062,,0.0
280,996.3453369140624,256.1875915527344,1032.0238037109375,304.4474792480469,,0.0
280,831.7501831054688,285.7752685546875,940.0546264648438,359.7729797363281,,0.0
280,868.0801391601562,546.3781127929688,942.406005859375,625.8397827148438,,0.0
280,462.91693115234375,493.8956298828125,613.106689453125,610.4584350585938,,0.0
280,850.5587158203125,258.5399780273437,893.62939453125,309.89630126953125,,0.0
280,979.8887329101562,284.0715026855469,1019.1300659179688,344.9660339355469,,0.0
280,1107.8118896484375,59.18033599853516,1146.262451171875,96.89061737060548,,0.0
280,1158.108642578125,126.15715026855467,1230.275390625,173.0619354248047,,0.0
280,903.2311401367188,123.11368560791016,946.9698486328124,167.8385009765625,,0.0
280,813.2052612304688,261.4314880371094,867.76123046875,313.5263671875,,0.0
280,1087.3956298828125,56.03930282592773,1124.4830322265625,88.0674057006836,,0.0
280,1221.4794921875,226.90269470214844,1259.19384765625,279.07049560546875,,0.0
280,597.2466430664062,273.7683410644531,685.1351318359375,346.231201171875,,0.0
280,336.9218444824219,184.92721557617188,364.5510864257813,228.1029510498047,,0.0
280,1222.034912109375,103.06835174560548,1246.6561279296875,146.18678283691406,,0.0
280,832.2811889648438,285.94549560546875,939.1043090820312,359.6934509277344,,0.0
280,1046.94677734375,58.82057189941406,1069.780517578125,92.95110321044922,,0.0
280,908.4149169921876,158.24813842773438,947.9794311523438,200.84754943847656,,0.0
280,1166.2335205078125,634.9713134765625,1204.2823486328125,691.568603515625,,0.0
280,1380.2822265625,196.13528442382807,1397.59912109375,241.7759704589844,,0.0
280,1203.638427734375,173.80992126464844,1237.0054931640625,220.5150604248047,,0.0
280,1149.405029296875,635.3440551757812,1204.5384521484375,691.0595703125,,0.0
280,1300.31396484375,77.0312271118164,1353.7813720703125,118.14111328125,,0.0
280,392.0595397949219,110.67745208740234,424.8725891113281,147.5590057373047,,0.0
280,632.9475708007812,230.63784790039065,694.9052124023438,279.6527709960937,,0.0
280,1306.46728515625,188.1695556640625,1359.825439453125,253.0515289306641,,0.0
280,597.2900390625,274.3306579589844,684.2037963867188,345.6102294921875,,0.0
280,962.0449829101562,172.47988891601562,1003.6129760742188,217.0888061523437,,0.0
280,205.93214416503903,288.3108215332031,232.41586303710932,332.4483947753906,,0.0
280,881.788330078125,358.87335205078125,983.089111328125,446.6374206542969,,0.0
280,1096.22998046875,275.69439697265625,1182.305419921875,332.7004699707031,,0.0
280,463.057861328125,224.1385955810547,538.7070922851562,283.33599853515625,,0.0
280,1258.3953857421875,98.82665252685548,1282.4630126953125,138.3988037109375,,0.0
280,1088.213134765625,200.16734313964844,1123.9791259765625,247.78369140625,,0.0
280,814.0711669921875,260.4320068359375,890.9686279296875,313.6224670410156,,0.0
280,1157.5880126953125,125.61471557617188,1231.12744140625,173.18002319335938,,0.0
280,1436.6986083984375,235.0038909912109,1454.9337158203125,267.1529235839844,,0.0
280,465.9712219238281,157.04148864746094,497.7989196777344,198.7412109375,,0.0
280,357.5482788085937,123.54501342773438,379.6816101074219,159.7700653076172,,0.0
280,949.2849731445312,352.3788452148437,1015.4568481445312,414.3428039550781,,0.0
280,678.7277221679688,204.5462951660156,731.993408203125,257.05633544921875,,0.0
280,271.7960205078125,383.6730041503906,332.5459289550781,450.9776916503906,,0.0
280,1306.2081298828125,194.08897399902344,1347.41357421875,253.20816040039065,,0.0
280,310.3064270019531,116.62261962890624,333.8218994140625,155.74119567871094,,0.0
280,1177.4471435546875,634.309814453125,1204.0926513671875,691.3392333984375,,0.0
280,1346.966796875,135.7908477783203,1373.1585693359375,179.25039672851562,,0.0
280,609.6685791015625,231.2412567138672,685.7574462890625,282.1075744628906,,0.0
280,560.5969848632812,206.35997009277344,610.0689697265625,252.07164001464844,,0.0
280,577.3157958984375,182.07147216796875,642.70263671875,234.0153350830078,,0.0
280,1096.8138427734375,274.9390869140625,1182.1510009765625,332.08270263671875,,0.0
280,169.48060607910156,205.4730224609375,205.58290100097656,248.3241271972656,,0.0
280,902.2063598632812,640.9658813476562,935.5151977539062,718.3218383789062,,0.0
290,787.5321044921875,567.8931884765625,915.5361328125,687.3712768554688,,0.0
290,198.93931579589844,162.6751708984375,260.3829650878906,212.20497131347656,,0.0
290,669.547119140625,599.1776733398438,796.4862060546875,713.9469604492188,,0.0
290,600.2911987304688,630.6121826171875,733.8121948242188,720.0,,0.0
290,430.2244567871094,177.43307495117188,467.6950073242188,219.13140869140625,,0.0
290,475.9157409667969,231.84207153320312,553.5986938476562,293.131591796875,,0.0
290,927.2041015625,572.3600463867188,1044.243896484375,664.610107421875,,0.0
290,1259.901611328125,122.6226806640625,1287.5850830078125,165.22134399414062,,0.0
290,387.8950500488281,455.2425231933594,549.083984375,560.5225830078125,,0.0
290,1288.8970947265625,83.29082489013672,1344.6490478515625,125.62698364257812,,0.0
290,1294.792724609375,12.43759059906006,1313.623291015625,40.29367446899414,,0.0
290,419.36627197265625,111.9492645263672,470.2970581054688,152.00843811035156,,0.0
290,1357.2515869140625,73.92239379882812,1379.57275390625,112.47093963623048,,0.0
290,964.8995971679688,271.3028564453125,1001.4129638671876,319.5628356933594,,0.0
290,868.583984375,547.43115234375,941.2094116210938,626.0283203125,,0.0
290,351.1546325683594,545.0797729492188,517.9269409179688,671.5542602539062,,0.0
290,853.6396484375,260.4028625488281,914.1636352539062,310.9490661621094,,0.0
290,947.3403930664062,296.9612121582031,989.1921997070312,353.60845947265625,,0.0
290,1113.6470947265625,56.50200653076172,1153.4886474609375,94.84894561767578,,0.0
290,903.2157592773438,122.932373046875,946.8909912109376,167.98941040039062,,0.0
290,821.0657348632812,263.0697937011719,877.2283325195312,314.197265625,,0.0
290,1087.7783203125,55.47295379638672,1127.43310546875,87.79766082763672,,0.0
290,1216.0823974609375,222.0333404541016,1251.37939453125,272.5377197265625,,0.0
290,607.970458984375,282.7929992675781,696.6907958984375,355.319580078125,,0.0
290,327.41424560546875,179.32345581054688,354.7940673828125,221.85435485839844,,0.0
290,1203.3822021484375,110.76097106933594,1227.8292236328125,153.23202514648438,,0.0
290,779.7122192382812,307.9295349121094,894.3801879882812,387.647705078125,,0.0
290,1046.9442138671875,58.8066291809082,1069.8345947265625,92.80651092529295,,0.0
290,941.4995727539062,150.870849609375,978.1893310546876,191.31602478027344,,0.0
290,1163.5811767578125,635.122802734375,1204.328857421875,691.65283203125,,0.0
290,1380.281005859375,195.7411346435547,1397.3433837890625,240.3537139892578,,0.0
290,1174.813720703125,183.2218475341797,1208.2701416015625,231.1609649658203,,0.0
290,1288.597412109375,83.4439468383789,1344.312744140625,124.8940658569336,,0.0
290,392.27484130859375,110.2422103881836,425.306396484375,148.3400115966797,,0.0
290,663.9428100585938,223.85791015625,720.9580078125,279.168212890625,,0.0
290,1306.5986328125,189.5304718017578,1361.9932861328125,252.9599151611328,,0.0
290,607.9016723632812,283.3096618652344,695.3699340820312,355.82977294921875,,0.0
290,927.9984741210938,176.6010284423828,973.109130859375,224.0185546875,,0.0
290,194.1759033203125,288.9615478515625,216.1941070556641,333.631591796875,,0.0
290,1380.2935791015625,19.441312789916992,1402.327880859375,47.33803176879883,,0.0
290,931.209228515625,389.6573486328125,956.7849731445312,448.6430969238281,,0.0
290,1094.8802490234375,273.64666748046875,1181.537109375,330.7127990722656,,0.0
290,475.7665100097656,230.33790588378903,553.9526977539062,293.3729553222656,,0.0
290,1239.4696044921875,107.51537322998048,1263.7945556640625,147.23641967773438,,0.0
290,1062.72607421875,214.178955078125,1095.4378662109375,261.9581298828125,,0.0
290,1135.2618408203125,132.05628967285156,1210.5379638671875,181.43194580078125,,0.0
290,498.1721496582031,164.1204833984375,538.6588745117188,206.52175903320312,,0.0
290,371.8864440917969,128.80210876464844,394.1200256347656,167.17820739746094,,0.0
290,945.6190185546876,350.9838562011719,1010.437744140625,413.6566467285156,,0.0
290,706.1124877929688,207.6683807373047,761.1265258789062,252.19322204589844,,0.0
290,308.7102966308594,371.7454528808594,364.8274536132813,436.2173461914063,,0.0
290,327.9116516113281,123.6611557006836,352.5858764648437,163.51039123535156,,0.0
290,1177.6182861328125,634.6773681640625,1204.0687255859375,691.2816772460938,,0.0
290,1331.8670654296875,145.19091796875,1358.08349609375,187.99411010742188,,0.0
290,551.3114624023438,180.497299194336,615.9817504882812,231.9627227783203,,0.0
290,593.9421997070312,238.7386474609375,645.5248413085938,284.065185546875,,0.0
290,197.5298614501953,206.66763305664065,234.1558380126953,252.2499084472656,,0.0
290,908.974609375,641.9890747070312,949.2132568359376,718.8696899414062,,0.0
