frame,track_id,x,y,w,h
0,-1,787.53369140625,568.2328491210938,128.70880126953125,119.33392333984376
0,-1,1165.7738037109375,112.72737121582033,44.7850341796875,46.74354553222655
0,-1,201.55039978027344,162.69435119628906,58.94313049316406,51.01844787597653
0,-1,669.0519409179688,599.1837768554688,127.6678466796875,115.09124755859376
0,-1,601.977783203125,631.4344482421875,130.1141357421875,87.96649169921875
0,-1,1023.6920166015624,285.2257385253906,68.58361816406261,72.94488525390625
0,-1,1011.1453247070312,164.44566345214844,36.41778564453125,48.08682250976565
0,-1,1076.0506591796875,406.5670776367188,73.7161865234375,67.69332885742182
0,-1,117.5255355834961,649.0818481445312,81.0515213012695,70.91815185546875
0,-1,257.8902282714844,231.1963653564453,51.35415649414063,46.05870056152344
0,-1,145.7408905029297,228.03445434570312,48.68136596679688,46.7265625
0,-1,247.2283935546875,121.83448791503906,21.05682373046875,37.05256652832031
0,-1,925.80078125,572.620849609375,119.5650634765625,111.141357421875
0,-1,607.8446655273438,324.2595520019531,82.19866943359375,69.57672119140625
0,-1,782.3499755859375,219.3065948486328,37.31475830078125,49.37751770019531
0,-1,1238.69287109375,90.08317565917967,58.6734619140625,42.9175262451172
0,-1,658.5513305664062,269.3075561523437,45.7733154296875,61.83227539062506
0,-1,243.0165100097656,206.17335510253903,40.6578063964844,41.3096618652344
0,-1,848.3549194335938,242.57339477539065,81.98333740234386,91.0908508300781
0,-1,1117.1468505859375,154.4944305419922,35.3348388671875,43.16085815429685
0,-1,764.1625366210938,201.1985015869141,33.58746337890625,46.22177124023435
0,-1,1132.82958984375,132.49545288085938,31.9246826171875,40.96485900878906
0,-1,406.3866271972656,111.6897964477539,52.7142333984375,42.80623626708984
0,-1,1069.9852294921875,102.1807632446289,26.7413330078125,32.961997985839844
0,-1,1288.4613037109375,26.711406707763672,21.9903564453125,35.28036880493164
0,-1,912.5953369140624,155.5424346923828,38.28326416015637,44.4453430175781
0,-1,868.9002685546875,550.5401611328125,73.88153076171875,76.33880615234375
0,-1,1361.9293212890625,45.79069137573242,43.02978515625,36.62185287475586
0,-1,517.2100830078125,215.43426513671875,47.6474609375,44.42657470703125
0,-1,1303.96728515625,12.209172248840332,16.3177490234375,26.372008323669437
0,-1,1037.4322509765625,83.13522338867188,35.6759033203125,38.60939025878906
0,-1,1159.061767578125,68.16091918945312,19.72607421875,32.65708160400392
0,-1,1300.3826904296875,87.85621643066406,55.4547119140625,48.431884765625
0,-1,749.3701171875,289.751708984375,55.39276123046875,75.2728271484375
0,-1,900.208740234375,122.83355712890624,47.396240234375,45.20442199707033
0,-1,659.953857421875,304.0326538085937,59.53033447265625,67.74560546875006
0,-1,1089.38671875,56.374454498291016,48.216552734375,32.76992416381836
0,-1,1198.3388671875,143.30099487304688,70.0301513671875,49.29988098144531
0,-1,1327.3751220703125,279.5184936523437,61.93603515625,53.73434448242193
0,-1,268.4125061035156,98.021240234375,49.931640625,38.92070007324219
0,-1,898.4855346679688,148.1106719970703,25.1605224609375,42.49226379394528
0,-1,231.0476226806641,72.30872344970703,17.91954040527341,30.815773010253903
0,-1,1198.5892333984375,143.41864013671875,69.3834228515625,49.13873291015625
0,-1,1144.718505859375,91.5276336669922,19.83544921875,43.97135925292967
0,-1,1018.2035522460938,123.4200439453125,80.96954345703125,51.2052001953125
0,-1,1300.455322265625,87.83895111083984,56.1712646484375,48.65421295166016
0,-1,1306.2694091796875,187.6516265869141,44.7802734375,65.9645080566406
0,-1,1399.317626953125,11.709409713745115,30.8038330078125,28.654878616333008
0,-1,1017.8317260742188,123.6260223388672,80.46722412109375,49.8218536376953
0,-1,742.3307495117188,286.85223388671875,56.378173828125,51.45040893554688
0,-1,258.4706115722656,77.74348449707031,16.41766357421875,29.35699462890625
0,-1,974.1541748046876,223.1201934814453,22.023315429687383,38.98124694824219
0,-1,1172.166015625,635.4169921875,28.2781982421875,56.04217529296875
0,-1,1377.0423583984375,208.0446929931641,17.4542236328125,46.9970703125
0,-1,1386.653076171875,176.4423370361328,19.6051025390625,41.322708129882784
0,-1,1347.45263671875,188.6648101806641,15.0555419921875,43.19137573242188
0,-1,462.1651916503906,202.8550720214844,18.029022216796875,35.23239135742185
0,-1,1148.3636474609375,634.484130859375,52.3743896484375,57.93084716796875
10,-1,788.1317138671875,568.1580810546875,128.11370849609375,119.1954345703125
10,-1,1154.3868408203125,116.0458526611328,46.3834228515625,47.55520629882814
10,-1,201.2979888916016,162.6586456298828,59.16426086425778,51.19117736816406
10,-1,669.204833984375,599.1852416992188,127.58575439453124,114.94384765625
10,-1,602.2533569335938,631.3836669921875,130.110595703125,87.90618896484375
10,-1,1002.9342041015624,294.5780944824219,69.34326171875011,75.64468383789062
10,-1,992.1298217773438,169.84088134765625,37.34185791015625,47.03343200683594
10,-1,1055.3863525390625,401.5388793945313,72.619873046875,66.75216674804682
10,-1,209.30865478515625,230.6467437744141,50.32257080078125,48.15946960449216
10,-1,105.39772033691406,228.2889709472656,46.931640625,44.9513854980469
10,-1,236.8327178955078,118.10620880126952,21.530319213867188,34.662361145019545
10,-1,925.7102661132812,572.5632934570312,119.75714111328124,112.10040283203124
10,-1,582.1881103515625,319.41851806640625,80.6910400390625,70.02075195312506
10,-1,829.5250854492188,203.05995178222656,35.45928955078125,46.47183227539063
10,-1,1227.9334716796875,94.25618743896484,60.3204345703125,45.06656646728516
10,-1,708.7394409179688,250.9012908935547,39.93377685546875,60.36943054199219
10,-1,286.6949768066406,207.1751708984375,46.5401611328125,44.77203369140622
10,-1,831.1570434570312,249.8440093994141,83.63861083984375,93.69584655761716
10,-1,1101.98974609375,157.2551727294922,36.1092529296875,45.0487060546875
10,-1,788.5574340820312,192.7015991210937,35.74249267578125,45.065536499023466
10,-1,1118.7535400390625,136.33444213867188,32.887451171875,42.16340637207031
10,-1,405.1907043457031,111.67446899414062,56.680450439453125,41.96624755859375
10,-1,1093.64501953125,93.25482940673828,25.8531494140625,33.48918914794922
10,-1,1302.61962890625,20.50389671325684,23.0050048828125,30.4800853729248
10,-1,952.3428955078124,146.85818481445312,32.780944824218864,42.067855834960966
10,-1,869.9874877929688,550.29443359375,73.1304931640625,76.81732177734375
10,-1,1350.3582763671875,54.04818344116211,44.5611572265625,37.06656265258789
10,-1,542.686767578125,217.1537933349609,49.1474609375,45.233383178710966
10,-1,1318.2891845703125,5.824003219604492,15.633544921875,24.79032516479492
10,-1,1042.345703125,79.19322204589844,37.536376953125,40.39054870605469
10,-1,1173.7303466796875,60.04365921020508,19.4716796875,33.18098068237305
10,-1,1281.8543701171875,96.69696807861328,56.6009521484375,49.5649642944336
10,-1,729.5430908203125,301.8425598144531,47.50408935546875,56.27365112304688
10,-1,898.6602783203125,123.56389617919922,49.589843749999886,44.450645446777344
10,-1,634.412353515625,293.7185363769531,70.1275634765625,73.363037109375
10,-1,1089.474365234375,56.35152816772461,48.200439453125,32.694454193115234
10,-1,1175.564208984375,154.02359008789062,71.19873046875,50.23905944824219
10,-1,277.5971984863281,102.64533996582033,51.6046142578125,39.348327636718736
10,-1,933.4736328125,139.4554901123047,27.15533447265625,40.62678527832031
10,-1,243.4987945556641,81.51681518554688,18.016616821289038,26.49706268310547
10,-1,1175.717529296875,153.9328155517578,71.2701416015625,50.25997924804688
10,-1,1144.0040283203125,90.06803131103516,20.4443359375,42.91217803955078
10,-1,1350.7147216796875,53.67127227783203,44.017333984375,37.63725280761719
10,-1,1306.556396484375,187.2035522460937,46.549072265625,66.41258239746097
10,-1,1387.573486328125,17.509658813476562,36.4361572265625,30.2700424194336
10,-1,1043.6697998046875,113.60944366455078,76.0455322265625,49.89185333251953
10,-1,649.9697875976562,308.1679992675781,54.68902587890625,58.41827392578125
10,-1,968.9536743164062,221.7606658935547,16.510009765625,38.55720520019531
10,-1,1171.9835205078125,636.20458984375,28.8507080078125,54.8912353515625
10,-1,1376.1055908203125,209.7774353027344,18.6295166015625,45.09577941894528
10,-1,1384.170654296875,178.6305389404297,18.099365234375,36.18199157714838
10,-1,450.61279296875,204.2672576904297,22.348785400390625,39.9833679199219
10,-1,1043.4747314453125,113.55992889404295,76.9927978515625,49.428657531738295
10,-1,1074.12255859375,68.46500396728516,16.1343994140625,27.76351928710936
10,-1,711.546630859375,255.4925842285156,42.56317138671875,69.17129516601565
10,-1,267.8783874511719,83.74879455566406,15.879425048828123,29.461936950683597
10,-1,1307.3494873046875,22.964401245117188,19.7930908203125,30.72744369506836
20,-1,787.7299194335938,567.7740478515625,128.2562255859375,119.414794921875
20,-1,1144.453369140625,121.01182556152344,46.52294921875,47.12159729003906
20,-1,201.6303253173828,162.127685546875,59.10685729980469,50.97041320800781
20,-1,669.02490234375,599.2582397460938,127.559326171875,114.915771484375
20,-1,600.6886596679688,630.639892578125,133.87750244140625,89.360107421875
20,-1,979.5157470703124,305.61749267578125,71.09313964843761,74.43502807617188
20,-1,973.9415893554688,172.48728942871094,38.96240234375,47.71987915039065
20,-1,1040.4483642578125,394.85260009765625,68.779296875,68.41268920898438
20,-1,164.22174072265625,230.3191680908203,49.02790832519534,45.50370788574219
20,-1,228.21389770507807,112.49559020996094,19.829986572265653,34.446075439453125
20,-1,925.7435302734376,572.46484375,119.62353515624989,112.091796875
20,-1,556.198974609375,310.9655456542969,78.31085205078125,72.34329223632812
20,-1,874.2947387695312,186.04052734375,34.039611816406364,45.06401062011719
20,-1,1216.419189453125,100.47792053222656,60.6259765625,44.33872985839844
20,-1,752.5574951171875,232.009506225586,37.13043212890625,51.27836608886716
20,-1,329.9649353027344,210.486083984375,46.02410888671875,44.66423034667969
20,-1,812.677978515625,258.3060302734375,85.24505615234375,95.09811401367188
20,-1,1089.010498046875,158.4051513671875,35.1080322265625,47.84660339355469
20,-1,814.591796875,183.5673065185547,35.54107666015625,44.60884094238281
20,-1,1104.15869140625,142.42852783203125,33.8995361328125,40.38861083984375
20,-1,407.8616027832031,111.9980010986328,58.8323974609375,40.77801513671877
20,-1,1116.690185546875,86.31417846679688,24.689697265625,30.85308074951172
20,-1,1322.4432373046875,15.930604934692385,20.657958984375,29.40548515319825
20,-1,988.9114990234376,135.46420288085938,29.78167724609364,40.43060302734375
20,-1,869.6134643554688,549.219970703125,73.946533203125,77.26348876953125
20,-1,1339.200439453125,61.51283264160156,46.077880859375,38.07469940185548
20,-1,569.0662841796875,218.9757537841797,55.09051513671875,45.51506042480469
20,-1,1332.618408203125,1.3523483276367188,14.9835205078125,21.20661735534668
20,-1,1047.76025390625,77.61734008789062,34.7052001953125,39.08313751220703
20,-1,1188.9149169921875,54.20669555664063,21.1064453125,32.41347503662109
20,-1,1262.1527099609375,105.76577758789062,60.14404296875,50.43907165527344
20,-1,708.1926879882812,295.93511962890625,44.84954833984375,54.90646362304688
20,-1,901.3181762695312,123.38292694091795,45.98236083984375,44.93753814697267
20,-1,606.6015625,291.3612976074219,80.42205810546875,69.00283813476562
20,-1,1089.21875,55.76192855834961,48.8055419921875,32.60038375854492
20,-1,1150.797119140625,164.6580047607422,75.964599609375,52.452545166015625
20,-1,286.7489624023437,107.04246520996094,54.79040527343756,40.02960205078125
20,-1,968.216064453125,131.1223602294922,29.63958740234375,37.10137939453125
20,-1,254.8154296875,81.89099884033203,19.77865600585937,30.623435974121094
20,-1,1150.96630859375,164.61282348632812,75.68359375,52.916458129882784
20,-1,1306.4892578125,190.70948791503903,41.2933349609375,62.60983276367188
20,-1,1376.144287109375,21.00927734375,44.3282470703125,33.94182205200195
20,-1,1068.95947265625,105.2768325805664,74.5880126953125,46.219459533691406
20,-1,277.4946594238281,88.19184875488281,17.7685546875,31.503257751464844
20,-1,1172.0140380859375,635.5796508789062,29.1927490234375,55.25347900390625
20,-1,1376.370849609375,208.2201690673828,18.06640625,45.99693298339844
20,-1,1381.8331298828125,180.8998870849609,19.206298828125,31.491012573242216
20,-1,1346.754150390625,187.9668426513672,16.572265625,44.184188842773466
20,-1,442.6196594238281,201.61949157714844,26.160125732421875,46.28936767578125
20,-1,1159.94384765625,636.6596069335938,41.26953125,53.827392578125
20,-1,1068.8714599609375,105.35930633544922,74.0872802734375,45.978126525878906
20,-1,393.6463623046875,108.97189331054688,33.005828857421875,35.793182373046875
20,-1,629.6339111328125,304.91162109375,56.6148681640625,55.856689453125
20,-1,688.9663696289062,272.3083801269531,37.30621337890625,49.034271240234375
20,-1,954.6104125976562,220.98849487304688,35.7872314453125,39.78729248046875
20,-1,606.8713989257812,288.0024719238281,49.9072265625,69.77645874023438
20,-1,1340.203857421875,187.63153076171875,23.3199462890625,45.7196044921875
20,-1,1269.7183837890625,498.9581909179688,21.5989990234375,65.05175781249994
20,-1,1338.8165283203125,61.57524871826172,46.609130859375,37.5775146484375
20,-1,1316.95458984375,13.836265563964844,22.4603271484375,28.86877822875977
30,-1,786.990966796875,566.7468872070312,128.75274658203125,120.46832275390624
30,-1,1131.439697265625,124.09219360351562,48.0443115234375,48.32740783691406
30,-1,201.00259399414065,161.5695343017578,59.91317749023435,51.54083251953122
30,-1,669.3577270507812,599.6839599609375,127.08282470703124,114.3345947265625
30,-1,600.5743408203125,630.7691650390625,133.27667236328125,89.2308349609375
30,-1,951.5235595703124,318.1498718261719,73.88159179687511,77.846435546875
30,-1,956.525390625,176.47866821289062,38.67980957031239,48.06340026855469
30,-1,1026.634765625,389.9685363769531,67.1207275390625,67.13241577148438
30,-1,121.77669525146484,226.2493133544922,49.35141754150391,49.12870788574219
30,-1,219.0709991455078,106.61195373535156,19.14794921875,33.870849609375
30,-1,925.810546875,572.4078369140625,118.911376953125,111.3751220703125
30,-1,526.485595703125,306.828369140625,77.9327392578125,69.4368896484375
30,-1,916.1941528320312,170.4754180908203,32.81097412109375,43.29399108886719
30,-1,1205.828125,105.64388275146484,60.0791015625,45.33556365966797
30,-1,793.19775390625,215.81358337402344,34.9407958984375,49.04887390136719
30,-1,374.0289916992188,213.49581909179688,47.48001098632807,44.6993408203125
30,-1,791.7416381835938,266.8275146484375,89.30859375,97.54751586914062
30,-1,1074.5150146484375,158.29013061523438,35.972412109375,52.06657409667972
30,-1,839.927978515625,174.65171813964844,33.4539794921875,44.43115234375
30,-1,1081.449462890625,145.35150146484375,38.987060546875,42.50454711914065
30,-1,413.9767456054688,111.48308563232422,55.0628662109375,40.81775665283203
30,-1,1138.578369140625,77.23808288574219,24.6102294921875,33.976951599121094
30,-1,1342.0294189453125,10.203649520874023,15.7403564453125,27.82936668395996
30,-1,1022.138671875,124.77044677734376,27.1673583984375,40.44961547851561
30,-1,868.1963500976562,548.85205078125,73.07110595703136,76.98931884765625
30,-1,594.2255249023438,222.24441528320312,54.781494140625,45.037384033203125
30,-1,1053.586669921875,74.25361633300781,38.2955322265625,39.5229721069336
30,-1,1202.7410888671875,49.29483795166016,19.915771484375,30.578819274902337
30,-1,1241.6815185546875,114.30133819580078,61.4666748046875,52.202674865722656
30,-1,685.458984375,290.9345703125,42.8961181640625,54.10955810546875
30,-1,900.89013671875,122.81041717529295,46.358154296875,44.91909027099611
30,-1,1089.4854736328125,55.55697250366211,48.0126953125,32.92258071899414
30,-1,1123.81640625,176.7462921142578,77.460205078125,54.501800537109375
30,-1,1377.1270751953125,183.7545318603516,24.962158203125,68.56495666503906
30,-1,296.55523681640625,113.85678100585938,55.91735839843744,39.03048706054688
30,-1,1001.02490234375,120.13414001464844,27.7408447265625,36.20713806152344
30,-1,266.0905456542969,86.05655670166016,18.850555419921875,34.98509979248047
30,-1,1123.9595947265625,177.18215942382812,76.889404296875,54.00894165039063
30,-1,1306.5582275390625,185.3993225097656,47.122802734375,67.85575866699222
30,-1,1363.6998291015625,28.05431365966797,46.505126953125,33.537109375
30,-1,1092.4114990234375,96.1441421508789,69.1851806640625,44.96245574951172
30,-1,618.765869140625,302.712158203125,51.56048583984375,54.9117431640625
30,-1,288.17138671875,90.75625610351562,17.815216064453125,32.88434600830078
30,-1,945.6503295898438,220.5968475341797,20.24566650390625,39.47050476074219
30,-1,1172.67529296875,634.9000854492188,27.59619140625,55.786376953125
30,-1,1377.6522216796875,206.2354278564453,23.22509765625,46.370849609375
30,-1,1376.9625244140625,184.0135955810547,20.628662109375,45.14228820800781
30,-1,429.7450256347656,204.20639038085932,29.42855834960937,42.58998107910156
30,-1,1160.999267578125,636.3990478515625,39.152587890625,54.17559814453125
30,-1,1054.5916748046875,146.51133728027344,16.3326416015625,35.18200683593747
30,-1,1092.199951171875,95.9481430053711,69.355712890625,44.97069549560547
30,-1,392.0912170410156,108.87451171875,34.049896240234375,38.04656982421875
30,-1,659.253662109375,263.84783935546875,39.98797607421875,50.98403930664063
30,-1,252.4254608154297,71.99919128417969,14.865493774414006,29.192306518554688
30,-1,575.850341796875,284.2944030761719,49.59197998046875,57.217559814453125
30,-1,296.0611572265625,113.4746551513672,55.203704833984375,39.96124267578124
30,-1,1247.8260498046875,491.7994995117188,29.184326171875,72.8054809570312
30,-1,1326.458740234375,68.29070281982422,46.99462890625,40.04891204833984
30,-1,1328.538818359375,7.728667259216309,13.5302734375,25.637722969055176
30,-1,1075.6085205078125,146.1348419189453,41.7105712890625,60.2384033203125
40,-1,787.3126220703125,566.7874145507812,128.4661865234375,120.47283935546876
40,-1,1118.156005859375,128.49063110351562,49.8829345703125,48.62408447265625
40,-1,201.2323760986328,161.80270385742188,59.38551330566406,51.44142150878904
40,-1,669.4175415039062,599.5733642578125,127.0477294921875,114.4049072265625
40,-1,600.4192504882812,630.7644653320312,133.49591064453125,89.23553466796875
40,-1,921.2345581054688,330.6429138183594,79.4512939453125,81.56280517578125
40,-1,941.4956665039062,178.7963409423828,37.406311035156136,49.28924560546878
40,-1,1014.7537231445312,386.6519165039063,65.98834228515625,65.62698364257807
40,-1,211.452865600586,102.14099884033205,18.75091552734372,32.779838562011705
40,-1,925.784912109375,572.3534545898438,119.0562744140625,111.07550048828124
40,-1,499.1736450195313,299.489990234375,72.0337524414062,68.357666015625
40,-1,957.28271484375,154.9364776611328,29.03106689453125,39.39991760253906
40,-1,1195.33837890625,109.96282196044922,63.2100830078125,44.93343353271485
40,-1,832.8992919921875,200.227294921875,34.2791748046875,47.501449584960966
40,-1,418.2705993652344,205.612060546875,47.75634765625,55.88531494140625
40,-1,769.945068359375,276.54425048828125,89.84832763671875,96.31637573242188
40,-1,1057.24755859375,165.45726013183594,38.5025634765625,49.94679260253906
40,-1,863.6765747070312,167.54393005371094,32.58087158203125,42.872955322265625
40,-1,1069.6114501953125,149.75387573242188,37.9107666015625,41.37049865722656
40,-1,417.0036315917969,110.94478607177734,53.2425537109375,40.83232879638672
40,-1,1159.10107421875,69.96504974365234,22.7200927734375,27.82684326171875
40,-1,1357.0372314453125,3.9348936080932617,14.97314453125,25.75051784515381
40,-1,1053.5863037109375,113.42267608642578,25.69482421875,38.50232696533203
40,-1,869.5111694335938,548.43408203125,71.92535400390625,77.5775146484375
40,-1,619.5957641601562,225.324935913086,54.41314697265625,45.917434692382784
40,-1,1059.5595703125,72.64573669433594,37.1668701171875,38.16276550292969
40,-1,1217.937744140625,42.827335357666016,19.9932861328125,30.05611038208008
40,-1,1219.73388671875,124.6777114868164,65.718017578125,53.28008270263672
40,-1,659.863525390625,285.3987121582031,44.32537841796875,53.186309814453125
40,-1,901.3104248046876,123.00209045410156,45.96160888671864,45.2301025390625
40,-1,1090.463134765625,55.59520721435547,47.433349609375,33.272247314453125
40,-1,1095.7811279296875,188.38897705078125,81.5865478515625,57.11990356445315
40,-1,1373.9935302734375,186.1464233398437,24.4110107421875,65.64086914062503
40,-1,306.7882995605469,116.6127471923828,55.35494995117193,43.34701538085939
40,-1,1031.8072509765625,109.46807861328124,25.433349609375,35.431396484375014
40,-1,277.1278381347656,90.33454132080078,18.993438720703125,36.17652893066406
40,-1,1095.882568359375,188.514404296875,82.7386474609375,57.08709716796872
40,-1,1309.08447265625,184.801513671875,54.067626953125,65.18630981445307
40,-1,1353.4322509765625,34.715450286865234,46.237548828125,33.83968734741211
40,-1,1114.9556884765625,86.34873962402344,68.7603759765625,43.9752197265625
40,-1,603.7152709960938,298.1963806152344,49.34197998046875,54.90621948242188
40,-1,299.8727111816406,96.44499969482422,18.477996826171875,30.395050048828125
40,-1,934.9357299804688,220.82232666015625,20.07568359375,38.36669921875
40,-1,1172.166015625,634.141845703125,28.02392578125,56.619384765625
40,-1,1374.5159912109375,209.31651306152344,25.029541015625,42.51953125
40,-1,1158.7691650390625,635.9811401367188,41.5277099609375,54.328125
40,-1,392.6261596679688,109.04499053955078,32.20541381835932,38.81183624267578
40,-1,624.1793823242188,255.24806213378903,45.7147216796875,50.44410705566409
40,-1,262.12890625,76.55107879638672,16.139068603515625,30.73451232910156
40,-1,548.3741455078125,280.43914794921875,45.47625732421875,53.1943359375
40,-1,1306.2838134765625,189.0664978027344,41.4542236328125,64.30595397949216
40,-1,1229.4473876953125,487.3960571289063,28.60400390625,75.3897094726562
40,-1,1313.939208984375,76.31450653076172,48.5888671875,41.44577026367188
40,-1,1342.724853515625,2.807927131652832,14.7637939453125,24.129492759704597
40,-1,1271.548583984375,376.7906188964844,77.780517578125,63.55972290039063
40,-1,1219.77685546875,124.1824722290039,66.197265625,53.61148834228516
40,-1,196.74270629882807,72.5201187133789,39.4775390625,32.21832275390625
50,-1,787.2922973632812,567.4560546875,128.2659912109375,120.2349853515625
50,-1,1103.30859375,133.76731872558594,52.0574951171875,48.699066162109375
50,-1,201.2320709228516,162.27206420898438,59.60203552246091,52.06260681152344
50,-1,669.3746948242188,599.4641723632812,126.7706298828125,114.87945556640624
50,-1,600.2335815429688,631.0130615234375,133.4306640625,88.9869384765625
50,-1,888.9110717773438,353.0523681640625,79.3140869140625,78.49142456054688
50,-1,922.211669921875,184.92434692382807,40.97137451171875,46.70104980468753
50,-1,1005.2930908203124,383.9134826660156,64.37292480468761,65.42953491210938
50,-1,202.6212310791016,76.82795715332031,41.21818542480466,34.73515319824219
50,-1,925.6967163085938,572.8046875,119.35882568359376,110.403076171875
50,-1,460.5959167480469,275.320556640625,84.60342407226562,86.85659790039062
50,-1,994.4947509765624,143.12940979003906,29.849243164062614,40.70024108886719
50,-1,1184.8193359375,116.03551483154295,64.2867431640625,46.18782806396486
50,-1,872.7457885742188,183.28219604492188,36.219482421875,48.072509765625
50,-1,461.9000854492188,218.28163146972656,44.1632080078125,46.63465881347656
50,-1,746.0888671875,288.0663757324219,93.402099609375,103.344482421875
50,-1,1041.7254638671875,171.40040588378906,38.677978515625,48.05931091308594
50,-1,885.4005126953125,160.94210815429688,31.76971435546875,38.89228820800781
50,-1,1049.5,151.81243896484375,38.540771484375,43.83949279785156
50,-1,419.9539184570313,111.4952621459961,53.08197021484369,41.44580841064453
50,-1,1176.984619140625,63.11933517456055,24.006591796875,26.730304718017575
50,-1,1083.299072265625,102.0733413696289,24.5989990234375,39.79378509521485
50,-1,869.0751342773438,549.3596801757812,74.5452880859375,77.27386474609375
50,-1,1300.166259765625,86.16954803466797,50.565185546875,41.05220794677736
50,-1,642.6795654296875,230.5358123779297,56.124267578125,44.34019470214844
50,-1,1063.3245849609375,72.30159759521484,39.244384765625,36.98684692382811
50,-1,1232.34765625,37.2173957824707,19.05029296875,30.51845932006836
50,-1,1196.32861328125,136.08352661132812,68.3834228515625,55.220794677734375
50,-1,631.5304565429688,281.5115966796875,46.4312744140625,52.16964721679688
50,-1,902.2532348632812,123.18843841552734,45.4925537109375,45.452293395996094
50,-1,1091.595458984375,56.66831970214844,45.85693359375,32.925758361816406
50,-1,1063.8109130859375,203.7929534912109,87.9158935546875,58.93882751464847
50,-1,1369.4588623046875,188.22314453125,22.494873046875,59.72157287597656
50,-1,317.9849548339844,123.65978240966795,57.76483154296875,44.17882537841798
50,-1,1061.6090087890625,96.83053588867188,24.919189453125,38.14552307128906
50,-1,287.8335266113281,97.04827880859376,19.1324462890625,34.3610382080078
50,-1,1195.65478515625,136.57435607910156,69.8848876953125,54.95147705078125
50,-1,1063.8232421875,204.0033721923828,85.12109375,59.37370300292969
50,-1,1341.4210205078125,41.773536682128906,47.38037109375,35.12598419189453
50,-1,588.791015625,293.3044738769531,45.35784912109375,55.611724853515625
50,-1,311.9010314941406,101.3725814819336,19.0858154296875,31.918113708496094
50,-1,922.1926879882812,219.23638916015625,25.81146240234375,42.02557373046875
50,-1,1172.7535400390625,636.0986938476562,27.79541015625,55.02777099609375
50,-1,1371.24267578125,209.71148681640625,26.8719482421875,43.11180114746094
50,-1,1370.09912109375,200.201416015625,24.134521484375,51.65443420410156
50,-1,1346.6065673828125,188.1623077392578,14.5279541015625,46.01130676269531
50,-1,420.6489562988281,206.8589324951172,20.6634521484375,39.935302734375
50,-1,1135.7987060546875,79.46458435058594,65.3865966796875,43.65520477294922
50,-1,1184.83203125,116.67537689208984,65.422607421875,44.04743194580078
50,-1,392.8385925292969,110.03731536865234,33.805694580078125,38.71631622314453
50,-1,587.3836669921875,250.24673461914065,42.7142333984375,48.2933654785156
50,-1,271.3614807128906,83.73693084716797,17.937164306640625,30.688400268554688
50,-1,1306.418701171875,190.98419189453125,41.181396484375,63.1297302246094
50,-1,317.9042053222656,124.3563995361328,58.46435546875,42.73701477050783
50,-1,1208.6610107421875,481.7544250488281,22.7117919921875,52.53677368164063
50,-1,1300.5865478515625,85.4007797241211,49.9822998046875,41.96875
50,-1,1354.7186279296875,1.0966205596923828,15.4451904296875,20.4704647064209
50,-1,1238.6949462890625,362.3197937011719,106.458984375,72.50534057617188
50,-1,1207.849853515625,481.7275085449219,28.227294921875,73.74209594726562
50,-1,202.1278686523437,77.39513397216797,42.1287536621094,34.25889587402344
60,-1,787.29248046875,568.244140625,128.16070556640625,119.20574951171876
60,-1,1088.2137451171875,136.86135864257812,53.8565673828125,49.51954650878906
60,-1,200.61541748046875,162.29933166503906,59.769134521484375,51.583511352539006
60,-1,669.1651000976562,599.6229858398438,127.3382568359375,114.50189208984376
60,-1,601.856201171875,631.2399291992188,129.74334716796875,87.91180419921875
60,-1,854.396484375,363.8263244628906,81.28509521484375,87.88864135742188
60,-1,897.1478271484375,187.152587890625,48.26019287109375,49.25888061523435
60,-1,998.08056640625,379.6597290039063,62.61962890625,65.41213989257807
60,-1,925.8836059570312,572.7885131835938,119.26666259765624,111.0015869140625
60,-1,427.0549011230469,285.9112548828125,75.04638671875,68.97903442382812
60,-1,1030.9576416015625,129.38064575195312,27.981201171875,41.086181640625
60,-1,1174.622802734375,120.57403564453124,64.7542724609375,49.66624450683595
60,-1,911.192138671875,156.70167541503906,33.80157470703125,49.88441467285159
60,-1,506.52777099609375,222.2710418701172,46.10919189453125,45.102920532226506
60,-1,718.8241577148438,300.8267822265625,97.203369140625,103.41094970703124
60,-1,1027.1705322265625,169.81680297851562,37.855224609375,52.94441223144528
60,-1,908.2542114257812,150.47915649414062,29.97650146484375,46.96037292480469
60,-1,1037.524658203125,154.02557373046875,32.0853271484375,44.07557678222656
60,-1,419.7915649414063,111.24620056152344,53.14901733398432,40.97859191894531
60,-1,1110.954833984375,92.97599792480467,24.009765625,36.81178283691408
60,-1,869.3524169921875,549.1177978515625,72.16229248046875,77.36895751953125
60,-1,666.1857299804688,232.5425720214844,54.42767333984375,45.16326904296872
60,-1,1068.9185791015625,71.51901245117188,37.359619140625,35.80345153808592
60,-1,1247.069091796875,31.120132446289062,17.6043701171875,29.677059173583984
60,-1,1171.4486083984375,145.94577026367188,69.252685546875,56.31604003906253
60,-1,605.0402221679688,275.6180114746094,43.3543701171875,53.1190185546875
60,-1,902.9373168945312,122.52464294433594,44.671630859375,45.193206787109375
60,-1,1091.725341796875,55.60205459594727,46.29150390625,32.7206687927246
60,-1,1030.3541259765625,220.18313598632807,89.296630859375,59.79440307617193
60,-1,1362.2420654296875,189.56651306152344,20.5975341796875,47.88761901855463
60,-1,330.3657531738281,129.2758026123047,57.81494140625,43.51298522949219
60,-1,1089.9554443359375,87.26274108886719,23.2515869140625,35.97599029541016
60,-1,298.21875,100.93881225585938,18.47833251953125,36.49235534667969
60,-1,1030.0809326171875,219.55538940429688,88.8277587890625,60.33517456054682
60,-1,209.2908477783203,79.630126953125,43.78929138183594,35.962867736816406
60,-1,1329.9412841796875,47.14473724365234,48.3809814453125,35.82608795166016
60,-1,1152.8582763671875,69.68021392822266,66.65283203125,43.51243591308594
60,-1,574.2337646484375,288.9222412109375,43.56585693359375,53.58322143554688
60,-1,326.2147521972656,106.24210357666016,19.6658935546875,30.88721466064453
60,-1,1172.4761962890625,636.0269775390625,27.71484375,55.34228515625
60,-1,1378.307373046875,205.34957885742188,16.2227783203125,45.352935791015625
60,-1,1344.2757568359375,188.71241760253903,17.8759765625,44.53552246093753
60,-1,1152.349853515625,635.1083374023438,47.8070068359375,56.79443359375
60,-1,1152.606689453125,69.22978210449219,67.2249755859375,44.17846679687501
60,-1,1175.3487548828125,121.36306762695312,64.368896484375,48.52874755859375
60,-1,392.4429931640625,109.77147674560548,33.346710205078125,38.59268951416014
60,-1,549.6172485351562,242.83660888671875,42.7667236328125,47.191986083984375
60,-1,281.57989501953125,89.80712890625,17.3577880859375,33.61896514892578
60,-1,1306.3814697265625,192.0457000732422,40.618896484375,61.4141845703125
60,-1,330.376953125,129.33615112304688,57.95623779296881,43.63627624511719
60,-1,1190.5675048828125,475.98388671875,27.10595703125,72.1954345703125
60,-1,1286.5216064453125,93.74282836914062,51.5350341796875,44.02555847167969
60,-1,1211.3680419921875,348.19305419921875,112.9541015625,69.87722778320312
60,-1,1191.0914306640625,475.7423095703125,41.818603515625,78.0008544921875
70,-1,787.3126220703125,568.3758544921875,128.2105712890625,119.0911865234375
70,-1,1072.654052734375,141.38125610351562,55.6143798828125,49.51245117187503
70,-1,200.94027709960932,162.36338806152344,59.67538452148435,51.5052795410156
70,-1,669.0256958007812,599.627197265625,127.14984130859376,114.74212646484376
70,-1,601.8704833984375,631.4080200195312,129.674560546875,87.858642578125
70,-1,816.551025390625,383.136962890625,83.238525390625,91.10916137695312
70,-1,870.9979248046875,191.8533477783203,52.27020263671875,46.56150817871094
70,-1,989.7483520507812,376.1830139160156,61.89337158203125,65.2484130859375
70,-1,215.64219665527344,84.55525207519531,46.33506774902344,34.983848571777344
70,-1,925.8404541015624,572.7501831054688,119.3306884765626,111.5789794921875
70,-1,399.5199279785156,281.6458740234375,69.039306640625,65.74432373046875
70,-1,1064.2607421875,117.24441528320312,25.694580078125,39.78677368164063
70,-1,954.522705078125,155.50291442871094,32.76947021484375,44.11273193359375
70,-1,690.9678344726562,310.9416198730469,99.45068359375,108.52713012695312
70,-1,1011.2089233398438,174.55726623535156,40.24322509765625,52.49804687500003
70,-1,929.8489379882812,141.7334747314453,29.7430419921875,43.31832885742188
70,-1,1012.9441528320312,161.2977752685547,36.34429931640625,40.50514221191406
70,-1,419.2220764160156,111.50146484375,54.19937133789068,41.01577758789063
70,-1,1212.8270263671875,48.19506072998047,20.8375244140625,26.366470336914062
70,-1,1393.037841796875,49.75320816040039,18.8095703125,33.05341720581055
70,-1,1136.7550048828125,84.55623626708984,25.183349609375,33.480072021484375
70,-1,868.8824462890625,548.5543823242188,72.5042724609375,77.91668701171875
70,-1,1271.1531982421875,103.33221435546876,54.2716064453125,44.18006896972655
70,-1,687.8781127929688,234.6308135986328,54.3218994140625,46.05262756347656
70,-1,1073.962890625,70.55876922607422,38.1524658203125,36.69281768798828
70,-1,1261.082763671875,26.381072998046875,17.705322265625,28.28786849975586
70,-1,1144.53564453125,156.96116638183594,71.898681640625,58.37852478027341
70,-1,902.7714233398438,123.34954833984376,44.72320556640625,44.76890563964842
70,-1,517.6473999023438,225.6376037597656,82.10272216796875,56.94781494140628
70,-1,1091.8980712890625,55.70932388305664,46.0653076171875,33.50912857055664
70,-1,995.1976928710938,232.97401428222656,92.20086669921876,65.97663879394531
70,-1,1357.320556640625,191.85076904296875,21.5133056640625,50.38986206054685
70,-1,340.6544189453125,133.3754119873047,64.2333984375,46.06230163574219
70,-1,1116.6070556640625,76.57801818847656,22.2412109375,35.7978973388672
70,-1,309.969970703125,107.90939331054688,20.37933349609375,33.64945983886719
70,-1,214.43609619140625,84.53500366210938,47.1392822265625,35.06141662597656
70,-1,1318.8934326171875,52.4862174987793,49.328857421875,38.15571975708008
70,-1,339.3534851074219,112.3611831665039,19.8236083984375,30.07707977294922
70,-1,845.8387451171875,114.07062530517578,13.455810546875,35.37792205810547
70,-1,1173.9027099609375,635.31884765625,28.065185546875,56.66595458984375
70,-1,1378.029296875,204.55767822265625,21.318115234375,45.26611328125
70,-1,1346.5870361328125,190.10516357421875,13.517822265625,45.875091552734375
70,-1,412.27935791015625,209.26646423339844,19.427642822265625,39.31060791015625
70,-1,1147.56982421875,634.7911376953125,54.6649169921875,58.276611328125
70,-1,1174.0247802734375,61.55183792114258,62.739013671875,42.66242599487305
70,-1,1163.3681640625,126.31458282470705,66.6959228515625,43.51358795166014
70,-1,392.7399291992188,108.87500762939452,33.41537475585932,39.34157562255861
70,-1,930.1602172851562,132.86676025390625,26.81488037109375,48.33192443847656
70,-1,454.8003234863281,261.2240295410156,47.542816162109375,61.43801879882807
70,-1,289.60986328125,96.54903411865234,19.2525634765625,33.38878631591797
70,-1,1306.1944580078125,189.3851776123047,42.0428466796875,64.09744262695312
70,-1,341.1308898925781,133.95814514160156,62.55462646484375,45.568939208984375
70,-1,1270.91943359375,103.17581176757812,54.262451171875,44.77046203613281
70,-1,1397.673583984375,18.188873291015625,16.25244140625,28.97970199584961
70,-1,1170.2962646484375,468.8156127929688,28.9163818359375,73.54748535156244
70,-1,1189.1895751953125,337.18115234375,112.967529296875,67.53555297851562
70,-1,214.67730712890625,84.59649658203125,47.07345581054688,34.712715148925795
70,-1,558.7195434570312,271.0830383300781,60.44085693359375,66.1380615234375
80,-1,787.4321899414062,568.8441162109375,128.1842041015625,118.63983154296876
80,-1,1056.9117431640625,144.2392120361328,56.92822265625,50.27626037597653
80,-1,200.88575744628903,162.03395080566406,59.64472961425784,51.85050964355469
80,-1,669.1116333007812,599.3875122070312,127.20367431640624,115.086181640625
80,-1,601.8367309570312,631.2235107421875,129.74603271484375,87.98968505859375
80,-1,775.9913330078125,403.7848510742188,86.9334716796875,94.69375610351555
80,-1,842.6580810546875,193.77169799804688,50.3668212890625,46.150436401367216
80,-1,982.240966796875,374.0209655761719,62.0479736328125,64.24551391601562
80,-1,224.114013671875,89.90117645263672,47.3583984375,36.13882446289063
80,-1,925.7760009765624,572.8501586914062,119.28979492187511,111.48162841796876
80,-1,1094.821044921875,104.2217788696289,27.2371826171875,38.663124084472656
80,-1,1151.0274658203125,132.20401000976562,69.06494140625,49.4731750488281
80,-1,994.3106079101562,142.7057342529297,29.357727050781364,37.67889404296875
80,-1,659.133056640625,331.56072998046875,102.758056640625,105.399169921875
80,-1,996.6715698242188,182.2530975341797,41.96722412109375,47.94647216796875
80,-1,951.7405395507812,137.24966430664062,28.377990722656364,40.45707702636719
80,-1,988.3977661132812,166.30313110351562,35.4200439453125,46.08761596679688
80,-1,418.9978637695313,111.29777526855467,52.77740478515619,40.93472290039064
80,-1,1229.428955078125,41.161563873291016,20.1837158203125,22.7534294128418
80,-1,1382.070556640625,57.010009765625,17.7960205078125,33.40606689453124
80,-1,1158.649169921875,73.1397933959961,21.4022216796875,33.538330078125
80,-1,869.3446044921875,547.6995239257812,69.72064208984375,78.697509765625
80,-1,1256.2822265625,112.66561126708984,54.6630859375,44.99524688720703
80,-1,709.0348510742188,236.35519409179688,55.32470703125,46.34796142578125
80,-1,1380.0244140625,92.88949584960938,26.1767578125,41.47068786621094
80,-1,1078.2347412109375,68.30127716064453,38.599365234375,36.71295166015625
80,-1,1274.5650634765625,21.74144744873047,17.90771484375,27.18013381958008
80,-1,1116.00048828125,167.96340942382812,75.097412109375,60.37986755371091
80,-1,903.0224609375,123.36328125,44.34173583984375,44.87248229980469
80,-1,573.7871704101562,228.0463714599609,61.77410888671875,46.74113464355472
80,-1,1092.5616455078125,55.55865097045898,44.848876953125,31.85457992553712
80,-1,957.476806640625,249.8803253173828,94.2745361328125,68.11024475097656
80,-1,1355.2984619140625,194.030029296875,18.2119140625,50.37284851074219
80,-1,353.5710754394531,140.8038330078125,64.41574096679688,44.56214904785159
80,-1,321.9736328125,111.12747192382812,23.485565185546875,35.0987548828125
80,-1,223.55499267578125,89.37542724609375,48.15826416015625,37.55329132080077
80,-1,1306.934814453125,59.89492416381836,50.758056640625,38.43495559692384
80,-1,353.475341796875,117.45980834960938,20.26596069335937,28.289077758789062
80,-1,844.63720703125,113.54164123535156,14.61883544921875,34.70909118652344
80,-1,1173.4517822265625,635.67529296875,29.566650390625,56.2781982421875
80,-1,1378.87841796875,202.88658142089844,17.21923828125,46.6969299316406
80,-1,1345.5186767578125,189.49952697753903,12.680908203125,44.02984619140628
80,-1,1147.79736328125,634.7869873046875,55.7667236328125,58.2135009765625
80,-1,1143.4925537109375,91.2558135986328,20.73095703125,44.44503784179689
80,-1,1191.608154296875,54.47013854980469,61.369140625,41.15886688232422
80,-1,392.51165771484375,108.6180648803711,33.234100341796875,39.23389434814453
80,-1,1032.273681640625,153.48570251464844,17.37060546875,33.64680480957031
80,-1,423.7608337402344,265.3668212890625,49.7928466796875,52.91717529296875
80,-1,297.8829040527344,102.10086822509766,19.2799072265625,35.21887969970703
80,-1,1306.2203369140625,187.74668884277344,41.6259765625,65.62336730957028
80,-1,353.4581604003906,140.45550537109375,64.5281982421875,45.16464233398432
80,-1,1256.3875732421875,111.81401824951172,54.56298828125,46.7583236694336
80,-1,1382.8448486328125,25.34383201599121,17.6251220703125,28.8316593170166
80,-1,1155.628173828125,461.83197021484375,26.4261474609375,73.74127197265625
80,-1,1171.2298583984375,326.8255615234375,109.14697265625,66.01791381835938
80,-1,223.64596557617188,89.25050354003906,48.41644287109375,37.22255706787109
80,-1,542.400146484375,265.0841979980469,51.06402587890625,66.42138671875
80,-1,893.681396484375,222.8380126953125,19.252807617187383,37.35711669921875
80,-1,957.3063354492188,249.88253784179688,94.47760009765624,68.81637573242188
90,-1,787.357421875,567.8441772460938,128.11932373046875,119.5086669921875
90,-1,1039.972412109375,147.79656982421875,58.398681640625,50.58502197265625
90,-1,201.3230438232422,162.19882202148438,59.20384216308594,51.70555114746094
90,-1,669.05029296875,599.7255859375,127.208251953125,114.495361328125
90,-1,600.1823120117188,630.9093627929688,133.80450439453125,89.09063720703125
90,-1,732.9550170898438,425.9477844238281,90.877685546875,97.48934936523438
90,-1,811.4734497070312,194.92958068847656,53.01776123046875,46.65069580078125
90,-1,973.4275512695312,372.4011840820313,61.57806396484375,63.5726318359375
90,-1,232.1060943603516,93.6115264892578,49.01023864746091,36.53323364257814
90,-1,925.840576171875,572.7329711914062,119.476318359375,111.1756591796875
90,-1,326.3028564453125,266.7832946777344,73.77243041992188,68.68087768554688
90,-1,1124.0106201171875,92.38011932373048,24.15283203125,38.05336761474608
90,-1,1138.030029296875,139.83909606933594,69.17236328125,49.73747253417966
90,-1,1028.5618896484375,130.27413940429688,29.7442626953125,52.08734130859378
90,-1,623.6402587890625,354.98992919921875,106.5228271484375,99.59228515625006
90,-1,982.0179443359376,186.74838256835932,41.53533935546864,47.74490356445315
90,-1,971.9412231445312,130.3341522216797,27.53875732421875,38.25382995605469
90,-1,964.0073852539062,170.25526428222656,39.869873046875,46.47377014160151
90,-1,419.24896240234375,112.27882385253906,52.92160034179688,39.85896301269531
90,-1,1247.4351806640625,35.21001434326172,19.3392333984375,24.03456115722656
90,-1,1370.4864501953125,66.25022888183594,19.7454833984375,33.26747894287111
90,-1,1179.8912353515625,62.06094741821289,23.46875,35.04947280883789
90,-1,867.7572631835938,547.4903564453125,71.1895751953125,79.04254150390625
90,-1,1239.71240234375,121.7495346069336,57.7215576171875,46.73267364501953
90,-1,727.9908447265625,239.5153350830078,53.44696044921875,46.77284240722656
90,-1,1373.200927734375,101.94680786132812,22.1966552734375,40.2313232421875
90,-1,1080.9176025390625,67.3322982788086,38.6783447265625,37.27371978759764
90,-1,1287.8621826171875,15.105643272399902,17.21923828125,27.51595020294189
90,-1,1086.0347900390625,180.69564819335932,81.53662109375,63.21704101562506
90,-1,524.7271118164062,261.0409545898437,44.27838134765625,64.82421875
90,-1,903.0006103515624,123.26568603515624,44.262084960937614,45.24203491210939
90,-1,610.8809814453125,232.5632476806641,58.5621337890625,47.45390319824216
90,-1,1091.8931884765625,56.03321838378906,45.869140625,30.96717071533203
90,-1,917.396240234375,268.7779235839844,97.84820556640624,69.56204223632812
90,-1,1352.9468994140625,197.2751922607422,20.536865234375,52.80532836914063
90,-1,367.1107482910156,145.53968811035156,65.1007080078125,45.93614196777344
90,-1,1163.29296875,57.231178283691406,19.69482421875,33.39202880859375
90,-1,337.6895751953125,116.00489807128906,22.826690673828125,34.97154235839844
90,-1,231.65069580078125,93.48157501220705,49.83999633789063,37.19211578369139
90,-1,1295.074462890625,67.5293197631836,51.5155029296875,38.73442840576173
90,-1,367.3616638183594,123.96764373779295,20.837249755859432,30.247245788574237
90,-1,844.3450927734375,115.50983428955078,15.0146484375,33.557640075683594
90,-1,1168.8873291015625,635.5339965820312,34.75244140625,56.27960205078125
90,-1,1376.4520263671875,202.6993865966797,16.5142822265625,47.05848693847656
90,-1,403.8616027832031,213.37364196777344,19.21441650390625,39.24945068359375
90,-1,1151.6534423828125,634.9212036132812,52.31201171875,57.5361328125
90,-1,1209.519287109375,48.86637496948242,59.14208984375,39.198856353759766
90,-1,1138.0682373046875,139.7089080810547,69.996337890625,50.05262756347656
90,-1,393.3469848632813,109.51384735107422,33.07723999023432,38.19573211669922
90,-1,467.3660888671875,218.611068725586,31.654815673828125,48.28251647949216
90,-1,393.9791870117188,263.4786071777344,49.15451049804682,53.17266845703125
90,-1,305.9193420410156,107.60768127441406,19.99798583984375,37.19155883789063
90,-1,1306.0870361328125,187.08132934570312,42.9949951171875,66.46301269531247
90,-1,367.6893310546875,145.7308349609375,64.1473388671875,45.82122802734375
90,-1,1239.2891845703125,121.62273406982422,57.8594970703125,46.75208282470703
90,-1,1367.812744140625,32.867393493652344,17.3974609375,29.4802360534668
90,-1,1134.2979736328125,457.1347351074219,29.8980712890625,70.02188110351562
90,-1,1157.2432861328125,318.9327392578125,105.1373291015625,65.04483032226562
90,-1,1155.0230712890625,485.7418518066406,26.772705078125,47.61837768554688
90,-1,231.84402465820312,92.93694305419922,48.964752197265625,37.66864776611328
90,-1,882.2208862304688,221.6352081298828,19.385986328125,38.07502746582031
90,-1,450.8860473632813,268.5370483398437,20.956329345703068,42.25601196289068
90,-1,1177.8592529296875,645.5853271484375,25.7301025390625,46.4044189453125
100,-1,787.3123168945312,567.8021240234375,128.31146240234375,119.50439453125
100,-1,1019.7628784179688,151.55433654785156,61.41412353515625,50.51654052734375
100,-1,201.5283966064453,162.13645935058594,58.97163391113281,51.29585266113281
100,-1,669.4089965820312,599.3053588867188,127.2998046875,114.91546630859376
100,-1,600.2724609375,630.8621826171875,134.04296875,89.1378173828125
100,-1,685.250244140625,448.9962768554688,96.0711669921875,103.15869140624994
100,-1,779.0552978515625,196.82452392578125,53.96148681640625,45.106353759765625
100,-1,962.8707275390624,369.3023681640625,63.59692382812512,62.537384033203125
100,-1,925.7679443359376,572.9166259765625,119.28588867187489,111.00390625
100,-1,296.9825439453125,262.0826416015625,71.06082153320312,63.24713134765625
100,-1,1122.782958984375,146.64163208007812,71.70166015625,51.00212097167969
100,-1,1066.7872314453125,118.2836685180664,27.802490234375,38.2798080444336
100,-1,587.3124389648438,358.4524230957031,110.35919189453124,115.69686889648438
100,-1,964.7066650390624,193.9540863037109,42.160034179687614,43.25698852539068
100,-1,992.2987060546876,123.24624633789062,26.110717773437383,37.5946044921875
100,-1,939.4293212890624,173.58367919921875,43.28033447265637,46.34971618652344
100,-1,417.33538818359375,111.69884490966795,55.15151977539063,39.97762298583986
100,-1,1263.7176513671875,28.693225860595703,18.9215087890625,23.69195938110352
100,-1,1359.1998291015625,73.70948028564453,19.1552734375,34.37596893310547
100,-1,1186.96484375,53.5496711730957,29.9356689453125,33.84817123413086
100,-1,868.0442504882812,547.495361328125,70.29803466796875,78.849365234375
100,-1,1222.208984375,131.1907958984375,59.4078369140625,48.74560546875
100,-1,744.8049926757812,241.9833374023437,55.74188232421875,47.02789306640628
100,-1,1364.3348388671875,110.70588684082033,23.4295654296875,41.37846374511717
100,-1,1083.5030517578125,66.8087158203125,38.790283203125,36.5501251220703
100,-1,1300.755859375,10.469696044921877,17.0758056640625,26.969783782958984
100,-1,1054.9912109375,193.6718292236328,79.5753173828125,65.43656921386719
100,-1,507.7459716796875,256.88824462890625,46.27069091796875,63.613037109375
100,-1,902.74853515625,123.26641082763672,44.64141845703125,45.01842498779297
100,-1,642.9862060546875,236.29037475585932,57.61383056640625,48.8811950683594
100,-1,874.1195068359375,287.9032592773437,102.72564697265624,71.29064941406256
100,-1,1352.871337890625,198.94981384277344,17.4456787109375,50.75373840332029
100,-1,380.8049621582031,150.26980590820312,67.40045166015625,47.571563720703125
100,-1,351.5902709960937,120.4925308227539,22.211914062500057,37.04242706298828
100,-1,241.62730407714844,98.45672607421876,50.31068420410156,38.20033264160155
100,-1,1281.602783203125,73.75948333740234,54.344482421875,39.89825439453125
100,-1,1173.072998046875,635.2645874023438,30.2803955078125,56.4039306640625
100,-1,1377.7008056640625,201.52023315429688,15.0274658203125,48.61480712890625
100,-1,1227.195068359375,40.951690673828125,57.04931640625,39.09974670410156
100,-1,392.12249755859375,108.6297607421875,36.295318603515625,39.88182067871094
100,-1,445.4009094238281,210.93394470214844,29.296112060546875,45.20198059082031
100,-1,361.2779235839844,255.9937286376953,52.71820068359375,58.53895568847656
100,-1,314.11590576171875,114.56588745117188,20.93841552734375,37.13104248046875
100,-1,1306.1656494140625,187.95367431640625,43.3199462890625,65.57662963867182
100,-1,381.0481262207031,150.53956604003906,66.93344116210938,47.05627441406253
100,-1,1222.524658203125,131.56752014160156,59.2662353515625,47.973663330078125
100,-1,1352.9024658203125,39.0433349609375,18.2025146484375,30.512245178222656
100,-1,1117.4794921875,450.9356689453125,28.8004150390625,69.13006591796875
100,-1,1145.364013671875,311.45416259765625,102.7996826171875,64.34280395507812
100,-1,241.6075897216797,98.38329315185548,50.41654968261719,38.04500579833983
100,-1,439.23583984375,270.9317321777344,19.928131103515625,40.61431884765625
100,-1,874.6738891601562,221.530029296875,16.30828857421875,37.719573974609375
100,-1,1271.0533447265625,0.4069459438323974,14.680908203125,18.21223282814026
110,-1,787.5744018554688,568.4228515625,127.98992919921886,118.8360595703125
110,-1,1000.8623657226562,155.29544067382812,61.66265869140625,50.52993774414063
110,-1,201.1618194580078,162.34027099609375,59.16133117675781,51.580352783203125
110,-1,669.4678955078125,599.1314086914062,127.03460693359376,115.00189208984376
110,-1,600.5265502929688,630.7469482421875,133.76971435546875,89.2530517578125
110,-1,635.8746337890625,474.5251770019531,99.07073974609376,107.94564819335938
110,-1,746.41357421875,198.0659637451172,54.5013427734375,44.66938781738281
110,-1,949.54833984375,366.3367004394531,65.71228027343761,62.24044799804688
110,-1,925.8512573242188,572.9321899414062,119.16644287109376,110.44744873046876
110,-1,265.2674560546875,256.7198486328125,71.21359252929688,62.98092651367188
110,-1,1105.8114013671875,153.95631408691406,74.146484375,52.49157714843753
110,-1,1098.74267578125,106.61331939697266,26.205078125,39.008445739746094
110,-1,544.9619750976562,380.25244140625,115.0670166015625,115.67092895507812
110,-1,945.9873046875,197.13221740722656,44.33062744140625,44.58045959472656
110,-1,1010.9034423828124,115.3624496459961,27.107543945312614,39.082298278808594
110,-1,911.9839477539062,177.75323486328125,46.01165771484375,46.29063415527344
110,-1,417.9540100097656,111.9105453491211,55.03717041015625,39.84586334228516
110,-1,1279.72265625,23.079328536987305,18.748046875,22.214391708374023
110,-1,1345.8883056640625,81.48422241210938,20.5377197265625,35.21137237548828
110,-1,1206.511474609375,42.18508529663086,21.268310546875,32.56401443481445
110,-1,868.08349609375,547.287109375,69.54345703125,78.868896484375
110,-1,1204.3304443359375,142.4409942626953,62.28662109375,49.597686767578125
110,-1,760.5105590820312,244.48464965820312,55.27496337890625,47.1156005859375
110,-1,1352.2982177734375,119.05927276611328,24.893798828125,42.14020538330078
110,-1,1084.9078369140625,65.72249603271484,38.2578125,37.17540740966796
110,-1,1314.0577392578125,6.047399044036865,15.753173828125,24.871428012847904
110,-1,1020.7446899414062,208.0612945556641,81.86688232421875,68.62471008300778
110,-1,468.8128662109375,252.19566345214844,37.00439453125,46.83799743652344
110,-1,902.6361694335938,123.27392578125,44.888916015625,44.97682189941406
110,-1,673.2357788085938,240.36265563964844,57.82470703125,48.82096862792969
110,-1,828.3781127929688,308.05291748046875,108.69677734375,79.12945556640625
110,-1,1352.0428466796875,200.2089233398437,23.2891845703125,52.13348388671878
110,-1,393.9656677246094,156.44253540039062,69.63790893554688,47.03161621093744
110,-1,364.0016174316406,125.3011474609375,21.45965576171875,36.7459716796875
110,-1,251.5790863037109,102.80292510986328,51.59553527832034,39.33635711669922
110,-1,1349.669189453125,195.7978363037109,20.9505615234375,56.72161865234378
110,-1,1268.2796630859375,81.61873626708984,56.74560546875,40.12592315673828
110,-1,1143.561279296875,89.04945373535156,20.9981689453125,46.86210632324219
110,-1,398.7935180664063,135.6256866455078,21.419830322265568,26.853729248046875
110,-1,1174.1712646484375,635.1148071289062,29.1937255859375,56.45172119140625
110,-1,1376.942626953125,201.08660888671875,15.96337890625,48.14521789550781
110,-1,1243.8597412109375,34.305503845214844,55.6185302734375,38.23225402832031
110,-1,393.0462951660156,109.96975708007812,32.34597778320318,34.9510498046875
110,-1,421.4017028808594,202.3106384277344,29.781494140625,43.5115051269531
110,-1,340.022705078125,248.78009033203125,48.440704345703125,59.634033203125
110,-1,323.7780456542969,120.60043334960938,22.16757202148437,37.99617004394531
110,-1,1306.3564453125,186.8563232421875,42.9974365234375,66.7959289550781
110,-1,394.5341796875,155.32736206054688,69.65280151367188,47.71922302246094
110,-1,1204.476318359375,142.10887145996094,61.306884765625,49.60357666015625
110,-1,1336.783935546875,46.82963180541992,18.1673583984375,30.96805953979492
110,-1,1173.260498046875,71.80814361572266,22.283935546875,35.06201171875
110,-1,1100.9228515625,444.3464660644531,27.401123046875,74.87863159179688
110,-1,1135.5714111328125,306.28973388671875,101.415771484375,62.47573852539063
110,-1,251.94862365722656,103.0269012451172,51.36268615722656,38.77507019042967
110,-1,861.8848876953125,222.329818725586,19.48626708984375,38.29988098144528
110,-1,1213.8341064453125,45.05869674682617,20.2474365234375,33.5886116027832
110,-1,1208.296142578125,43.503021240234375,24.440673828125,33.63032531738281
110,-1,1402.493896484375,14.40539264678955,30.234375,27.31398677825928
120,-1,787.53125,569.2894897460938,127.933349609375,118.0091552734375
120,-1,976.946533203125,159.72830200195312,64.513671875,50.51011657714847
120,-1,200.85757446289065,162.5884246826172,59.68484497070304,51.18186950683594
120,-1,669.7828369140625,598.9685668945312,126.8065185546875,115.06591796875
120,-1,600.6674194335938,631.015625,133.3721923828125,88.984375
120,-1,580.658935546875,503.64837646484375,104.424072265625,112.76165771484376
120,-1,714.8910522460938,200.1667022705078,50.60699462890625,43.47381591796875
120,-1,939.5150756835938,364.3407287597656,66.03485107421864,61.927490234375
120,-1,925.7510986328124,572.6800537109375,119.1265869140626,111.05657958984376
120,-1,237.0380706787109,250.4210968017578,69.96693420410159,62.81892395019531
120,-1,1259.8223876953125,29.52322006225586,54.2745361328125,35.78486251831055
120,-1,1088.0931396484375,163.72879028320312,74.9832763671875,52.46028137207031
120,-1,1128.813720703125,89.77180480957031,34.8758544921875,43.92326354980469
120,-1,499.07421875,394.0262451171875,121.72198486328124,125.62396240234376
120,-1,926.0938110351562,201.810546875,44.51708984375,43.88633728027344
120,-1,1030.1832275390625,108.6431121826172,25.980224609375,37.3755645751953
120,-1,884.1256713867188,181.534408569336,44.179382324218864,45.5498046875
120,-1,1296.045654296875,15.44484806060791,16.82373046875,22.36601161956787
120,-1,1333.2186279296875,88.71732330322266,21.2701416015625,37.31840515136719
120,-1,1254.8836669921875,88.12287902832031,57.68798828125,42.09812927246094
120,-1,869.0342407226562,548.3042602539062,69.0582275390625,78.1993408203125
120,-1,1184.00048828125,152.89730834960938,63.3514404296875,51.8167724609375
120,-1,774.4174194335938,246.0700836181641,53.61737060546875,49.18357849121091
120,-1,1337.624755859375,127.59719848632812,26.036376953125,43.69921875
120,-1,1085.770263671875,62.89006805419922,37.97119140625,40.14015197753906
120,-1,1325.7305908203125,1.6016149520874023,15.4144287109375,23.61002826690674
120,-1,986.1109619140624,223.4432983398437,84.55383300781261,71.03979492187503
120,-1,441.0204162597656,250.67550659179688,49.87374877929688,47.69927978515625
120,-1,902.700927734375,123.40001678466795,44.628173828125,44.90389251708986
120,-1,697.7069091796875,244.1272735595703,57.9290771484375,49.10810852050781
120,-1,779.383056640625,332.2393493652344,110.528564453125,82.6251220703125
120,-1,1350.276123046875,206.21017456054688,19.7283935546875,48.438034057617216
120,-1,376.8172912597656,130.43215942382812,21.915740966796875,38.00361633300781
120,-1,260.90069580078125,109.0520477294922,53.28726196289063,39.13790893554686
120,-1,1345.957275390625,190.18167114257807,13.1597900390625,27.02857971191412
120,-1,1255.1129150390625,88.78263092041016,57.3690185546875,41.770484924316406
120,-1,413.3800354003906,140.21617126464844,25.21697998046875,28.12495422363281
120,-1,1172.004638671875,635.45849609375,31.5118408203125,55.9625244140625
120,-1,1376.972900390625,200.76075744628903,14.786376953125,41.12487792968753
120,-1,1344.7144775390625,189.9096069335937,13.8345947265625,45.953033447265625
120,-1,1259.093017578125,29.131107330322266,54.419189453125,36.34359359741211
120,-1,392.9974365234375,110.60589599609376,32.41241455078131,36.90589904785155
120,-1,393.82427978515625,193.4331512451172,31.65023803710937,44.63737487792969
120,-1,313.4033203125,252.9994964599609,45.91207885742188,51.089828491210966
120,-1,336.8857421875,126.70398712158205,22.16461181640625,39.84798431396483
120,-1,1306.3021240234375,186.62521362304688,40.0982666015625,67.04559326171872
120,-1,407.5650024414063,162.9263916015625,69.70565795898432,48.52935791015625
120,-1,1184.193359375,154.2080535888672,63.2025146484375,50.13102722167969
120,-1,1320.4595947265625,52.49007034301758,18.9105224609375,32.99751663208008
120,-1,361.7168884277344,245.6874389648437,15.102996826171932,33.48596191406253
120,-1,1191.34619140625,55.01325607299805,22.559326171875,39.92265701293945
120,-1,1086.777587890625,439.9426879882813,24.6539306640625,64.7293090820312
120,-1,1128.2247314453125,300.23638916015625,100.0887451171875,61.99951171875006
120,-1,261.3338928222656,108.42070770263672,52.88497924804688,39.75493621826172
120,-1,412.510498046875,272.4968566894531,23.770904541015625,40.79293823242188
120,-1,852.0946655273438,222.0106506347656,17.429931640625,38.58306884765628
120,-1,1229.4542236328125,35.83771514892578,21.6094970703125,34.30118560791016
120,-1,1390.9874267578125,16.089099884033203,36.910400390625,32.77308654785156
120,-1,1390.86572265625,15.714707374572754,37.6129150390625,33.247008323669434
120,-1,1263.898193359375,0.6351733207702637,15.686279296875,19.898464679718018
130,-1,787.32421875,568.6163940429688,128.38348388671875,118.690673828125
130,-1,951.1648559570312,160.714599609375,66.28948974609375,53.32038879394531
130,-1,200.8885803222656,162.7390594482422,59.53970336914065,51.00120544433588
130,-1,669.568603515625,599.336669921875,127.04803466796876,114.71087646484376
130,-1,600.5106811523438,631.3004760742188,132.97149658203125,88.69952392578125
130,-1,519.544189453125,534.8941040039062,111.70166015625,118.6622314453125
130,-1,682.6926879882812,202.209701538086,52.2496337890625,43.72241210937494
130,-1,928.9912109375,363.4986877441406,68.74450683593761,61.231842041015625
130,-1,925.7848510742188,572.7908935546875,119.37664794921876,110.798583984375
130,-1,205.3182373046875,247.7834930419922,72.273681640625,60.86860656738281
130,-1,1275.53759765625,22.90595054626465,52.7113037109375,35.108442306518555
130,-1,1067.5594482421875,171.1804962158203,77.6204833984375,55.573577880859375
130,-1,1148.27197265625,84.53759765625,31.0897216796875,36.347312927246094
130,-1,448.1178283691406,411.5333557128906,135.49118041992188,134.61538696289062
130,-1,904.495361328125,205.57579040527344,49.833374023437386,43.53244018554688
130,-1,1048.4320068359375,102.77173614501952,26.146484375,36.54207611083986
130,-1,857.559814453125,185.4093780517578,44.79797363281261,45.07960510253906
130,-1,1311.17333984375,9.140600204467772,16.6058349609375,22.79697036743164
130,-1,1319.785400390625,98.0632781982422,20.7861328125,36.89772033691405
130,-1,869.2393188476562,548.6511840820312,69.27490234375,77.6549072265625
130,-1,1161.1202392578125,165.3502960205078,66.696533203125,53.21701049804688
130,-1,788.72314453125,248.49411010742188,56.54022216796875,49.2008056640625
130,-1,1321.4080810546875,137.03700256347656,26.192626953125,43.786163330078125
130,-1,1086.48388671875,61.26388549804688,37.909912109375,41.59919738769532
130,-1,1336.746826171875,0.2029299736022949,15.479736328125,20.01354455947876
130,-1,946.7566528320312,240.9190673828125,89.02740478515625,73.27301025390625
130,-1,409.6711730957031,248.8799285888672,48.74526977539063,48.68467712402344
130,-1,903.0282592773438,123.29341888427734,44.31060791015625,44.965965270996094
130,-1,717.7840576171875,246.8218994140625,57.8143310546875,50.93048095703119
130,-1,1047.48046875,59.848907470703125,22.374267578125,32.4685516357422
130,-1,725.6475830078125,359.05426025390625,117.021484375,88.44314575195312
130,-1,1352.4305419921875,207.06423950195312,19.94140625,48.79010009765622
130,-1,422.1881103515625,168.0135498046875,71.8368530273438,50.52253723144531
130,-1,1379.503173828125,21.90876007080078,41.943359375,33.81518173217774
130,-1,390.1171569824219,135.86807250976562,23.54925537109375,37.23075866699219
130,-1,270.5641174316406,113.29727172851562,55.11593627929688,41.36482238769531
130,-1,1239.508544921875,94.94224548339844,59.793701171875,44.72703552246094
130,-1,469.41748046875,255.91583251953125,37.28668212890625,52.311859130859375
130,-1,431.8757934570313,144.58900451660156,24.568481445312443,27.598953247070312
130,-1,1171.584228515625,635.6619873046875,31.771240234375,55.88287353515625
130,-1,1374.511962890625,201.2185211181641,14.9298095703125,43.04985046386716
130,-1,1154.5953369140625,634.9413452148438,49.1259765625,57.2979736328125
130,-1,1274.98681640625,23.13528060913086,53.4952392578125,35.00490951538086
130,-1,392.6392211914063,111.16039276123048,32.46368408203119,35.75153350830077
130,-1,373.1960144042969,186.5818634033203,18.47320556640625,32.81947326660156
130,-1,287.11553955078125,250.96633911132807,43.88006591796875,49.23269653320318
130,-1,351.270263671875,135.2366180419922,23.4124755859375,39.25086975097656
130,-1,1306.16748046875,187.43136596679688,42.0498046875,66.26197814941403
130,-1,421.8240966796875,168.1594696044922,71.61538696289062,50.61480712890625
130,-1,1160.5908203125,165.1951141357422,67.17041015625,53.0726318359375
130,-1,1304.0166015625,59.4776725769043,19.2547607421875,34.2881965637207
130,-1,364.3519592285156,242.53530883789065,20.49072265625,40.9244689941406
130,-1,1213.8646240234375,52.53069686889648,20.33935546875,33.664630889892585
130,-1,1069.6082763671875,435.4410095214844,25.181884765625,64.36065673828125
130,-1,1121.3912353515625,295.6594543457031,94.8846435546875,61.283447265625
130,-1,1067.6951904296875,441.9346618652344,48.308349609375,62.94036865234375
130,-1,270.2765197753906,112.83162689208984,55.83346557617188,41.289695739746094
130,-1,1247.8411865234375,28.642333984375,21.120849609375,33.19433212280273
130,-1,1259.8935546875,0.9745091199874878,13.8677978515625,18.772135853767395
140,-1,787.5681762695312,568.8319091796875,128.0914306640625,118.41729736328124
140,-1,924.1934204101562,167.75604248046875,67.98065185546875,50.20912170410156
140,-1,200.96278381347656,162.8875274658203,59.45381164550781,50.82115173339844
140,-1,669.7039794921875,599.1273803710938,127.049560546875,115.03472900390624
140,-1,600.58740234375,631.1201171875,132.5819091796875,88.8798828125
140,-1,453.7507629394531,569.7242431640625,117.34933471679688,125.70361328125
140,-1,655.8931884765625,203.0660858154297,52.200439453125,43.90910339355472
140,-1,918.029296875,361.9698791503906,71.62200927734375,60.64840698242188
140,-1,925.8319091796876,572.7045288085938,119.32031249999989,110.87237548828124
140,-1,175.01556396484375,244.7626800537109,71.80804443359375,57.19056701660159
140,-1,1046.0238037109375,181.54933166503903,80.44775390625,56.86177062988284
140,-1,1182.1021728515625,71.9602279663086,22.86328125,36.9720458984375
140,-1,391.4903259277344,434.1609191894531,136.05514526367188,141.13247680664062
140,-1,884.4906616210938,207.61729431152344,49.083984375,44.59388732910156
140,-1,1066.12353515625,95.79907989501952,26.479736328125,36.55010223388673
140,-1,832.92919921875,188.1791229248047,44.43450927734375,43.48091125488281
140,-1,1326.5533447265625,2.868528366088867,15.2960205078125,20.872848510742184
140,-1,1305.252685546875,106.88751983642578,21.8865966796875,37.72628021240234
140,-1,1225.137939453125,104.3777084350586,60.723388671875,43.822853088378906
140,-1,869.2534790039062,549.10498046875,70.4560546875,77.3699951171875
140,-1,1136.639892578125,177.3428192138672,68.7288818359375,54.88258361816406
140,-1,802.6904296875,250.8368225097656,53.39263916015625,48.8648376464844
140,-1,1304.0277099609375,145.71856689453125,27.5716552734375,44.45716857910156
140,-1,1086.7591552734375,63.11861038208008,37.603515625,39.669071197509766
140,-1,1349.09716796875,0.084998607635498,13.9058837890625,15.496323108673096
140,-1,905.2146606445312,257.27313232421875,93.90106201171876,76.6845703125
140,-1,388.3364868164063,247.7261199951172,38.69323730468744,50.42674255371094
140,-1,903.0960083007812,123.12862396240234,44.2425537109375,44.757957458496094
140,-1,735.6238403320312,249.53097534179688,56.66644287109375,51.82876586914063
140,-1,664.435546875,389.0330810546875,124.70050048828124,95.63119506835938
140,-1,1354.536376953125,210.05401611328125,22.0806884765625,53.51385498046875
140,-1,435.19622802734375,172.998291015625,80.02117919921875,53.65864562988281
140,-1,1366.993408203125,26.853025436401367,46.424560546875,36.18665885925293
140,-1,404.2397155761719,140.09103393554688,24.113616943359432,39.26475524902344
140,-1,282.0977478027344,119.01612854003906,54.0340576171875,41.84632873535156
140,-1,1224.7337646484375,104.517822265625,61.3226318359375,43.81193542480469
140,-1,1143.5623779296875,88.84086608886719,21.0064697265625,47.62324523925781
140,-1,457.5157775878906,254.591552734375,42.74551391601568,49.905792236328125
140,-1,451.5224304199219,153.53240966796875,26.630401611328125,25.9210205078125
140,-1,1168.656005859375,636.1394653320312,35.02587890625,55.41729736328125
140,-1,1374.1103515625,201.22317504882807,14.9029541015625,37.627563476562585
140,-1,1343.7457275390625,192.1982879638672,17.381591796875,42.09419250488281
140,-1,1153.7718505859375,634.9677734375,50.021240234375,56.86279296875
140,-1,1290.5638427734375,18.243932723999023,52.36328125,33.80390739440918
140,-1,393.0348510742188,109.92671966552734,32.03247070312494,34.955177307128906
140,-1,346.851806640625,175.6724090576172,25.686187744140625,42.08282470703125
140,-1,260.2607421875,245.59815979003903,42.5440673828125,49.92958068847659
140,-1,366.2886047363281,142.6154327392578,23.197174072265625,39.61677551269531
140,-1,1306.405517578125,188.35289001464844,42.8927001953125,65.13461303710938
140,-1,435.0011901855469,174.25559997558594,70.61224365234375,53.05015563964847
140,-1,1136.6529541015625,176.9390106201172,68.958740234375,55.39161682128906
140,-1,1287.8048095703125,67.63727569580078,20.31982421875,34.66609191894531
140,-1,364.4744873046875,222.0348663330078,26.12457275390625,54.22813415527344
140,-1,1233.20849609375,44.82393264770508,19.709716796875,31.41343307495117
140,-1,1055.5931396484375,427.9046630859375,26.7144775390625,71.908935546875
140,-1,1115.064697265625,290.5731506347656,93.116455078125,61.33392333984375
140,-1,281.6596984863281,119.02970886230467,54.708770751953125,41.45326232910158
140,-1,829.2947387695312,222.120361328125,21.6888427734375,41.05731201171869
140,-1,1266.829345703125,19.999845504760746,19.2459716796875,33.002397537231445
140,-1,1178.15185546875,638.7161865234375,25.2952880859375,53.1907958984375
140,-1,1257.192626953125,0.4776895046234131,13.1309814453125,19.024366617202755
140,-1,1381.8975830078125,67.60726928710938,20.2801513671875,34.53563690185547
140,-1,1367.5048828125,27.00103759765625,45.8367919921875,36.11546325683594
140,-1,987.746826171875,155.2739715576172,14.710083007812614,35.873870849609375
150,-1,787.652099609375,568.28076171875,128.1402587890626,119.013671875
150,-1,895.4093627929688,171.79156494140625,67.8350830078125,48.64425659179688
150,-1,201.1420440673828,162.94810485839844,58.96269226074219,50.587692260742216
150,-1,669.8028564453125,599.20556640625,126.7535400390625,114.68511962890624
150,-1,600.3766479492188,630.91064453125,134.07135009765625,89.08935546875
150,-1,379.4543151855469,609.489501953125,125.74966430664062,109.78179931640624
150,-1,632.8468017578125,203.2329864501953,51.783447265625,44.023208618164034
150,-1,912.7108764648438,360.7341003417969,70.2589111328125,61.21185302734375
150,-1,925.728759765625,572.6327514648438,119.2073974609375,111.05413818359376
150,-1,140.70758056640625,241.3536071777344,73.80108642578125,57.79913330078122
150,-1,1306.4132080078125,11.817983627319336,48.177490234375,32.8276081085205
150,-1,1022.772216796875,191.1473388671875,82.383056640625,60.054290771484375
150,-1,1206.4935302734375,62.28944778442383,21.2615966796875,34.78194808959961
150,-1,330.195068359375,481.60101318359375,142.3687744140625,124.039794921875
150,-1,864.9259033203125,210.4778289794922,46.013183593749886,45.47325134277341
150,-1,1084.6409912109375,86.84785461425781,25.8258056640625,38.54597473144531
150,-1,805.0357055664062,191.60806274414065,47.4407958984375,44.44500732421869
150,-1,417.7380981445313,111.88851165771484,50.48843383789057,39.5473861694336
150,-1,1288.9105224609375,115.96172332763672,22.5421142578125,37.693397521972656
150,-1,1207.4205322265625,113.5844955444336,63.257080078125,44.53827667236328
150,-1,869.4497680664062,550.0846557617188,71.8634033203125,75.9959716796875
150,-1,1109.394775390625,191.1640472412109,73.0455322265625,56.36634826660159
150,-1,811.741455078125,249.14523315429688,54.49981689453125,52.69097900390625
150,-1,1287.436767578125,154.63027954101562,26.00341796875,45.47969055175781
150,-1,1086.4462890625,60.26577758789063,40.0556640625,42.00504302978515
150,-1,859.8304443359375,275.472900390625,98.93646240234376,79.65606689453125
150,-1,341.56719970703125,225.2017974853516,46.97067260742188,69.09162902832028
150,-1,903.120849609375,122.95892333984376,44.052612304687386,45.02903747558592
150,-1,748.4225463867188,252.21275329589844,57.69012451171875,53.33341979980469
150,-1,1046.394287109375,59.20948791503906,23.718017578125,34.7086181640625
150,-1,596.3955688476562,423.77874755859375,134.02447509765625,101.343994140625
150,-1,1358.038330078125,212.1267547607422,27.98583984375,49.47328186035151
150,-1,1398.165283203125,19.670610427856445,15.96337890625,29.009523391723636
150,-1,416.4208068847656,145.2501983642578,25.346832275390625,40.13107299804688
150,-1,292.2700500488281,124.86331939697266,56.44805908203125,42.93132781982422
150,-1,1208.6644287109375,113.38211822509766,61.9361572265625,44.6841049194336
150,-1,445.0509643554688,252.47222900390625,42.20602416992182,49.11407470703125
150,-1,477.7563171386719,159.6131134033203,14.197906494140623,24.982940673828125
150,-1,836.5472412109375,141.1166534423828,12.13653564453125,32.17823791503906
150,-1,1169.36328125,635.9305419921875,33.935546875,55.7818603515625
150,-1,1370.1961669921875,200.5235290527344,17.5030517578125,46.31072998046872
150,-1,1346.2203369140625,189.73497009277344,14.6514892578125,39.396331787109375
150,-1,1149.8983154296875,635.02392578125,53.739990234375,57.052001953125
150,-1,1306.385498046875,10.981465339660645,48.79638671875,33.99217510223389
150,-1,392.8606872558594,109.46046447753906,32.98666381835943,38.02471923828125
150,-1,326.7523498535156,167.29869079589844,24.224090576171875,40.16159057617188
150,-1,231.84295654296875,242.5662078857422,42.21060180664063,48.00172424316406
150,-1,382.34710693359375,149.60894775390625,24.17694091796875,41.28468322753906
150,-1,1305.8980712890625,186.5305328369141,44.830322265625,66.9630432128906
150,-1,446.0671997070313,181.5868682861328,64.50500488281244,53.11882019042969
150,-1,1110.1556396484375,190.1964111328125,71.6455078125,57.65640258789063
150,-1,1271.2684326171875,74.73444366455078,20.50146484375,35.18454742431642
150,-1,1251.8765869140625,35.95987319946289,18.4044189453125,30.820003509521484
150,-1,1040.2431640625,423.8786926269531,26.768798828125,68.37860107421875
150,-1,1112.327880859375,287.7200012207031,91.43310546875,59.92401123046875
150,-1,292.5087585449219,124.7601089477539,55.7208251953125,43.01094818115234
150,-1,1285.3985595703125,16.204303741455078,17.3262939453125,29.245407104492195
150,-1,1252.103759765625,0.3423315286636352,15.4989013671875,19.50213372707367
150,-1,1368.532958984375,74.9462661743164,22.419189453125,34.923728942871094
150,-1,1355.4122314453125,34.4544792175293,46.2738037109375,35.89389419555664
150,-1,979.7998046875,154.66929626464844,13.11309814453125,35.8175354003906
150,-1,978.8150634765624,155.1718292236328,20.621215820312614,36.12159729003906
150,-1,513.9522705078125,377.2733154296875,16.37786865234375,61.114288330078125
150,-1,1355.95263671875,34.07516098022461,45.8760986328125,36.32765579223633
160,-1,787.679443359375,567.9290771484375,128.1629638671874,119.23675537109376
160,-1,865.7392578125,174.18601989746094,67.95489501953125,49.46075439453125
160,-1,201.35125732421875,162.4058837890625,58.8157958984375,51.01219177246094
160,-1,669.4993286132812,599.1656494140625,127.44232177734376,116.68426513671876
160,-1,600.191162109375,630.6309204101562,133.8890380859375,89.36907958984375
160,-1,301.8158569335937,650.4202880859375,126.92947387695318,68.5931396484375
160,-1,614.0619506835938,202.1874237060547,51.193603515625,45.43452453613281
160,-1,912.508056640625,361.1322021484375,69.46765136718739,60.95083618164063
160,-1,925.8352661132812,572.2553100585938,118.87359619140624,111.56494140625
160,-1,105.62028503417967,234.55699157714844,73.54347229003908,62.41383361816406
160,-1,1319.69287109375,4.295439720153809,49.0462646484375,33.47449207305908
160,-1,1000.0733642578124,203.80165100097656,84.74218750000011,60.54588317871094
160,-1,1229.140625,53.51626205444336,20.4281005859375,34.43980026245117
160,-1,259.680908203125,510.01312255859375,153.47079467773438,131.43646240234375
160,-1,847.3422241210938,210.09605407714844,45.8306884765625,47.99284362792969
160,-1,1103.2137451171875,80.20764923095703,24.8807373046875,38.25008392333984
160,-1,780.4942016601562,193.54684448242188,48.5601806640625,45.11444091796878
160,-1,417.618896484375,111.70608520507812,48.8338623046875,39.215576171875
160,-1,1271.5196533203125,125.32891845703124,23.955078125,39.27766418457033
160,-1,1191.5064697265625,122.43077850341795,65.185546875,44.49089813232423
160,-1,869.1940307617188,547.21875,73.7469482421875,78.66510009765625
160,-1,1081.7772216796875,204.8835906982422,73.4869384765625,58.87095642089844
160,-1,816.2996826171875,251.14181518554688,56.73291015625,51.5601806640625
160,-1,1271.0921630859375,162.79539489746094,27.0281982421875,46.73945617675781
160,-1,1086.3585205078125,60.09218215942383,44.0216064453125,42.230411529541016
160,-1,813.4641723632812,296.3216857910156,101.7999267578125,83.65447998046875
160,-1,309.02557373046875,245.8523406982422,46.344818115234375,48.18431091308594
160,-1,903.0451049804688,123.13236236572266,44.37744140625,44.92977142333984
160,-1,761.2216186523438,254.1599578857422,57.24090576171875,52.92655944824219
160,-1,519.6417236328125,459.2946472167969,144.7747802734375,111.38381958007812
160,-1,1383.644287109375,25.19278907775879,17.55126953125,29.54363822937012
160,-1,430.7379150390625,149.4791259765625,24.149169921875,42.950531005859375
160,-1,303.1618347167969,130.2060089111328,58.31048583984375,42.170257568359375
160,-1,1191.3782958984375,122.08642578125,65.170654296875,45.19287109375
160,-1,435.9175109863281,247.7138061523437,38.790130615234375,51.11260986328128
160,-1,500.0837707519531,163.19862365722656,42.935455322265625,43.81935119628904
160,-1,1169.23291015625,635.6863403320312,34.625244140625,56.24981689453125
160,-1,1359.106689453125,198.2865753173828,35.6134033203125,66.90611267089844
160,-1,1149.8101806640625,634.8779296875,54.432373046875,57.2991943359375
160,-1,1319.236572265625,5.368020534515381,49.5794677734375,32.86538171768189
160,-1,392.5494384765625,110.44246673583984,32.907562255859375,37.43909454345703
160,-1,310.0671691894531,157.88119506835938,23.397003173828125,39.50970458984375
160,-1,203.53370666503903,237.16395568847656,42.169723510742216,50.77806091308594
160,-1,398.25689697265625,157.42178344726562,25.546417236328125,42.82196044921878
160,-1,1306.130615234375,185.6652069091797,52.751220703125,67.41714477539062
160,-1,458.0462341308594,185.99703979492188,67.94271850585938,55.86875915527344
160,-1,1081.0400390625,204.2412872314453,74.910400390625,59.13887023925781
160,-1,1255.1710205078125,81.23555755615234,20.831298828125,36.82727813720703
160,-1,1268.9703369140625,28.59848022460937,18.0322265625,29.6579818725586
160,-1,1027.301513671875,420.1421203613281,26.890869140625,61.332550048828125
160,-1,1109.5416259765625,285.7987976074219,90.8465576171875,58.6341552734375
160,-1,1108.2830810546875,285.38702392578125,88.8096923828125,59.314056396484375
160,-1,304.14617919921875,130.25889587402344,56.90979003906256,41.85429382324219
160,-1,1303.087158203125,7.357265949249268,17.13134765625,29.35309171676636
160,-1,1248.546142578125,0.0,17.3189697265625,19.995492935180664
160,-1,1354.47509765625,82.73758697509766,22.4176025390625,35.467247009277344
160,-1,1343.4066162109375,40.875709533691406,47.8265380859375,36.30085754394531
160,-1,970.816162109375,157.28128051757812,17.063598632812614,33.889739990234375
170,-1,787.9111938476562,568.4149780273438,127.9730224609375,118.79461669921876
170,-1,836.5723876953125,176.43783569335938,68.7982177734375,49.8077392578125
170,-1,201.2398376464844,162.54888916015625,58.88278198242185,50.86566162109375
170,-1,669.5187377929688,599.3530883789062,127.08953857421876,114.7471923828125
170,-1,600.43310546875,630.8621826171875,131.23382568359375,89.1378173828125
170,-1,597.7044677734375,199.11476135253903,48.82635498046875,47.392578125
170,-1,912.4012451171876,361.5720825195313,69.08081054687477,59.82336425781244
170,-1,925.761474609375,572.4053955078125,119.0521240234375,111.25848388671876
170,-1,96.25737762451172,236.0283203125,47.88143157958984,56.96261596679688
170,-1,1333.3055419921875,0.3091883659362793,48.4212646484375,31.86718797683716
170,-1,975.7639770507812,215.7872314453125,86.39532470703125,61.63690185546875
170,-1,1249.7613525390625,45.05949020385742,19.885986328125,32.69529342651367
170,-1,183.628158569336,547.1244506835938,164.0148773193359,135.11883544921875
170,-1,826.8662719726562,213.214599609375,50.096435546875,46.693145751953125
170,-1,1121.62060546875,74.78057098388672,24.8809814453125,36.97789764404296
170,-1,758.0776977539062,195.1597900390625,48.568115234375,45.75164794921875
170,-1,417.8773193359375,111.51241302490234,51.40350341796881,40.23067474365234
170,-1,1251.9521484375,135.24107360839844,24.8076171875,40.34759521484375
170,-1,868.9304809570312,547.1984252929688,72.87567138671875,79.0068359375
170,-1,1051.4935302734375,219.1426696777344,78.795166015625,61.89489746093747
170,-1,813.1682739257812,250.42274475097656,61.65142822265625,55.14991760253906
170,-1,1253.9222412109375,172.5005645751953,29.9547119140625,47.56050109863276
170,-1,1086.240966796875,61.71573638916016,38.781494140625,41.29911041259764
170,-1,760.4962768554688,318.5693359375,108.46405029296876,87.53646850585938
170,-1,273.9848327636719,244.07069396972656,45.68161010742182,47.94841003417969
170,-1,902.687744140625,123.2478485107422,44.61077880859375,45.10206604003905
170,-1,772.9508666992188,255.3319091796875,50.34881591796875,51.90216064453125
170,-1,428.0223693847656,502.1539916992188,160.47793579101562,121.0238647460937
170,-1,1373.77490234375,198.22039794921875,17.64892578125,47.02522277832029
170,-1,1371.3922119140625,31.232881546020508,15.53955078125,28.82699012756348
170,-1,443.8592529296875,156.0933074951172,25.570220947265625,44.2010498046875
170,-1,315.2792358398437,135.83526611328125,57.39791870117193,45.077545166015625
170,-1,1392.2945556640625,35.747371673583984,20.213623046875,32.66998672485352
170,-1,1173.7110595703125,129.36203002929688,67.2398681640625,48.7535400390625
170,-1,429.4126892089844,242.9625701904297,33.59832763671875,50.50428771972656
170,-1,518.9761962890625,168.35220336914062,42.54150390625,42.52764892578125
170,-1,1168.993408203125,635.739990234375,34.288330078125,56.47735595703125
170,-1,1371.1226806640625,198.1035919189453,20.8892822265625,60.34233093261719
170,-1,1375.050537109375,198.5662841796875,15.58251953125,30.0299072265625
170,-1,1148.311279296875,634.7623901367188,55.2484130859375,58.38958740234375
170,-1,392.6297607421875,110.51396942138672,31.887969970703125,37.58846282958984
170,-1,296.257080078125,147.22642517089844,22.524383544921875,39.79977416992188
170,-1,174.8527069091797,234.24118041992188,42.24594116210935,45.255126953125
170,-1,413.57763671875,165.0546875,25.854644775390625,44.07966613769531
170,-1,1306.1373291015625,186.25003051757807,54.085693359375,66.85292053222662
170,-1,467.8493041992188,193.9178466796875,68.9037475585937,55.90065002441409
170,-1,1237.4801025390625,89.58561706542969,21.464599609375,38.027076721191406
170,-1,1286.087890625,22.18836212158203,16.4971923828125,28.03167724609375
170,-1,1016.6610717773438,414.7351684570313,25.66766357421875,67.83065795898432
170,-1,1105.3660888671875,283.9263916015625,91.4769287109375,58.33053588867188
170,-1,314.3370056152344,136.07772827148438,58.3294677734375,44.92796325683594
170,-1,1320.4124755859375,4.118509292602539,15.592041015625,26.11159706115723
170,-1,1339.465576171875,89.84352111816406,24.37353515625,36.942039489746094
170,-1,1331.9842529296875,46.6944580078125,48.8812255859375,37.77000427246094
170,-1,962.9278564453124,157.82679748535156,17.626159667968864,34.10888671875003
170,-1,1367.4532470703125,214.8773193359375,25.999755859375,55.51528930664063
180,-1,787.5245361328125,567.7505493164062,128.08624267578125,119.47686767578124
180,-1,811.551513671875,178.66384887695312,68.50921630859375,50.26145935058591
180,-1,201.3085021972656,162.64712524414062,58.70330810546878,51.007308959960966
180,-1,669.4784545898438,599.1928100585938,126.94244384765624,119.126708984375
180,-1,600.3196411132812,630.9580688476562,133.3111572265625,89.04193115234375
180,-1,582.9729614257812,201.1070251464844,45.6951904296875,44.57926940917969
180,-1,912.0435791015624,361.3616943359375,68.95385742187523,58.26705932617188
180,-1,925.5994873046876,572.3569946289062,119.1373291015624,111.857421875
180,-1,1343.1103515625,2.267758846282959,47.6251220703125,21.919943332672123
180,-1,948.4757690429688,228.10401916503903,91.57843017578124,63.911361694335966
180,-1,1268.7904052734375,35.62367248535156,19.723876953125,32.290977478027344
180,-1,97.11459350585938,553.7841186523438,174.5379638671875,166.21588134765625
180,-1,807.1142578125,216.37515258789065,47.7484130859375,48.7513732910156
180,-1,1138.8875732421875,71.5500259399414,22.568359375,34.57530975341797
180,-1,735.8801879882812,197.14210510253903,51.41387939453125,45.81146240234378
180,-1,418.9657897949219,110.7900390625,49.770599365234375,41.42623901367188
180,-1,1230.88818359375,145.7095184326172,25.93212890625,41.726470947265625
180,-1,1153.9010009765625,139.76644897460938,70.0601806640625,49.23396301269531
180,-1,867.8825073242188,549.4871215820312,70.76446533203125,76.91375732421875
180,-1,1018.07080078125,234.3896484375,82.0938720703125,65.03726196289062
180,-1,819.910400390625,253.7382354736328,54.13909912109375,50.52653503417969
180,-1,1234.297607421875,180.6549072265625,31.705322265625,48.9753723144531
180,-1,1086.5106201171875,60.98922348022461,38.0848388671875,41.98257827758789
180,-1,1320.90087890625,52.53889083862305,48.836669921875,38.9691276550293
180,-1,705.2484130859375,341.7497863769531,113.8189697265625,93.7579345703125
180,-1,238.68960571289065,242.7201232910156,44.89117431640622,46.02041625976565
180,-1,900.7337646484376,123.20091247558594,46.38519287109364,45.27120971679688
180,-1,783.7064819335938,253.6821746826172,57.7471923828125,58.07502746582031
180,-1,316.8973999023437,550.5179443359375,183.3688354492188,130.93414306640625
180,-1,1376.354248046875,197.2305603027344,17.446533203125,57.25982666015625
180,-1,477.9763793945313,200.7439727783203,69.22424316406244,55.90852355957031
180,-1,1357.589111328125,38.79561233520508,15.327392578125,27.768314361572266
180,-1,459.0218200683594,163.36782836914062,25.2764892578125,44.66102600097656
180,-1,325.7002868652344,142.88165283203125,60.17816162109375,45.22163391113284
180,-1,1377.1273193359375,42.768592834472656,22.2763671875,32.838417053222656
180,-1,1154.171875,139.3020782470703,69.41015625,49.84825134277341
180,-1,424.4004821777344,236.1221618652344,29.96261596679693,52.15731811523435
180,-1,547.7379760742188,172.07998657226562,37.1392822265625,43.50550842285156
180,-1,1170.588134765625,635.258056640625,32.6650390625,56.4150390625
180,-1,1378.6092529296875,197.67413330078125,14.30517578125,30.643280029296815
180,-1,1156.473876953125,635.8469848632812,47.109619140625,55.51409912109375
180,-1,1400.1375732421875,16.263336181640625,31.700439453125,31.814987182617188
180,-1,392.5470581054688,108.96730041503906,33.89419555664057,39.11566162109375
180,-1,283.5557861328125,139.2733612060547,21.4202880859375,38.7701416015625
180,-1,146.39453125,226.8951416015625,42.38644409179688,49.106048583984375
180,-1,429.1513671875,174.64259338378906,25.50628662109375,45.18269348144534
180,-1,1305.735107421875,186.8919677734375,56.728515625,65.82351684570315
180,-1,477.77191162109375,201.47178649902344,69.0899658203125,55.56462097167969
180,-1,1007.3441772460938,411.735595703125,25.97540283203125,58.302154541015625
180,-1,1218.8428955078125,97.3546371459961,22.623046875,38.56624603271485
180,-1,1302.7138671875,15.074172019958496,16.4749755859375,27.19851779937744
180,-1,1000.8713989257812,411.2730712890625,34.11566162109375,68.30911254882812
180,-1,1103.5802001953125,280.4094543457031,88.8570556640625,59.2537841796875
180,-1,325.9059753417969,142.73452758789062,59.573974609375,45.66627502441406
180,-1,1324.734130859375,97.46875762939452,24.9249267578125,38.0952835083008
180,-1,1320.36328125,53.30055236816406,48.662109375,38.07563781738281
180,-1,954.2767944335938,157.80047607421875,15.194091796875,33.71002197265625
180,-1,251.2348480224609,78.7825927734375,17.618576049804716,31.872673034667983
180,-1,1046.4996337890625,58.52594375610352,23.9010009765625,36.66804122924804
180,-1,231.59625244140625,65.15907287597656,13.414688110351562,30.86860656738281
190,-1,787.7219848632812,567.76025390625,127.96234130859376,119.48797607421876
190,-1,788.8308715820312,180.14732360839844,67.574462890625,49.59449768066406
190,-1,201.50070190429688,162.440673828125,58.23919677734375,51.186294555664034
190,-1,668.4622192382812,599.3837890625,127.75146484375,113.662109375
190,-1,600.0895385742188,630.8341674804688,133.03314208984375,89.16583251953125
190,-1,570.9779052734375,195.3480834960937,43.90350341796875,49.11445617675787
190,-1,911.9607543945312,361.2920227050781,68.5560302734375,56.573486328125
190,-1,925.5828857421876,572.3296508789062,119.3182373046874,111.88720703125
190,-1,1359.42626953125,0.0,39.0509033203125,19.434144973754883
190,-1,916.817138671875,241.59950256347656,97.36865234375,64.73838806152344
190,-1,1287.07421875,27.70084571838379,18.6527099609375,30.996339797973636
190,-1,2.396678924560547,590.3753051757812,187.3035774230957,129.62469482421875
190,-1,786.6311645507812,221.43687438964844,53.10089111328125,45.81254577636719
190,-1,1157.5478515625,63.3533821105957,21.6849365234375,34.082607269287095
190,-1,715.230712890625,199.47032165527344,49.132080078125,45.723236083984375
190,-1,418.5273742675781,110.29678344726562,50.25054931640625,41.63706970214844
190,-1,1390.76416015625,20.732154846191406,36.1688232421875,34.24074172973632
190,-1,1209.747802734375,156.11468505859375,25.46875,42.74421691894528
190,-1,1132.4346923828125,149.7339630126953,72.6851806640625,50.61531066894534
190,-1,868.1193237304688,550.8269653320312,70.7269287109375,75.51910400390625
190,-1,984.1151123046876,250.9807891845703,86.30651855468739,67.89207458496094
190,-1,821.558837890625,249.8717041015625,52.55828857421875,58.809478759765625
190,-1,1212.443115234375,185.4855194091797,35.2974853515625,53.31146240234375
190,-1,1086.4317626953125,59.51039123535156,38.33154296875,43.3538055419922
190,-1,1307.9876708984375,60.24690628051758,51.390380859375,39.4265251159668
190,-1,643.88623046875,369.5958557128906,120.93658447265624,99.3914794921875
190,-1,201.375228881836,240.07257080078125,44.12391662597653,47.05953979492188
190,-1,900.7620239257812,122.98233032226562,46.46148681640637,45.44721984863281
190,-1,791.0150146484375,256.6085510253906,61.2830810546875,55.91790771484375
190,-1,1145.5682373046875,91.12908935546876,15.766845703125,42.972839355468736
190,-1,193.7647247314453,606.8983154296875,201.861557006836,112.159423828125
190,-1,1375.8638916015625,197.6822662353516,22.8326416015625,74.77684020996091
190,-1,486.3542785644531,206.20147705078125,72.17147827148438,58.95086669921875
190,-1,1339.459716796875,44.22111511230469,20.466552734375,26.00591278076172
190,-1,473.832763671875,169.25758361816406,25.9771728515625,43.63487243652344
190,-1,1363.8814697265625,46.13753128051758,28.38232421875,35.87918472290039
190,-1,1132.9052734375,149.60130310058594,71.6610107421875,51.11228942871094
190,-1,1046.546875,58.3311653137207,23.51416015625,36.74646377563478
190,-1,421.7900695800781,231.7730712890625,28.5577392578125,51.466094970703125
190,-1,574.7437744140625,174.13699340820312,40.8077392578125,44.62745666503906
190,-1,1169.8260498046875,635.4796142578125,33.471923828125,56.25115966796875
190,-1,1376.9619140625,197.7626037597656,18.05419921875,40.25207519531247
190,-1,418.8424987792969,111.51161193847656,49.815673828125,40.57525634765625
190,-1,1391.4742431640625,21.66743278503418,35.113525390625,33.56741905212402
190,-1,393.033935546875,109.07627868652344,33.3306884765625,38.986572265625
190,-1,271.50982666015625,130.8207244873047,21.69906616210937,36.01713562011719
190,-1,118.8033676147461,225.49627685546875,44.71819305419922,48.11791992187494
190,-1,443.6145324707031,182.6897735595703,25.58358764648437,45.71533203125
190,-1,1306.1866455078125,186.8876953125,57.2684326171875,65.97015380859372
190,-1,1200.6622314453125,104.3212661743164,24.6292724609375,39.88025665283203
190,-1,324.2705993652344,277.5189819335937,24.592498779296875,44.33465576171881
190,-1,1318.4759521484375,6.462106704711914,15.2972412109375,26.97738075256348
190,-1,996.907470703125,407.24853515625,26.507568359375,62.12911987304688
190,-1,1102.7247314453125,280.47833251953125,88.6700439453125,57.72552490234375
190,-1,338.55780029296875,150.0052947998047,60.74395751953125,46.679229736328125
190,-1,328.6628723144531,234.989013671875,20.74569702148437,36.682647705078125
190,-1,1309.6490478515625,105.3013153076172,25.2117919921875,38.27732849121092
190,-1,791.640625,249.20166015625,82.0411376953125,62.913665771484375
190,-1,1307.9742431640625,60.1428108215332,51.025390625,39.07952499389647
190,-1,1376.7645263671875,216.6809234619141,22.398681640625,56.72187805175778
190,-1,268.549072265625,84.80057525634766,20.766296386718693,35.71025848388672
190,-1,243.12301635742188,70.57678985595703,12.485733032226562,30.27515411376953
190,-1,1230.1591796875,443.1323547363281,74.031005859375,71.30551147460938
200,-1,787.4655151367188,567.9666748046875,128.1060791015625,119.27606201171876
200,-1,766.0733032226562,181.6875,67.33642578125,50.67863464355469
200,-1,201.21780395507807,162.40023803710938,58.95098876953131,51.11816406249997
200,-1,668.4278564453125,598.9434204101562,129.92327880859375,116.29559326171876
200,-1,600.1052856445312,630.8082885742188,133.66741943359375,89.19171142578125
200,-1,555.8912353515625,196.3314971923828,42.30560302734375,44.7230224609375
200,-1,911.8438720703124,361.5478820800781,66.77062988281261,55.75387573242188
200,-1,351.60986328125,155.69229125976562,61.87591552734375,49.54653930664063
200,-1,925.6793212890624,572.3739624023438,119.1497802734376,111.71728515625
200,-1,883.6222534179688,254.6047515869141,100.4979248046875,66.62821960449216
200,-1,1304.068603515625,20.54603576660156,17.701416015625,29.497947692871097
200,-1,767.5747680664062,221.7234344482422,53.9490966796875,48.47416687011719
200,-1,1172.1790771484375,57.99773025512695,23.508056640625,33.83156204223633
200,-1,694.6250610351562,202.1038055419922,50.58319091796875,44.6856689453125
200,-1,418.1340026855469,110.97022247314452,52.23898315429688,40.95275115966798
200,-1,1349.6923828125,51.87583923339844,32.4532470703125,37.83502197265625
200,-1,1185.9339599609375,167.18280029296875,26.92138671875,44.56573486328125
200,-1,1110.480224609375,160.2388916015625,73.7860107421875,52.511337280273466
200,-1,867.7340698242188,550.9357299804688,71.89849853515625,75.02191162109375
200,-1,949.0675048828124,267.8551025390625,90.0931396484376,70.23812866210938
200,-1,821.4702758789062,254.1294403076172,52.57855224609375,57.73759460449219
200,-1,1190.58447265625,190.87252807617188,36.4613037109375,57.88482666015619
200,-1,1086.173828125,60.29726791381836,38.9105224609375,42.629512786865234
200,-1,575.8298950195312,398.607177734375,128.87896728515625,106.413330078125
200,-1,166.40281677246094,237.07720947265625,43.866653442382784,45.733489990234375
200,-1,901.6547241210938,122.99054718017578,45.52459716796864,45.39495086669922
200,-1,1143.4075927734375,89.44882202148438,21.2777099609375,47.86512756347656
200,-1,1326.9036865234375,50.6991081237793,17.548828125,22.576122283935547
200,-1,373.5379028320313,226.4622802734375,14.903259277343691,30.185546875
200,-1,1349.3280029296875,53.82333755493164,23.9019775390625,36.01432418823242
200,-1,1110.3017578125,160.42018127441406,73.6385498046875,52.422943115234375
200,-1,1046.4461669921875,58.282039642333984,23.7777099609375,36.37022018432617
200,-1,416.7442321777344,226.5791473388672,27.4884033203125,49.69200134277344
200,-1,605.0816040039062,177.9765625,45.86505126953125,44.41754150390625
200,-1,1170.9356689453125,634.9076538085938,32.1126708984375,56.4556884765625
200,-1,1379.01611328125,198.49899291992188,13.189697265625,39.78576660156253
200,-1,419.8912048339844,112.45834350585938,50.24481201171875,39.71000671386719
200,-1,1381.7061767578125,25.93111991882324,40.950927734375,35.37341117858887
200,-1,392.8271484375,109.19608306884766,33.636474609375,38.67057037353516
200,-1,259.78521728515625,120.76953887939452,20.79522705078125,36.32222747802736
200,-1,458.1686706542969,190.1331329345703,26.047607421875,46.463653564453125
200,-1,1305.745849609375,186.58480834960932,57.572021484375,66.0600280761719
200,-1,503.4723205566406,213.785888671875,67.27432250976562,59.222503662109375
200,-1,1180.9700927734375,111.15151977539062,25.4669189453125,41.47117614746094
200,-1,313.4987487792969,278.7062072753906,18.603759765625,43.8345947265625
200,-1,1333.453369140625,3.4971237182617188,14.6490478515625,22.970659255981445
200,-1,986.3486328125,404.4531555175781,26.06536865234375,62.2225341796875
200,-1,1102.18359375,280.29022216796875,88.99072265625,57.62817382812494
200,-1,351.5107727050781,155.94825744628906,62.18658447265625,49.23011779785159
200,-1,320.783447265625,236.78546142578125,19.830780029296875,38.73016357421875
200,-1,1362.9595947265625,50.30491638183594,21.0748291015625,36.008094787597656
200,-1,1230.191162109375,1.615309715270996,17.7860107421875,21.798243522644043
200,-1,1292.7059326171875,114.40259552001952,25.855712890625,38.58017730712892
200,-1,793.6863403320312,251.88677978515625,78.8958740234375,61.14419555664063
200,-1,1295.775146484375,66.4829330444336,52.861328125,40.55469512939453
200,-1,1385.8916015625,226.8578338623047,23.227783203125,49.92308044433594
200,-1,288.8771667480469,94.2058334350586,20.232452392578125,33.476661682128906
200,-1,253.1777191162109,77.15082550048828,17.496078491210966,30.365631103515625
200,-1,1172.3463134765625,424.1667175292969,71.838134765625,68.8128662109375
200,-1,1346.7698974609375,311.0062255859375,32.7996826171875,40.18609619140619
210,-1,787.0763549804688,568.1385498046875,128.3863525390625,119.4140625
210,-1,742.080078125,184.54444885253903,68.8636474609375,48.746871948242216
210,-1,201.190673828125,162.2600860595703,58.93283081054688,50.97572326660156
210,-1,668.5604858398438,599.984130859375,123.297119140625,114.2152099609375
210,-1,600.2003784179688,630.6458740234375,133.81768798828125,89.3541259765625
210,-1,549.3712158203125,194.99610900878903,33.176513671875,47.32048034667972
210,-1,911.782958984375,361.5887451171875,63.26568603515625,62.65304565429688
210,-1,365.2024536132813,164.3585205078125,64.74411010742182,49.1998291015625
210,-1,925.6388549804688,571.7966918945312,118.55474853515624,111.785888671875
210,-1,1389.8946533203125,57.38250732421875,21.4996337890625,31.480369567871094
210,-1,846.9981079101562,267.7564697265625,104.96551513671876,69.2001953125
210,-1,1320.1768798828125,13.793164253234863,18.2696533203125,27.827815055847168
210,-1,747.0535278320312,223.2934112548828,48.46527099609375,50.18342590332031
210,-1,1188.0040283203125,52.99745559692383,22.5074462890625,32.8535041809082
210,-1,676.4656982421875,203.15740966796875,49.41693115234375,44.54002380371094
210,-1,417.3656005859375,111.33126831054688,55.02008056640625,40.69340515136719
210,-1,1164.3426513671875,177.73077392578125,26.44287109375,44.59628295898435
210,-1,1085.52685546875,172.5113983154297,75.0577392578125,53.8380126953125
210,-1,867.9263305664062,550.2053833007812,72.14324951171875,75.97137451171875
210,-1,909.976318359375,286.3568725585937,93.82171630859376,70.86853027343756
210,-1,825.410888671875,254.78175354003903,42.376708984375,58.05183410644534
210,-1,1166.245849609375,200.95263671875,36.8304443359375,55.3948974609375
210,-1,1087.0087890625,57.6051139831543,38.5821533203125,45.00310897827149
210,-1,1282.552734375,73.86569213867188,54.678955078125,40.907745361328125
210,-1,499.4567565917969,431.3067626953125,139.23422241210938,114.3975830078125
210,-1,133.52740478515625,226.5183258056641,41.8077392578125,54.127883911132784
210,-1,903.0062866210938,122.58922576904295,44.37347412109386,45.02715301513673
210,-1,794.23779296875,255.80108642578125,69.73193359375,57.0067138671875
210,-1,1143.961669921875,89.50887298583984,20.6068115234375,45.59246063232422
210,-1,1320.1361083984375,295.57867431640625,42.83837890625,55.326080322265625
210,-1,507.76312255859375,221.12765502929688,76.69586181640625,60.6126708984375
210,-1,1311.651611328125,55.9254150390625,16.395263671875,21.99789428710937
210,-1,511.2600708007813,180.54840087890625,30.278625488281197,42.80665588378906
210,-1,374.5813598632813,224.46536254882807,15.405670166015568,34.09271240234381
210,-1,1334.6861572265625,60.166015625,19.1326904296875,35.5150146484375
210,-1,1085.3001708984375,171.69908142089844,75.5841064453125,54.48074340820315
210,-1,410.2342224121094,220.64659118652344,28.08624267578125,48.10356140136719
210,-1,637.4852294921875,179.500732421875,43.77435302734375,44.1258239746094
210,-1,1171.306884765625,634.9462280273438,31.4814453125,56.36199951171875
210,-1,1379.7127685546875,196.7625732421875,13.98779296875,46.04263305664057
210,-1,1373.2064208984375,106.69725036621094,24.9560546875,41.972747802734375
210,-1,1157.8131103515625,634.43115234375,45.5592041015625,57.46185302734375
210,-1,1372.546630859375,33.32132339477539,42.2955322265625,34.47951126098633
210,-1,392.293701171875,110.36965942382812,31.984405517578125,37.816680908203125
210,-1,247.21034240722656,112.89226531982422,20.473953247070312,35.237831115722656
210,-1,473.328857421875,196.0550994873047,29.628448486328125,49.14555358886719
210,-1,1306.3970947265625,188.2836456298828,56.6033935546875,64.74227905273438
210,-1,507.50982666015625,220.9682464599609,77.03265380859375,60.74806213378909
210,-1,1160.14501953125,119.36647033691406,26.7474365234375,41.57806396484375
210,-1,300.6495666503906,282.7779235839844,20.34124755859375,42.096221923828125
210,-1,1347.71240234375,0.0,13.7322998046875,18.58395767211914
210,-1,978.21435546875,402.3653259277344,25.60272216796875,65.11138916015625
210,-1,1101.9775390625,279.86785888671875,88.052001953125,57.73968505859375
210,-1,365.2809753417969,164.5078582763672,64.47860717773443,48.7005615234375
210,-1,307.7362365722656,239.49099731445312,23.01483154296875,37.712799072265625
210,-1,1353.7449951171875,54.359493255615234,20.2315673828125,33.1906852722168
210,-1,1273.5439453125,123.6201629638672,26.6864013671875,38.8266143798828
210,-1,1282.8382568359375,73.60525512695312,55.2091064453125,40.99810791015625
210,-1,1392.1708984375,226.8925628662109,26.6146240234375,54.56379699707034
210,-1,310.5058288574219,100.94136810302734,21.8609619140625,34.654930114746094
210,-1,264.6176147460937,82.86929321289062,17.760223388671932,29.86310577392578
210,-1,1121.2728271484375,407.3373718261719,71.335693359375,67.97677612304693
220,-1,787.5387573242188,568.4182739257812,128.2000732421875,118.73211669921876
220,-1,719.2745971679688,185.0873565673828,68.1512451171875,49.29718017578128
220,-1,200.9387969970703,162.4444580078125,59.44807434082031,51.08833312988281
220,-1,668.623046875,600.12060546875,125.94207763671876,113.13720703125
220,-1,600.2142944335938,630.875732421875,133.71734619140625,89.124267578125
220,-1,912.7048950195312,359.617431640625,54.82086181640637,64.06509399414062
220,-1,379.194091796875,172.00181579589844,66.66152954101562,52.0556640625
220,-1,925.6687622070312,572.2606811523438,118.76861572265624,110.9014892578125
220,-1,1375.5233154296875,62.69979095458984,22.4871826171875,36.75106048583984
220,-1,806.59375,284.0966491699219,109.84130859375,71.01974487304688
220,-1,1336.946044921875,6.06858491897583,16.6522216796875,26.96073865890503
220,-1,722.4365234375,224.5575561523437,59.44427490234375,52.05923461914065
220,-1,1202.327392578125,48.9940071105957,21.55615234375,31.587345123291016
220,-1,658.8240966796875,205.4615936279297,48.0738525390625,43.30525207519531
220,-1,418.3850708007813,111.04608154296876,55.49728393554682,41.15264892578124
220,-1,867.6400146484375,549.6036376953125,72.69805908203125,76.77520751953125
220,-1,867.5025634765625,305.757568359375,98.38061523437511,76.26025390625
220,-1,824.6515502929688,255.0331115722656,39.805908203125,50.3611755371094
220,-1,1140.3031005859375,198.50875854492188,38.935791015625,67.61648559570312
220,-1,1087.829345703125,57.73843383789063,38.40576171875,44.88449096679687
220,-1,1268.232666015625,81.23870849609375,56.6192626953125,41.64478302001953
220,-1,413.7532653808594,469.9599304199219,151.35989379882812,122.45919799804688
220,-1,103.02650451660156,232.1331329345703,40.01918029785156,46.27430725097656
220,-1,903.0905151367188,123.05062866210938,44.28802490234364,45.2637939453125
220,-1,793.7429809570312,258.2176208496094,46.68182373046875,50.90475463867188
220,-1,1143.551025390625,89.91508483886719,21.308837890625,45.188507080078125
220,-1,1300.073486328125,284.1654663085937,43.0084228515625,57.07739257812506
220,-1,518.0477905273438,228.0975341796875,81.68292236328125,61.7691650390625
220,-1,1294.99169921875,63.05464553833008,16.8646240234375,21.5991325378418
220,-1,375.06927490234375,222.05825805664065,16.640991210937557,33.318557739257784
220,-1,1319.51318359375,67.28443145751953,19.9237060546875,35.55030822753906
220,-1,1058.45458984375,184.44728088378903,79.1748046875,57.20558166503904
220,-1,1046.4476318359375,58.61319351196289,23.7518310546875,35.23554611206055
220,-1,400.0794982910156,215.3314208984375,29.95794677734375,46.715087890625
220,-1,669.2510986328125,181.3901824951172,46.83807373046875,44.5835876464844
220,-1,1172.100830078125,635.0659790039062,30.8875732421875,56.32781982421875
220,-1,1377.6632080078125,198.34487915039065,16.2078857421875,43.78730773925778
220,-1,1356.8804931640625,116.60147857666016,24.718017578125,43.219032287597656
220,-1,1155.75927734375,634.5892944335938,47.7357177734375,57.3162841796875
220,-1,1362.819091796875,38.565956115722656,43.96728515625,36.666259765625
220,-1,392.3414611816406,110.34039306640624,31.986083984375,37.95777893066408
220,-1,234.5980834960937,106.31383514404295,19.58518981933597,33.95638275146486
220,-1,490.551513671875,208.4136505126953,33.90765380859375,45.895767211914034
220,-1,1306.2646484375,187.3158264160156,56.9061279296875,65.97145080566409
220,-1,518.2608032226562,228.18495178222656,81.06744384765625,61.79512023925781
220,-1,968.8400268554688,400.17138671875,32.79144287109364,63.637939453125
220,-1,1136.6259765625,125.13999938964844,31.0650634765625,45.26416015625
220,-1,284.0346374511719,284.97052001953125,26.332794189453125,42.55523681640625
220,-1,970.4388427734376,397.0580139160156,23.007202148437383,65.9222412109375
220,-1,1102.4766845703125,279.83917236328125,85.2259521484375,57.747314453125
220,-1,379.0417785644531,172.38510131835938,66.45614624023438,51.72508239746094
220,-1,1343.201416015625,61.337890625,20.2740478515625,33.9293975830078
220,-1,1251.4051513671875,133.53677368164062,28.7835693359375,39.41357421875
220,-1,794.6363525390625,256.3602294921875,68.90704345703125,52.27392578125
220,-1,1268.1622314453125,81.41526794433594,56.7279052734375,41.21700286865234
220,-1,1396.91943359375,226.5981292724609,28.8037109375,57.68775939941409
220,-1,331.09259033203125,110.49846649169922,22.5537109375,36.230506896972656
220,-1,276.5849304199219,88.18328857421875,18.686920166015625,33.01732635498047
220,-1,1077.4034423828125,390.4127807617188,70.189453125,68.46557617187494
220,-1,530.378173828125,186.76133728027344,41.468505859375,47.94087219238281
230,-1,787.203369140625,568.5078125,128.51287841796875,122.25762939453124
230,-1,696.321533203125,185.9548492431641,66.91619873046875,50.22064208984372
230,-1,200.5314178466797,162.42701721191406,59.75334167480469,51.41601562500003
230,-1,669.2739868164062,598.6798706054688,125.8575439453125,115.111083984375
230,-1,600.3988647460938,630.8726196289062,133.396728515625,89.12738037109375
230,-1,906.6265869140624,360.745361328125,57.538452148437614,61.83782958984381
230,-1,393.827392578125,180.4827880859375,68.74725341796875,52.36572265625
230,-1,925.6494140625,572.0791015625,119.0643310546875,110.87078857421876
230,-1,1361.7012939453125,70.587158203125,23.1219482421875,37.640586853027344
230,-1,763.2655029296875,300.2102355957031,115.6610107421875,74.46627807617188
230,-1,1352.9443359375,2.164149284362793,15.316162109375,23.402295112609863
230,-1,700.5377197265625,224.91091918945312,61.947021484375,53.0213623046875
230,-1,1217.3818359375,43.53792953491211,21.0965576171875,30.36111068725586
230,-1,641.3583374023438,205.23178100585932,46.79412841796875,44.26002502441409
230,-1,417.8923645019531,109.5689926147461,53.60488891601568,42.54677581787109
230,-1,1119.572509765625,197.8066253662109,32.2437744140625,42.31285095214844
230,-1,867.965087890625,549.5059204101562,71.41400146484375,76.629150390625
230,-1,820.0195922851562,327.697509765625,104.88970947265614,80.53628540039062
230,-1,826.343994140625,255.26873779296875,55.2894287109375,49.20138549804688
230,-1,1114.257080078125,211.6257781982422,40.5484619140625,64.56599426269531
230,-1,1088.8505859375,57.1246223449707,39.8043212890625,45.14477157592773
230,-1,1253.1263427734375,87.9942855834961,58.1424560546875,43.14492034912109
230,-1,313.02252197265625,512.837158203125,168.00369262695312,134.84991455078125
230,-1,903.0902099609376,122.90799713134766,44.302062988281136,45.419898986816406
230,-1,794.1378784179688,257.2989196777344,50.55511474609375,52.311553955078125
230,-1,1143.5677490234375,88.91284942626953,20.897216796875,46.61193084716797
230,-1,1281.5194091796875,272.97686767578125,43.7261962890625,56.102630615234375
230,-1,531.0181884765625,235.852279663086,81.9085693359375,62.95280456542966
230,-1,1275.5965576171875,70.24591064453125,18.37744140625,20.95056915283203
230,-1,519.6751098632812,191.7899627685547,32.592041015625,43.33992004394531
230,-1,1304.2261962890625,73.09066772460938,20.845703125,37.717872619628906
230,-1,1029.9593505859375,199.7528076171875,82.6253662109375,58.14093017578125
230,-1,1046.5360107421875,58.51862716674805,23.658447265625,35.00271224975586
230,-1,375.6656494140625,210.2130889892578,45.4803466796875,48.40626525878906
230,-1,1171.3966064453125,634.374755859375,32.1429443359375,57.0445556640625
230,-1,1378.841796875,198.09165954589844,15.958251953125,44.78561401367188
230,-1,1338.7012939453125,127.2503662109375,25.7763671875,42.73208618164063
230,-1,418.5363464355469,109.39842224121094,52.8238525390625,42.63543701171875
230,-1,1155.7025146484375,633.7713623046875,48.214111328125,58.29388427734375
230,-1,1353.213134765625,45.534934997558594,45.5120849609375,36.82633972167969
230,-1,392.0549621582031,110.0880355834961,32.6678466796875,37.96833038330078
230,-1,222.5973052978516,98.93708801269533,18.8710021972656,34.82540893554686
230,-1,513.7562255859375,203.581771850586,32.888916015625,50.56701660156247
230,-1,1306.1849365234375,187.36895751953125,54.6563720703125,65.75241088867188
230,-1,530.51416015625,234.7250213623047,82.8330078125,64.37831115722656
230,-1,1113.455810546875,135.8998260498047,31.352783203125,42.37416076660156
230,-1,272.3828125,286.2000732421875,19.946502685546875,42.83590698242188
230,-1,958.4432373046876,392.5970764160156,26.44775390625,61.92178344726568
230,-1,1101.1793212890625,279.0795593261719,88.3232421875,58.202728271484375
230,-1,393.7876586914063,180.5414123535156,68.525146484375,53.11172485351565
230,-1,1332.2193603515625,66.53437805175781,21.200927734375,35.16594696044923
230,-1,1228.0001220703125,142.99871826171875,29.607421875,40.984420776367216
230,-1,805.2857666015625,254.57354736328125,75.83526611328125,51.816680908203125
230,-1,1252.9193115234375,88.96638488769531,57.8558349609375,41.82392883300781
230,-1,1406.441650390625,230.2847442626953,18.7677001953125,53.53712463378906
230,-1,352.35748291015625,117.72744750976562,22.334747314453125,38.09989929199219
230,-1,289.1167907714844,92.706298828125,18.596649169921875,34.536399841308594
230,-1,1041.208740234375,380.6840515136719,67.8277587890625,63.22052001953125
230,-1,241.2105712890625,81.867919921875,20.698547363281197,33.12305450439452
230,-1,555.2257690429688,189.6435546875,41.17523193359375,43.07899475097656
230,-1,42.41813659667969,476.060546875,55.89553833007811,62.7923583984375
230,-1,949.5780639648438,396.66448974609375,36.6314697265625,60.82696533203125
240,-1,787.4168090820312,568.5128784179688,128.29986572265636,119.8316650390625
240,-1,671.5621948242188,187.0494079589844,64.72393798828125,48.60629272460932
240,-1,200.5369873046875,162.08999633789062,59.94659423828125,51.176300048828125
240,-1,669.5242919921875,599.4920043945312,126.400146484375,114.2613525390625
240,-1,600.3008422851562,630.7708129882812,133.16131591796875,89.22918701171875
240,-1,505.7324523925781,189.485092163086,31.458648681640625,43.49365234375
240,-1,937.908935546875,362.0296325683594,18.088989257812614,34.295654296875
240,-1,409.36859130859375,189.12730407714844,68.14056396484375,53.96385192871091
240,-1,925.7781982421876,572.6152954101562,119.1622314453124,108.03985595703124
240,-1,1347.2685546875,77.32131958007812,23.6834716796875,38.64244079589844
240,-1,716.185302734375,318.6100158691406,120.186767578125,78.58059692382818
240,-1,1368.2159423828125,0.1406097412109375,15.596923828125,19.129785537719727
240,-1,677.0028686523438,235.1714324951172,50.80718994140625,45.71952819824219
240,-1,1230.9312744140625,37.17223358154297,21.023681640625,30.76032257080078
240,-1,620.8070068359375,206.82244873046875,50.113525390625,43.886993408203125
240,-1,420.55853271484375,109.89952087402344,49.61639404296875,42.21934509277344
240,-1,1343.4130859375,52.274227142333984,46.751708984375,37.54034805297852
240,-1,1097.3155517578125,209.5531768798828,31.77197265625,45.73394775390622
240,-1,867.9169921875,549.3667602539062,72.5244140625,76.8487548828125
240,-1,768.3860473632812,351.7250671386719,108.3270263671875,85.63034057617188
240,-1,832.87060546875,255.64247131347656,52.0860595703125,55.58235168457031
240,-1,1088.445556640625,232.3589630126953,37.79296875,55.52711486816406
240,-1,1089.9005126953125,57.59634017944336,44.1973876953125,43.77847671508788
240,-1,1236.835205078125,95.81773376464844,62.220458984375,43.998077392578125
240,-1,903.295654296875,122.73918151855467,44.05230712890625,45.33923339843752
240,-1,797.87060546875,256.7192077636719,57.58563232421875,56.238525390625
240,-1,1265.0751953125,261.79705810546875,42.1927490234375,55.807525634765625
240,-1,543.9990844726562,243.8515472412109,84.48638916015625,63.73771667480472
240,-1,1255.84716796875,78.44757080078125,20.572998046875,21.555252075195312
240,-1,1289.9071044921875,77.4914321899414,20.327392578125,38.24748992919922
240,-1,997.11181640625,213.11676025390625,87.996826171875,61.995147705078125
240,-1,1046.8388671875,58.77817916870117,23.314208984375,33.75193405151367
240,-1,372.983154296875,205.099365234375,36.2847900390625,52.845703125
240,-1,749.5975952148438,179.72894287109375,56.29534912109375,43.14903259277344
240,-1,1168.2628173828125,634.6053466796875,35.012451171875,56.76434326171875
240,-1,1379.6929931640625,197.8644561767578,15.808349609375,45.700531005859375
240,-1,1317.43896484375,137.02635192871094,27.22900390625,43.78921508789065
240,-1,1149.3701171875,634.297607421875,54.530029296875,57.55511474609375
240,-1,1344.0008544921875,52.10072326660156,46.380615234375,37.73101806640625
240,-1,392.7299499511719,109.74641418457033,32.12835693359375,38.20095825195311
240,-1,535.12353515625,214.6070098876953,32.0245361328125,44.09263610839838
240,-1,1306.3660888671875,186.3250732421875,54.5098876953125,66.60995483398438
240,-1,544.50830078125,243.9309844970703,83.94671630859375,63.40049743652338
240,-1,925.0107421875,361.8901062011719,31.35223388671875,36.6802978515625
240,-1,1085.69580078125,144.04025268554688,33.272705078125,42.46624755859378
240,-1,260.2084045410156,286.43768310546875,19.196044921875,42.26605224609375
240,-1,953.1460571289062,392.799072265625,32.77069091796875,64.3179321289063
240,-1,1100.75439453125,278.48876953125,86.43798828125,58.13385009765625
240,-1,1320.498291015625,73.3212661743164,21.3104248046875,35.48459625244139
240,-1,1202.0318603515625,153.4613800048828,31.281982421875,42.562255859375
240,-1,798.2080688476562,255.5411529541016,86.09649658203125,57.12928771972653
240,-1,1236.7236328125,95.8223876953125,62.7447509765625,44.20021057128906
240,-1,1411.413818359375,230.90887451171875,20.1177978515625,51.9754638671875
240,-1,373.6526489257813,125.8999252319336,22.204132080078068,38.403846740722656
240,-1,301.6817932128906,98.34548950195312,20.536102294921875,34.311004638671875
240,-1,1011.6058959960938,370.0349426269531,65.93658447265625,63.12179565429688
240,-1,579.3112182617188,192.16110229492188,36.3739013671875,43.25164794921878
240,-1,81.89735412597656,454.2005920410156,70.43948364257812,71.79684448242188
240,-1,196.50680541992188,563.7196044921875,187.72650146484372,147.986328125
240,-1,1306.0247802734375,194.5283050537109,40.5859375,58.51394653320318
240,-1,1319.1451416015625,185.79722595214844,44.19921875,55.31166076660156
240,-1,254.38807678222656,89.59455108642578,21.154861450195312,35.051597595214844
240,-1,953.3342895507812,393.1899108886719,23.44970703125,62.3675537109375
250,-1,786.9785766601562,568.5601196289062,128.7799072265625,112.64190673828124
250,-1,649.4735717773438,187.3395538330078,64.72412109375,49.44129943847659
250,-1,200.45372009277344,162.60614013671875,60.10044860839844,50.65757751464844
250,-1,669.22216796875,599.492431640625,127.037841796875,114.48858642578124
250,-1,600.2262573242188,630.6708984375,133.30169677734375,89.3291015625
250,-1,492.072265625,183.6638946533203,32.10614013671875,47.71614074707034
250,-1,933.53466796875,362.7635803222656,22.806884765625,33.070831298828125
250,-1,925.4826049804688,572.435302734375,118.92547607421876,108.14202880859376
250,-1,1332.0845947265625,86.28074645996094,23.3447265625,39.67975616455078
250,-1,664.9857788085938,340.4917907714844,124.69268798828124,81.36154174804693
250,-1,657.8787231445312,236.5583038330078,54.7901611328125,45.47377014160156
250,-1,1244.5753173828125,32.4871826171875,19.952392578125,29.84901428222656
250,-1,600.5064086914062,202.0511932373047,50.81134033203125,49.3267822265625
250,-1,421.3093566894531,111.97412109375,49.41885375976568,39.92970275878906
250,-1,1395.7183837890625,44.492950439453125,18.759765625,33.885589599609375
250,-1,1074.633056640625,219.6010589599609,33.8363037109375,44.58265686035159
250,-1,961.0792236328124,229.56332397460932,91.94921875000011,65.74111938476565
250,-1,870.6402587890625,549.3461303710938,69.9285888671875,76.602783203125
250,-1,709.6646728515625,380.50830078125,113.88031005859376,91.75369262695312
250,-1,832.9835205078125,256.5262145996094,56.21124267578125,54.322784423828125
250,-1,1062.3272705078125,245.2281951904297,36.191650390625,55.98231506347656
250,-1,1093.294921875,59.10926818847656,42.5714111328125,41.30244445800781
250,-1,1219.0181884765625,104.1814422607422,62.0989990234375,44.175903320312486
250,-1,95.99465942382812,625.3485717773438,173.21926879882812,93.74560546875
250,-1,903.064697265625,123.05809020996094,44.23187255859375,45.16886901855469
250,-1,801.8490600585938,257.544921875,56.81610107421875,56.144622802734375
250,-1,1251.41064453125,252.27183532714844,41.791748046875,53.99598693847656
250,-1,557.1083984375,249.58856201171875,87.42779541015625,67.9454345703125
250,-1,1273.0968017578125,82.96562957763672,22.754638671875,41.29413604736328
250,-1,960.3790283203124,229.9838256835937,92.50317382812511,64.6592712402344
250,-1,1046.8060302734375,58.42348861694336,23.3326416015625,34.36124801635742
250,-1,366.1599426269531,199.01998901367188,34.72967529296875,60.15841674804688
250,-1,790.1205444335938,174.50819396972656,54.38568115234375,45.023956298828125
250,-1,1379.4490966796875,197.18096923828125,18.1549072265625,46.29257202148435
250,-1,1291.7305908203125,145.9760284423828,30.4168701171875,44.852981567382784
250,-1,1158.654052734375,634.86083984375,45.1766357421875,56.64337158203125
250,-1,1333.309326171875,59.06969833374024,48.4918212890625,37.811382293701165
250,-1,392.7673645019531,109.92574310302734,33.15826416015625,34.889259338378906
250,-1,554.5386352539062,218.6062164306641,35.34991455078125,42.724380493164034
250,-1,1306.2982177734375,188.0276031494141,52.9443359375,64.94163513183591
250,-1,1057.679931640625,151.50897216796875,35.2645263671875,43.58097839355469
250,-1,245.3808135986328,288.9891052246094,25.89326477050781,43.37814331054688
250,-1,1100.400390625,279.12115478515625,86.5478515625,57.503448486328125
250,-1,422.74603271484375,196.19288635253903,71.00753784179688,55.8056640625
250,-1,1307.376953125,79.18152618408203,20.91552734375,36.89207458496092
250,-1,1174.245849609375,164.74566650390625,32.4930419921875,42.94944763183594
250,-1,801.4541625976562,256.52752685546875,87.342529296875,56.74215698242188
250,-1,1218.5675048828125,103.85491943359376,62.9095458984375,44.80912780761717
250,-1,1415.355224609375,231.014404296875,22.110595703125,51.223052978515625
250,-1,394.9231567382813,133.1927032470703,24.514862060546815,41.05934143066406
250,-1,313.9013366699219,105.19113159179688,22.159942626953125,34.932098388671875
250,-1,988.257568359375,363.5521545410156,64.986572265625,61.7266845703125
250,-1,135.21339416503906,430.7672119140625,67.95181274414062,74.15908813476562
250,-1,99.12342071533205,624.6028442382812,171.41857147216797,95.39715576171876
250,-1,1306.0869140625,194.37713623046875,41.135498046875,58.79005432128906
250,-1,266.864990234375,95.27774810791016,21.516571044921875,36.70325469970703
250,-1,949.4111328125,393.06097412109375,22.274169921875,62.36007690429688
250,-1,1178.08251953125,634.2356567382812,25.527099609375,57.02545166015625
250,-1,1382.283447265625,110.4223175048828,25.9952392578125,41.9734344482422
250,-1,1332.673828125,58.80802154541016,49.1939697265625,38.21716308593749
260,-1,787.0333862304688,568.1444702148438,127.892578125,109.79132080078124
260,-1,628.0570678710938,185.2848052978516,62.9010009765625,52.80586242675776
260,-1,199.75198364257807,162.30697631835938,60.78112792968756,51.00189208984375
260,-1,669.0238647460938,599.3258666992188,127.45989990234376,114.681396484375
260,-1,600.1636352539062,630.4985961914062,133.4141845703125,89.50140380859375
260,-1,477.618408203125,184.5181579589844,28.323516845703125,44.75685119628904
260,-1,932.2555541992188,362.7302856445313,24.6697998046875,33.55194091796869
260,-1,436.0186767578125,205.17303466796875,70.2017211914063,57.58673095703125
260,-1,925.5982666015624,572.5971069335938,118.87622070312511,106.47265625
260,-1,1315.1668701171875,94.35157775878906,23.8360595703125,41.03739929199219
260,-1,607.6589965820312,364.2182922363281,131.78436279296875,86.9769287109375
260,-1,1322.87255859375,64.47885131835938,49.014892578125,39.73114013671875
260,-1,641.4312744140625,234.329833984375,52.40997314453125,48.42657470703125
260,-1,1257.47705078125,27.70989418029785,20.13037109375,29.08940315246582
260,-1,420.3443908691406,112.19178771972656,51.465606689453125,39.00901794433594
260,-1,1384.86474609375,50.36108016967773,19.417724609375,35.45298385620118
260,-1,1051.9969482421875,232.3312530517578,31.1177978515625,45.25703430175781
260,-1,921.4529418945312,247.1685333251953,97.68231201171876,67.46040344238281
260,-1,869.8049926757812,548.5439453125,71.01654052734375,77.45440673828125
260,-1,640.078369140625,413.78271484375,124.46685791015624,98.69110107421876
260,-1,837.6171875,257.4506225585937,55.15716552734375,53.28659057617193
260,-1,1037.0283203125,256.669921875,36.224365234375,58.3902587890625
260,-1,1097.4569091796875,58.17678451538086,39.718017578125,41.08808517456055
260,-1,1199.4990234375,111.8039321899414,66.604736328125,44.96573638916016
260,-1,903.0505981445312,122.9058609008789,43.816223144531136,45.537391662597656
260,-1,803.3713989257812,258.4083251953125,61.21429443359375,54.932464599609375
260,-1,1239.703369140625,243.520263671875,40.396728515625,53.358917236328125
260,-1,570.9674072265625,259.0997619628906,88.80657958984375,67.31369018554688
260,-1,1218.7763671875,94.68106842041016,22.4158935546875,24.15325164794922
260,-1,1257.86572265625,88.01558685302734,25.72509765625,43.47370147705078
260,-1,921.0933837890624,247.6775360107422,97.6795654296876,67.12669372558594
260,-1,1046.8817138671875,58.39941787719727,23.2257080078125,34.46657180786132
260,-1,356.7822265625,194.9193572998047,40.27374267578131,54.86018371582031
260,-1,832.1580200195312,171.06553649902344,47.9779052734375,43.29716491699216
260,-1,1377.0947265625,196.5413055419922,17.3199462890625,46.53633117675781
260,-1,1263.1612548828125,155.32603454589844,32.1572265625,45.26458740234375
260,-1,1159.88671875,635.046875,44.278564453125,56.48492431640625
260,-1,1322.711181640625,64.6945571899414,49.2083740234375,39.18758392333983
260,-1,392.8078918457031,109.39115142822266,32.77777099609375,38.37342071533203
260,-1,578.673583984375,222.6073455810547,43.3358154296875,41.83973693847656
260,-1,1306.1968994140625,188.0355224609375,52.918701171875,65.04409790039057
260,-1,570.9943237304688,258.5978698730469,89.44854736328125,68.24026489257812
260,-1,1026.6463623046875,158.64059448242188,39.033203125,44.14596557617185
260,-1,231.723861694336,288.8822631835937,22.265396118164038,43.15188598632818
260,-1,927.742431640625,392.5059814453125,40.0,59.929962158203125
260,-1,1100.01171875,278.03839111328125,86.222900390625,57.58160400390625
260,-1,436.03851318359375,205.3771514892578,71.31332397460938,57.62455749511719
260,-1,256.078857421875,250.5416412353516,21.555847167968693,40.166641235351534
260,-1,1292.6038818359375,85.29676055908203,21.8115234375,37.74204254150391
260,-1,1144.305419921875,175.07003784179688,35.7589111328125,44.816741943359375
260,-1,804.7146606445312,256.2043762207031,89.0325927734375,56.13470458984375
260,-1,1200.0106201171875,112.16636657714844,66.3812255859375,44.83573913574219
260,-1,1415.4561767578125,231.3694000244141,29.9615478515625,55.98533630371091
260,-1,417.3401184082031,142.24197387695312,25.09042358398437,39.52494812011719
260,-1,328.5687866210937,110.09893035888672,21.021575927734432,37.22956085205078
260,-1,968.58154296875,356.5338134765625,64.90673828125,62.728118896484375
260,-1,184.5507202148437,416.4201354980469,65.87249755859378,68.50982666015625
260,-1,279.0700988769531,103.6128387451172,23.168701171875,37.0491485595703
260,-1,940.7308959960938,393.2304992675781,27.0458984375,58.72802734375
260,-1,1178.200927734375,634.4682006835938,25.617431640625,56.915283203125
260,-1,1372.6583251953125,120.86320495605467,24.6533203125,40.3168182373047
260,-1,701.2203979492188,221.3398895263672,22.67547607421875,40.57426452636719
270,-1,787.1905517578125,568.1784057617188,127.3553466796875,113.69049072265624
270,-1,198.20762634277344,162.71080017089844,62.01170349121094,50.8399963378906
270,-1,669.1181640625,599.310302734375,127.13653564453124,114.6253662109375
270,-1,600.23583984375,630.430419921875,133.5758056640625,89.569580078125
270,-1,461.8812561035156,178.59832763671875,35.496673583984375,41.62361145019534
270,-1,936.1516723632812,361.5904235839844,21.2000732421875,34.82879638671875
270,-1,449.26275634765625,214.5662078857422,73.61785888671875,58.78309631347656
270,-1,925.2848510742188,572.238525390625,119.18402099609376,104.0037841796875
270,-1,1298.216064453125,105.2828369140625,26.1737060546875,39.19990539550781
270,-1,542.9154663085938,392.6919860839844,141.5855712890625,90.19921875
270,-1,1311.203125,71.14990234375,52.265380859375,39.96849060058594
270,-1,691.8856811523438,223.7267608642578,20.0238037109375,37.26051330566406
270,-1,1270.896728515625,22.834901809692383,19.047607421875,28.11202049255371
270,-1,419.6659851074219,112.22301483154295,51.2347412109375,39.24625396728517
270,-1,1375.0924072265625,56.10482025146485,19.47021484375,37.77451324462891
270,-1,1025.08203125,243.99913024902344,32.5003662109375,47.097488403320256
270,-1,879.0200805664062,266.0124206542969,101.42974853515614,69.87228393554682
270,-1,869.0338134765625,547.1580810546875,73.08563232421875,78.904052734375
270,-1,558.0081176757812,451.864013671875,136.2344970703125,105.09613037109376
270,-1,841.1895751953125,257.2152404785156,51.30657958984375,54.69192504882807
270,-1,1009.8287353515624,270.6114807128906,36.153808593750114,59.033447265625
270,-1,1102.3153076171875,59.54443740844727,39.8013916015625,38.49481582641601
270,-1,1179.5977783203125,118.28824615478516,69.6993408203125,47.02715301513672
270,-1,903.1381225585938,123.27693939208984,43.480224609375,44.90650177001953
270,-1,808.0045776367188,258.8530578613281,59.9945068359375,54.97476196289063
270,-1,1230.16552734375,235.223388671875,38.4537353515625,52.3612060546875
270,-1,346.5911560058594,189.6926422119141,27.44818115234375,42.98133850097656
270,-1,1240.852294921875,94.67916107177734,23.1414794921875,43.34734344482422
270,-1,878.4795532226562,266.2380676269531,101.41949462890614,69.74371337890625
270,-1,1047.0235595703125,58.75454711914063,22.92333984375,34.03191375732421
270,-1,379.5587463378906,210.1805419921875,16.032501220703125,33.72337341308594
270,-1,871.4732055664062,161.87106323242188,46.16912841796875,46.05484008789063
270,-1,1168.6951904296875,634.6958618164062,35.4825439453125,56.69146728515625
270,-1,1379.65234375,195.9462127685547,16.2637939453125,46.360092163085966
270,-1,1233.8389892578125,164.85194396972656,33.0340576171875,45.3709411621094
270,-1,1149.3897705078125,634.4168090820312,54.9957275390625,57.41131591796875
270,-1,1311.9073486328125,70.84028625488281,51.2860107421875,40.407745361328125
270,-1,392.7418518066406,110.13084411621094,32.26028442382818,37.782012939453125
270,-1,1306.478515625,188.58004760742188,51.57958984375,64.50917053222656
270,-1,584.8786010742188,267.835205078125,90.85772705078124,68.90512084960938
270,-1,927.534912109375,361.73138427734375,29.680786132812614,33.5947265625
270,-1,543.835693359375,392.2696533203125,139.262451171875,91.62698364257812
270,-1,995.3682861328124,164.99664306640625,38.38452148437512,45.28419494628906
270,-1,219.21066284179688,286.3816833496094,19.12445068359378,45.813720703125
270,-1,914.6873168945312,392.9924011230469,48.71002197265637,56.1343994140625
270,-1,1097.9708251953125,276.703857421875,86.89404296875,57.9095458984375
270,-1,449.3053283691406,213.7977600097656,74.02908325195312,59.6929016113281
270,-1,1276.1563720703125,92.17477416992188,22.555419921875,39.070343017578125
270,-1,1115.3048095703125,187.0743865966797,33.9102783203125,46.15852355957031
270,-1,809.7662353515625,257.269775390625,80.9478759765625,55.64376831054688
270,-1,1179.201904296875,117.93434143066406,69.718994140625,47.03204345703125
270,-1,1425.2174072265625,234.15023803710932,20.85546875,50.5202331542969
270,-1,440.9790649414063,149.3907012939453,25.395050048828068,40.638671875
270,-1,342.63433837890625,117.5470733642578,21.440429687500057,36.00584411621095
270,-1,956.0267333984376,352.77105712890625,65.66497802734364,63.4173583984375
270,-1,643.6826171875,203.6207427978516,51.18682861328125,42.10594177246091
270,-1,230.6998443603516,399.3851013183594,63.24842834472653,68.60787963867193
270,-1,293.5898132324219,109.94853973388672,23.514801025390625,39.08832550048828
270,-1,933.677734375,390.507568359375,29.86468505859375,58.48892211914063
270,-1,1360.444580078125,127.38240814208984,25.068359375,43.19905853271485
270,-1,605.879150390625,230.7320556640625,70.024169921875,51.04083251953119
270,-1,597.9471435546875,184.26345825195312,70.029296875,49.64393615722656
270,-1,1098.7623291015625,276.0904541015625,87.401123046875,57.97769165039063
270,-1,885.8501586914062,648.8448486328125,38.6402587890625,70.68878173828125
270,-1,140.35166931152344,199.6710205078125,36.96919250488281,44.64859008789063
280,-1,787.9092407226562,568.0172119140625,126.89178466796876,119.15576171875
280,-1,198.7821350097656,162.861328125,61.60366821289065,50.369873046875
280,-1,669.26025390625,599.1992797851562,127.1807861328125,114.60986328125
280,-1,600.3302612304688,630.6553955078125,133.292236328125,89.3446044921875
280,-1,444.9754333496094,178.7969970703125,38.286651611328125,41.63597106933594
280,-1,463.169921875,224.18299865722656,75.99237060546875,58.88963317871094
280,-1,925.1727294921876,572.3871459960938,119.0670166015624,102.8983154296875
280,-1,1279.7869873046875,114.5363311767578,26.5078125,39.88862609863283
280,-1,469.8466491699219,421.4698791503906,150.59182739257812,99.27383422851562
280,-1,1300.1058349609375,76.77283477783203,53.9947509765625,41.05119323730469
280,-1,1282.9248046875,17.578773498535156,18.7225341796875,28.121307373046875
280,-1,418.5977783203125,112.03282928466795,51.693267822265625,39.949653625488295
280,-1,1365.8619384765625,65.68370819091797,21.298828125,37.082557678222656
280,-1,996.3453369140624,256.1875915527344,35.678466796875114,48.2598876953125
280,-1,831.7501831054688,285.7752685546875,108.304443359375,73.99771118164062
280,-1,868.0801391601562,546.3781127929688,74.32586669921875,79.461669921875
280,-1,462.91693115234375,493.8956298828125,150.18975830078125,116.56280517578124
280,-1,850.5587158203125,258.5399780273437,43.0706787109375,51.35632324218756
280,-1,979.8887329101562,284.0715026855469,39.2413330078125,60.89453125
280,-1,1107.8118896484375,59.18033599853516,38.4505615234375,37.71028137207032
280,-1,1158.108642578125,126.15715026855467,72.166748046875,46.904785156250014
280,-1,903.2311401367188,123.11368560791016,43.73870849609364,44.72481536865234
280,-1,813.2052612304688,261.4314880371094,54.55596923828125,52.09487915039063
280,-1,1087.3956298828125,56.03930282592773,37.08740234375,32.02810287475587
280,-1,1221.4794921875,226.90269470214844,37.71435546875,52.16780090332031
280,-1,597.2466430664062,273.7683410644531,87.88848876953125,72.46286010742188
280,-1,336.9218444824219,184.92721557617188,27.629241943359432,43.17573547363281
280,-1,1222.034912109375,103.06835174560548,24.6212158203125,43.11843109130858
280,-1,832.2811889648438,285.94549560546875,106.8231201171875,73.74795532226562
280,-1,1046.94677734375,58.82057189941406,22.833740234375,34.13053131103516
280,-1,908.4149169921876,158.24813842773438,39.564514160156136,42.59941101074219
280,-1,1166.2335205078125,634.9713134765625,38.048828125,56.5972900390625
280,-1,1380.2822265625,196.13528442382807,17.31689453125,45.640686035156335
280,-1,1203.638427734375,173.80992126464844,33.3670654296875,46.70513916015625
280,-1,1149.405029296875,635.3440551757812,55.1334228515625,55.71551513671875
280,-1,1300.31396484375,77.0312271118164,53.4674072265625,41.1098861694336
280,-1,392.0595397949219,110.67745208740234,32.81304931640625,36.88155364990234
280,-1,632.9475708007812,230.63784790039065,61.9576416015625,49.01492309570304
280,-1,1306.46728515625,188.1695556640625,53.358154296875,64.88197326660159
280,-1,597.2900390625,274.3306579589844,86.91375732421875,71.27957153320312
280,-1,962.0449829101562,172.47988891601562,41.5679931640625,44.6089172363281
280,-1,205.93214416503903,288.3108215332031,26.483718872070312,44.1375732421875
280,-1,881.788330078125,358.87335205078125,101.30078125,87.76406860351562
280,-1,1096.22998046875,275.69439697265625,86.075439453125,57.00607299804688
280,-1,463.057861328125,224.1385955810547,75.64923095703125,59.19740295410156
280,-1,1258.3953857421875,98.82665252685548,24.067626953125,39.57215118408202
280,-1,1088.213134765625,200.16734313964844,35.7659912109375,47.61634826660156
280,-1,814.0711669921875,260.4320068359375,76.8974609375,53.190460205078125
280,-1,1157.5880126953125,125.61471557617188,73.5394287109375,47.5653076171875
280,-1,1436.6986083984375,235.0038909912109,18.235107421875,32.149032592773466
280,-1,465.9712219238281,157.04148864746094,31.82769775390625,41.69972229003906
280,-1,357.5482788085937,123.54501342773438,22.133331298828185,36.22505187988281
280,-1,949.2849731445312,352.3788452148437,66.171875,61.96395874023443
280,-1,678.7277221679688,204.5462951660156,53.26568603515625,52.51004028320315
280,-1,271.7960205078125,383.6730041503906,60.749908447265625,67.3046875
280,-1,1306.2081298828125,194.08897399902344,41.2054443359375,59.119186401367216
280,-1,310.3064270019531,116.62261962890624,23.51547241210937,39.1185760498047
280,-1,1177.4471435546875,634.309814453125,26.6455078125,57.0294189453125
280,-1,1346.966796875,135.7908477783203,26.1917724609375,43.45954895019531
280,-1,609.6685791015625,231.2412567138672,76.0888671875,50.86631774902344
280,-1,560.5969848632812,206.35997009277344,49.47198486328125,45.711669921875
280,-1,577.3157958984375,182.07147216796875,65.3868408203125,51.94386291503906
280,-1,1096.8138427734375,274.9390869140625,85.337158203125,57.14361572265625
280,-1,169.48060607910156,205.4730224609375,36.102294921875,42.8511047363281
280,-1,902.2063598632812,640.9658813476562,33.308837890625,77.35595703125
290,-1,787.5321044921875,567.8931884765625,128.0040283203125,119.47808837890624
290,-1,198.93931579589844,162.6751708984375,61.44364929199219,49.52980041503906
290,-1,669.547119140625,599.1776733398438,126.9390869140625,114.769287109375
290,-1,600.2911987304688,630.6121826171875,133.52099609375,89.3878173828125
290,-1,430.2244567871094,177.43307495117188,37.47055053710943,41.698333740234375
290,-1,475.9157409667969,231.84207153320312,77.68295288085938,61.28952026367188
290,-1,927.2041015625,572.3600463867188,117.039794921875,92.25006103515624
290,-1,1259.901611328125,122.6226806640625,27.6834716796875,42.598663330078125
290,-1,387.8950500488281,455.2425231933594,161.18893432617188,105.28005981445312
290,-1,1288.8970947265625,83.29082489013672,55.751953125,42.336158752441406
290,-1,1294.792724609375,12.43759059906006,18.83056640625,27.85608386993408
290,-1,419.36627197265625,111.9492645263672,50.93078613281256,40.05917358398436
290,-1,1357.2515869140625,73.92239379882812,22.3211669921875,38.54854583740236
290,-1,964.8995971679688,271.3028564453125,36.513366699218864,48.25997924804688
290,-1,868.583984375,547.43115234375,72.62542724609375,78.59716796875
290,-1,351.1546325683594,545.0797729492188,166.77230834960938,126.4744873046875
290,-1,853.6396484375,260.4028625488281,60.52398681640625,50.54620361328125
290,-1,947.3403930664062,296.9612121582031,41.851806640625,56.647247314453125
290,-1,1113.6470947265625,56.50200653076172,39.841552734375,38.34693908691406
290,-1,903.2157592773438,122.932373046875,43.67523193359386,45.057037353515625
290,-1,821.0657348632812,263.0697937011719,56.16259765625,51.127471923828125
290,-1,1087.7783203125,55.47295379638672,39.65478515625,32.32470703125
290,-1,1216.0823974609375,222.0333404541016,35.2969970703125,50.50437927246091
290,-1,607.970458984375,282.7929992675781,88.7203369140625,72.52658081054688
290,-1,327.41424560546875,179.32345581054688,27.37982177734375,42.53089904785156
290,-1,1203.3822021484375,110.76097106933594,24.447021484375,42.47105407714844
290,-1,779.7122192382812,307.9295349121094,114.66796875,79.71817016601562
290,-1,1046.9442138671875,58.8066291809082,22.890380859375,33.99988174438475
290,-1,941.4995727539062,150.870849609375,36.68975830078136,40.44517517089844
290,-1,1163.5811767578125,635.122802734375,40.7476806640625,56.530029296875
290,-1,1380.281005859375,195.7411346435547,17.0623779296875,44.612579345703125
290,-1,1174.813720703125,183.2218475341797,33.4564208984375,47.93911743164063
290,-1,1288.597412109375,83.4439468383789,55.71533203125,41.45011901855469
290,-1,392.27484130859375,110.2422103881836,33.03155517578125,38.097801208496094
290,-1,663.9428100585938,223.85791015625,57.01519775390625,55.310302734375
290,-1,1306.5986328125,189.5304718017578,55.3946533203125,63.429443359375
290,-1,607.9016723632812,283.3096618652344,87.46826171875,72.52011108398438
290,-1,927.9984741210938,176.6010284423828,45.11065673828125,47.41752624511719
290,-1,194.1759033203125,288.9615478515625,22.01820373535159,44.6700439453125
290,-1,1380.2935791015625,19.441312789916992,22.0343017578125,27.89671897888184
290,-1,931.209228515625,389.6573486328125,25.57574462890625,58.985748291015625
290,-1,1094.8802490234375,273.64666748046875,86.6568603515625,57.06613159179688
290,-1,475.7665100097656,230.33790588378903,78.18618774414062,63.03504943847659
290,-1,1239.4696044921875,107.51537322998048,24.324951171875,39.72104644775389
290,-1,1062.72607421875,214.178955078125,32.7117919921875,47.7791748046875
290,-1,1135.2618408203125,132.05628967285156,75.276123046875,49.37565612792969
290,-1,498.1721496582031,164.1204833984375,40.486724853515625,42.401275634765625
290,-1,371.8864440917969,128.80210876464844,22.23358154296875,38.3760986328125
290,-1,945.6190185546876,350.9838562011719,64.81872558593739,62.67279052734375
290,-1,706.1124877929688,207.6683807373047,55.0140380859375,44.52484130859375
290,-1,308.7102966308594,371.7454528808594,56.11715698242193,64.47189331054693
290,-1,327.9116516113281,123.6611557006836,24.674224853515568,39.84923553466797
290,-1,1177.6182861328125,634.6773681640625,26.450439453125,56.60430908203125
290,-1,1331.8670654296875,145.19091796875,26.2164306640625,42.80319213867188
290,-1,551.3114624023438,180.497299194336,64.6702880859375,51.46542358398435
290,-1,593.9421997070312,238.7386474609375,51.5826416015625,45.3265380859375
290,-1,197.5298614501953,206.66763305664065,36.6259765625,45.58227539062494
290,-1,908.974609375,641.9890747070312,40.238647460937614,76.880615234375
