{
  "H_pixel_to_world": [
    [
      3.0115060867971573,
      126.99092826927175,
      730909.4499233229
    ],
    [
      0.9157821104945187,
      38.57124290501535,
      222005.3903332173
    ],
    [
      4.11984734597732e-06,
      0.00017373911642351868,
      1.0
    ]
  ],
  "bev_bounds": {
    "x_min": 730909.8125,
    "x_max": 730912.125,
    "y_min": 222005.359375,
    "y_max": 222007.34375
  },
  "bev_resolution": [
    1000,
    800
  ]
}