frame,track_id,class_id,class_name,conf,x1,y1,x2,y2,cx,cy,source
0,1,8,auto,0.9229233264923096,787.53369140625,568.2330322265625,916.2424926757812,687.5668334960938,851.8880920410156,627.8999328613281,uvh26
0,2,8,auto,0.9189518690109253,1165.773681640625,112.72737884521484,1210.5587158203125,159.47091674804688,1188.1661987304688,136.09914779663086,uvh26
0,3,8,auto,0.9186800122261047,201.5504150390625,162.69436645507812,260.4935302734375,213.7128143310547,231.02197265625,188.2035903930664,uvh26
0,4,8,auto,0.8985415697097778,669.0519409179688,599.1837158203125,796.7197875976562,714.2749633789062,732.8858642578125,656.7293395996094,uvh26
0,5,8,auto,0.8963529467582703,601.977783203125,631.4344482421875,732.0919799804688,719.4009399414062,667.0348815917969,675.4176940917969,uvh26
0,6,8,auto,0.8905945420265198,1023.6920776367188,285.2257995605469,1092.275634765625,358.1706237792969,1057.9838562011719,321.6982116699219,uvh26
0,7,3,bike,0.8875693678855896,1011.1453857421875,164.4456787109375,1047.563232421875,212.53245544433594,1029.3543090820312,188.48906707763672,uvh26
0,8,3,bike,0.8870939612388611,1076.050537109375,406.56707763671875,1149.7667236328125,474.2604064941406,1112.9086303710938,440.4137420654297,uvh26
0,9,3,bike,0.8755412697792053,117.52552795410156,649.081787109375,198.57705688476562,719.9999389648438,158.0512924194336,684.5408630371094,uvh26
0,10,3,bike,0.8576835989952087,257.8902587890625,231.19635009765625,309.2444152832031,277.25506591796875,283.5673370361328,254.2257080078125,uvh26
0,11,3,bike,0.8496832847595215,145.7408905029297,228.034423828125,194.42225646972656,274.76104736328125,170.08157348632812,251.39773559570312,uvh26
0,12,3,bike,0.8489226698875427,247.2283935546875,121.8344955444336,268.28521728515625,158.88705444335938,257.7568054199219,140.36077499389648,uvh26
0,13,8,auto,0.840861439704895,925.80078125,572.6207885742188,1045.3658447265625,683.7622680664062,985.5833129882812,628.1915283203125,uvh26
0,14,8,auto,0.8362069129943848,607.8446044921875,324.2595520019531,690.0432739257812,393.8362731933594,648.9439392089844,359.04791259765625,uvh26
0,15,3,bike,0.8225651383399963,782.3499755859375,219.30661010742188,819.6647338867188,268.68414306640625,801.0073547363281,243.99537658691406,uvh26
0,16,2,car,0.8192104697227478,1238.69287109375,90.08320617675781,1297.3663330078125,133.000732421875,1268.0296020507812,111.5419692993164,uvh26
0,17,3,bike,0.8180017471313477,658.5513305664062,269.30755615234375,704.3246459960938,331.13983154296875,681.43798828125,300.22369384765625,uvh26
0,18,3,bike,0.812403678894043,243.01649475097656,206.17335510253906,283.67431640625,247.48301696777344,263.3454055786133,226.82818603515625,uvh26
0,19,8,auto,0.8040096163749695,848.3548583984375,242.5734100341797,930.3381958007812,333.66424560546875,889.3465270996094,288.1188278198242,uvh26
0,20,3,bike,0.8035150766372681,1117.146728515625,154.4944305419922,1152.4815673828125,197.65528869628906,1134.8141479492188,176.07485961914062,uvh26
0,21,3,bike,0.8014684319496155,764.16259765625,201.19850158691406,797.7500610351562,247.42027282714844,780.9563293457031,224.30938720703125,uvh26
0,22,3,bike,0.7956910133361816,1132.82958984375,132.49545288085938,1164.7542724609375,173.46031188964844,1148.7919311523438,152.9778823852539,uvh26
0,23,8,auto,0.7956658601760864,406.3866271972656,111.68978881835938,459.1008605957031,154.49603271484375,432.7437438964844,133.09291076660156,uvh26
0,24,3,bike,0.789156436920166,1069.985107421875,102.18075561523438,1096.7265625,135.14276123046875,1083.3558349609375,118.66175842285156,uvh26
0,25,3,bike,0.7803872227668762,1288.46142578125,26.711410522460938,1310.4517822265625,61.99176788330078,1299.4566040039062,44.35158920288086,uvh26
0,26,3,bike,0.7733333706855774,912.5953369140625,155.5424346923828,950.8786010742188,199.98777770996094,931.7369689941406,177.76510620117188,uvh26
0,27,3,bike,0.7686604261398315,868.9002685546875,550.5401611328125,942.7817993164062,626.8789672851562,905.8410339355469,588.7095642089844,uvh26
0,28,2,car,0.7558322548866272,1361.9293212890625,45.790687561035156,1404.9591064453125,82.41253662109375,1383.4442138671875,64.10161209106445,uvh26
0,29,3,bike,0.7424407005310059,517.2100830078125,215.43429565429688,564.8575439453125,259.86083984375,541.0338134765625,237.64756774902344,uvh26
0,30,3,bike,0.7306402921676636,1303.96728515625,12.209168434143066,1320.2850341796875,38.5811767578125,1312.1261596679688,25.395172595977783,uvh26
0,31,8,auto,0.7234556674957275,1037.432373046875,83.13521575927734,1073.1082763671875,121.74462127685547,1055.2703247070312,102.4399185180664,uvh26
0,32,3,bike,0.7180655598640442,1159.061767578125,68.16091918945312,1178.7877197265625,100.81800079345703,1168.9247436523438,84.48945999145508,uvh26
0,33,2,car,0.7146572470664978,1300.3828125,87.85623168945312,1355.8375244140625,136.28810119628906,1328.1101684570312,112.0721664428711,uvh26
0,34,3,bike,0.7058325409889221,749.3701171875,289.75164794921875,804.7628784179688,365.02447509765625,777.0664978027344,327.3880615234375,uvh26
0,35,8,auto,0.685581386089325,900.208740234375,122.83354949951172,947.60498046875,168.0379638671875,923.9068603515625,145.4357566833496,uvh26
0,36,3,bike,0.6755974292755127,659.953857421875,304.03265380859375,719.4841918945312,371.77825927734375,689.7190246582031,337.90545654296875,uvh26
0,37,2,car,0.588001012802124,1089.38671875,56.37443923950195,1137.603271484375,89.14439392089844,1113.4949951171875,72.7594165802002,uvh26
0,38,2,car,0.5703168511390686,1198.3387451171875,143.30099487304688,1268.3690185546875,192.6008758544922,1233.3538818359375,167.95093536376953,uvh26
0,39,3,bike,0.5665326714515686,1327.3751220703125,279.51849365234375,1389.3111572265625,333.2528381347656,1358.3431396484375,306.3856658935547,uvh26
0,40,2,car,0.5647196173667908,268.4125061035156,98.02125549316406,318.3441467285156,136.9419403076172,293.3783264160156,117.48159790039062,uvh26
0,41,3,bike,0.5347641110420227,898.4855346679688,148.11068725585938,923.6460571289062,190.6029510498047,911.0657958984375,169.35681915283203,uvh26
0,42,3,bike,0.5193944573402405,231.047607421875,72.30873107910156,248.96714782714844,103.12450408935547,240.00737762451172,87.71661758422852,uvh26
0,43,2,car,0.5176696181297302,1198.58935546875,143.41864013671875,1267.9727783203125,192.557373046875,1233.2810668945312,167.98800659179688,uvh26
0,44,3,bike,0.47691649198532104,1144.718505859375,91.52763366699219,1164.553955078125,135.49899291992188,1154.63623046875,113.51331329345703,uvh26
0,45,2,car,0.47200390696525574,1018.20361328125,123.4200439453125,1099.173095703125,174.625244140625,1058.6883544921875,149.02264404296875,uvh26
0,46,2,car,0.4595111608505249,1300.455322265625,87.83895874023438,1356.6265869140625,136.4931640625,1328.5409545898438,112.16606140136719,uvh26
0,47,3,bike,0.43309757113456726,1306.2694091796875,187.6516571044922,1351.0496826171875,253.6161651611328,1328.6595458984375,220.6339111328125,uvh26
0,48,2,car,0.36364543437957764,1399.3175048828125,11.709407806396484,1430.121337890625,40.364288330078125,1414.7194213867188,26.036848068237305,uvh26
0,49,2,car,0.30304792523384094,1017.8316650390625,123.62603759765625,1098.298828125,173.4478759765625,1058.0652465820312,148.53695678710938,uvh26
0,50,3,bike,0.2917514741420746,742.3308715820312,286.85223388671875,798.7090454101562,338.30267333984375,770.5199584960938,312.57745361328125,uvh26
0,2,0,pedestrian,0.6278210878372192,974.1541748046875,223.12017822265625,996.177490234375,262.1014404296875,985.1658325195312,242.61080932617188,coco_person
0,3,0,pedestrian,0.5531710386276245,1172.166015625,635.4169921875,1200.4442138671875,691.4591674804688,1186.3051147460938,663.4380798339844,coco_person
0,4,0,pedestrian,0.5476771593093872,1377.04248046875,208.0447235107422,1394.4967041015625,255.0417938232422,1385.7695922851562,231.5432586669922,coco_person
0,8,0,pedestrian,0.44502684473991394,1386.653076171875,176.44235229492188,1406.2581787109375,217.7650604248047,1396.4556274414062,197.10370635986328,coco_person
0,11,0,pedestrian,0.36634716391563416,1347.45263671875,188.66481018066406,1362.5081787109375,231.85618591308594,1354.9804077148438,210.260498046875,coco_person
1,1,8,auto,0.9222995042800903,787.60400390625,568.162109375,916.4009399414062,687.5845336914062,852.0024719238281,627.8733215332031,uvh26
1,2,8,auto,0.9179080128669739,1164.7861328125,112.7125244140625,1210.2265625,160.1614532470703,1187.50634765625,136.4369888305664,uvh26
1,3,8,auto,0.9180054664611816,201.4195098876953,162.5915985107422,260.3620300292969,213.60971069335938,230.8907699584961,188.10065460205078,uvh26
1,4,8,auto,0.8981474041938782,669.1569213867188,599.1299438476562,796.8547973632812,714.2442626953125,733.005859375,656.6871032714844,uvh26
1,5,8,auto,0.8973566293716431,602.0252685546875,631.4118041992188,732.166748046875,719.3946533203125,667.0960083007812,675.4032287597656,uvh26
1,6,8,auto,0.8930477499961853,1022.5460815429688,285.559814453125,1091.373046875,358.76214599609375,1056.9595642089844,322.1609802246094,uvh26
1,7,3,bike,0.8837494254112244,1009.1708374023438,164.03955078125,1046.04638671875,212.7523651123047,1027.6086120605469,188.39595794677734,uvh26
1,8,3,bike,0.8966431021690369,1074.16357421875,406.0062255859375,1147.675537109375,473.52227783203125,1110.9195556640625,439.7642517089844,uvh26
1,9,3,bike,0.8644334077835083,108.58740234375,651.5240478515625,186.8754425048828,720.0,147.7314224243164,685.7620239257812,uvh26
1,10,3,bike,0.8327319025993347,252.2517547607422,229.0562744140625,306.2046813964844,277.4837646484375,279.2282180786133,253.27001953125,uvh26
1,11,3,bike,0.8205469846725464,142.2145233154297,228.52972412109375,189.88455200195312,274.27294921875,166.0495376586914,251.40133666992188,uvh26
1,12,3,bike,0.8488205075263977,246.2408447265625,121.59148406982422,267.1529235839844,158.35626220703125,256.69688415527344,139.97387313842773,uvh26
1,13,8,auto,0.8392658233642578,925.8433227539062,572.6478881835938,1045.3953857421875,683.7752685546875,985.6193542480469,628.2115783691406,uvh26
1,14,8,auto,0.8344016671180725,605.9820556640625,324.1894226074219,688.476318359375,394.0289611816406,647.2291870117188,359.10919189453125,uvh26
1,15,3,bike,0.8423010110855103,787.0617065429688,218.66787719726562,823.4478149414062,266.8163146972656,805.2547607421875,242.74209594726562,uvh26
1,16,2,car,0.8104179501533508,1237.8270263671875,90.16023254394531,1297.197021484375,133.59080505371094,1267.5120239257812,111.87551879882812,uvh26
1,17,3,bike,0.6016463041305542,659.7622680664062,266.2867431640625,707.1023559570312,330.1822814941406,683.4323120117188,298.23451232910156,uvh26
1,18,3,bike,0.7411571741104126,246.3944549560547,205.66043090820312,288.9119567871094,248.85157775878906,267.65320587158203,227.2560043334961,uvh26
1,19,8,auto,0.829003632068634,847.6404418945312,244.38047790527344,928.5817260742188,334.2867126464844,888.111083984375,289.3335952758789,uvh26
1,20,3,bike,0.8177980780601501,1115.0872802734375,153.17303466796875,1151.5914306640625,197.81930541992188,1133.33935546875,175.4961700439453,uvh26
1,21,3,bike,0.8119006752967834,767.5903930664062,199.9316864013672,801.022216796875,245.82666015625,784.3063049316406,222.8791732788086,uvh26
1,22,3,bike,0.7542507648468018,1131.5859375,132.87741088867188,1163.551513671875,173.88795471191406,1147.5687255859375,153.38268280029297,uvh26
1,23,8,auto,0.7694242000579834,406.50360107421875,111.42461395263672,459.25372314453125,154.2458953857422,432.878662109375,132.83525466918945,uvh26
1,24,3,bike,0.7866705656051636,1072.1900634765625,101.5651626586914,1098.3839111328125,133.8755340576172,1085.2869873046875,117.7203483581543,uvh26
1,25,3,bike,0.7880001664161682,1290.3421630859375,26.099376678466797,1311.824462890625,60.5472526550293,1301.0833129882812,43.32331466674805,uvh26
1,26,3,bike,0.7862398028373718,916.286376953125,154.18910217285156,954.4291381835938,198.4641571044922,935.3577575683594,176.32662963867188,uvh26
1,27,3,bike,0.7673397064208984,869.0570678710938,550.591796875,943.0496215820312,627.0458374023438,906.0533447265625,588.8188171386719,uvh26
1,28,2,car,0.7950780987739563,1360.95263671875,46.27930450439453,1403.9913330078125,82.90958404541016,1382.4719848632812,64.59444427490234,uvh26
1,29,3,bike,0.778117299079895,518.3643798828125,215.20851135253906,566.0758056640625,259.7034606933594,542.2200927734375,237.45598602294922,uvh26
1,30,3,bike,0.7531641125679016,1304.984619140625,11.044239044189453,1321.4151611328125,37.5954475402832,1313.1998901367188,24.319843292236328,uvh26
1,31,8,auto,0.7678643465042114,1038.1767578125,82.90204620361328,1073.8699951171875,121.5204086303711,1056.0233764648438,102.21122741699219,uvh26
1,32,3,bike,0.6889716982841492,1160.4713134765625,67.51326751708984,1180.1917724609375,100.11405944824219,1170.33154296875,83.81366348266602,uvh26
1,33,2,car,0.713111162185669,1298.7734375,88.30079650878906,1354.7078857421875,137.15118408203125,1326.7406616210938,112.72599029541016,uvh26
1,34,3,bike,0.7411519885063171,750.7798461914062,297.87420654296875,800.0186157226562,364.6534729003906,775.3992309570312,331.2638397216797,uvh26
1,35,8,auto,0.6814943552017212,899.8004150390625,122.79730224609375,948.1266479492188,168.90464782714844,923.9635314941406,145.8509750366211,uvh26
1,36,3,bike,0.7513370513916016,657.4994506835938,301.2695617675781,718.8760375976562,371.1147155761719,688.187744140625,336.192138671875,uvh26
1,37,2,car,0.6122353076934814,1089.37255859375,56.19209289550781,1137.6407470703125,88.99978637695312,1113.5066528320312,72.59593963623047,uvh26
1,38,2,car,0.4627112150192261,1196.3955078125,144.0774688720703,1266.0906982421875,193.13510131835938,1231.2431030273438,168.60628509521484,uvh26
1,39,3,bike,0.4953322410583496,1329.9581298828125,279.7315368652344,1391.445068359375,333.0718688964844,1360.7015991210938,306.4017028808594,uvh26
1,40,2,car,0.602143406867981,269.25860595703125,98.34941864013672,319.1140441894531,137.19468688964844,294.1863250732422,117.77205276489258,uvh26
1,42,3,bike,0.5076301097869873,232.04832458496094,72.30231475830078,249.8640594482422,102.92072296142578,240.95619201660156,87.61151885986328,uvh26
1,43,2,car,0.5301996469497681,1196.90966796875,143.95550537109375,1266.56689453125,193.27862548828125,1231.73828125,168.6170654296875,uvh26
1,44,3,bike,0.50506192445755,1144.7137451171875,91.0455093383789,1164.779052734375,135.5284423828125,1154.7463989257812,113.2869758605957,uvh26
1,45,2,car,0.4651998281478882,1021.1581420898438,122.9083251953125,1101.37158203125,173.6232452392578,1061.2648620605469,148.26578521728516,uvh26
1,46,2,car,0.4987628161907196,1298.60400390625,88.2662582397461,1355.473876953125,137.53086853027344,1327.0389404296875,112.89856338500977,uvh26
1,47,3,bike,0.4564410150051117,1307.0750732421875,187.24093627929688,1352.134033203125,253.56381225585938,1329.6045532226562,220.40237426757812,uvh26
1,48,2,car,0.3253973424434662,1398.1749267578125,10.945996284484863,1430.1500244140625,40.69834899902344,1414.1624755859375,25.82217264175415,uvh26
1,49,2,car,0.289217472076416,1019.1774291992188,123.1487808227539,1100.136962890625,173.28826904296875,1059.6571960449219,148.21852493286133,uvh26
1,50,3,bike,0.34342655539512634,741.476806640625,286.13818359375,796.2537231445312,336.1016845703125,768.8652648925781,311.11993408203125,uvh26
1,2,0,pedestrian,0.5994383096694946,973.6220703125,223.06369018554688,995.7467651367188,262.21533203125,984.6844177246094,242.63951110839844,coco_person
1,3,0,pedestrian,0.5625143647193909,1172.587890625,635.66748046875,1200.7215576171875,691.4191284179688,1186.6547241210938,663.5433044433594,coco_person
1,4,0,pedestrian,0.5455418825149536,1377.892578125,208.31076049804688,1395.3189697265625,255.13906860351562,1386.6057739257812,231.72491455078125,coco_person
1,8,0,pedestrian,0.4296639561653137,1387.3125,176.5338897705078,1405.510986328125,214.82041931152344,1396.4117431640625,195.67715454101562,coco_person
1,11,0,pedestrian,0.39376798272132874,1347.3837890625,188.42977905273438,1362.611083984375,232.1145782470703,1354.9974365234375,210.27217864990234,coco_person
2,1,8,auto,0.9214224815368652,787.67578125,568.0393676757812,916.5844116210938,687.5855102539062,852.1300964355469,627.8124389648438,uvh26
2,2,8,auto,0.914063036441803,1163.6968994140625,112.94348907470703,1209.2125244140625,160.48046875,1186.4547119140625,136.71197891235352,uvh26
2,3,8,auto,0.9152493476867676,201.4490966796875,162.61129760742188,260.3579406738281,213.60098266601562,230.9035186767578,188.10614013671875,uvh26
2,4,8,auto,0.8980730772018433,669.20068359375,599.1000366210938,796.9042358398438,714.2134399414062,733.0524597167969,656.65673828125,uvh26
2,5,8,auto,0.8967498540878296,602.0245971679688,631.3897094726562,732.1414794921875,719.353515625,667.0830383300781,675.3716125488281,uvh26
2,6,8,auto,0.8964158892631531,1021.2621459960938,286.26971435546875,1089.987060546875,359.34332275390625,1055.6246032714844,322.8065185546875,uvh26
2,7,3,bike,0.8721441030502319,1007.4910888671875,164.27764892578125,1044.3612060546875,212.995361328125,1025.9261474609375,188.63650512695312,uvh26
2,8,3,bike,0.9044055938720703,1072.09765625,405.9438171386719,1145.045166015625,472.92730712890625,1108.5714111328125,439.43556213378906,uvh26
2,9,3,bike,0.6350037455558777,100.53057861328125,658.2775268554688,171.3893280029297,720.0,135.95995330810547,689.1387634277344,uvh26
2,10,3,bike,0.7126061320304871,246.7197265625,227.5441131591797,302.85870361328125,278.0655822753906,274.7892150878906,252.80484771728516,uvh26
2,11,3,bike,0.8360459208488464,137.9426727294922,227.4699249267578,185.9324951171875,273.5330810546875,161.93758392333984,250.50150299072266,uvh26
2,12,3,bike,0.8621206283569336,245.29563903808594,121.08385467529297,266.31634521484375,158.00173950195312,255.80599212646484,139.54279708862305,uvh26
2,13,8,auto,0.8408096432685852,925.7749633789062,572.6644897460938,1045.356201171875,683.819091796875,985.5655822753906,628.2417907714844,uvh26
2,14,8,auto,0.8532613515853882,603.5947265625,323.55255126953125,686.5408935546875,393.8009338378906,645.0678100585938,358.67674255371094,uvh26
2,15,3,bike,0.8523374199867249,790.9757690429688,216.43043518066406,827.67724609375,264.9941711425781,809.3265075683594,240.7123031616211,uvh26
2,16,2,car,0.7813959717750549,1236.5262451171875,90.3933334350586,1296.5177001953125,134.2983856201172,1266.52197265625,112.34585952758789,uvh26
2,17,3,bike,0.6695801019668579,670.8389892578125,265.6233825683594,712.0991821289062,321.2832336425781,691.4690856933594,293.45330810546875,uvh26
2,18,3,bike,0.6767932772636414,251.6843719482422,206.5513458251953,296.1349792480469,251.5519561767578,273.90967559814453,229.05165100097656,uvh26
2,19,8,auto,0.8530313372612,846.0298461914062,245.01544189453125,927.2684936523438,335.2403869628906,886.649169921875,290.12791442871094,uvh26
2,20,3,bike,0.821251392364502,1113.519775390625,153.45751953125,1150.05029296875,198.22000122070312,1131.7850341796875,175.83876037597656,uvh26
2,21,3,bike,0.8220850229263306,769.7972412109375,199.5086212158203,802.8692016601562,244.79017639160156,786.3332214355469,222.14939880371094,uvh26
2,22,3,bike,0.7078498005867004,1130.5843505859375,133.41952514648438,1162.9031982421875,174.88031005859375,1146.7437744140625,154.14991760253906,uvh26
2,23,8,auto,0.7335993051528931,407.2657775878906,111.54032897949219,459.9040832519531,154.21441650390625,433.5849304199219,132.87737274169922,uvh26
2,24,3,bike,0.6712161898612976,1074.334228515625,100.97540283203125,1100.038818359375,132.66253662109375,1087.1865234375,116.8189697265625,uvh26
2,25,3,bike,0.799989640712738,1291.7803955078125,25.589096069335938,1312.8575439453125,59.331214904785156,1302.3189697265625,42.46015548706055,uvh26
2,26,3,bike,0.7697144150733948,920.0199584960938,154.0799560546875,957.6243896484375,197.7420196533203,938.8221740722656,175.9109878540039,uvh26
2,27,3,bike,0.7774185538291931,869.2327270507812,550.6224975585938,942.9456176757812,626.7853393554688,906.0891723632812,588.7039184570312,uvh26
2,28,2,car,0.8138606548309326,1359.7890625,46.76993942260742,1403.437744140625,83.94068145751953,1381.6134033203125,65.35531044006348,uvh26
2,29,3,bike,0.7651594281196594,521.1275634765625,215.65370178222656,568.396240234375,259.7245178222656,544.7619018554688,237.6891098022461,uvh26
2,30,3,bike,0.7843780517578125,1306.02685546875,10.378300666809082,1322.5689697265625,37.110076904296875,1314.2979125976562,23.74418878555298,uvh26
2,31,8,auto,0.8151959776878357,1038.5814208984375,82.86115264892578,1074.2220458984375,121.41168212890625,1056.4017333984375,102.13641738891602,uvh26
2,32,3,bike,0.6812655329704285,1161.80078125,67.26117706298828,1181.3641357421875,99.50315856933594,1171.5824584960938,83.38216781616211,uvh26
2,33,2,car,0.77528315782547,1297.352783203125,89.28148651123047,1353.0953369140625,137.94287109375,1325.2240600585938,113.61217880249023,uvh26
2,34,3,bike,0.7778763175010681,749.4808959960938,302.23797607421875,795.2733154296875,364.0968933105469,772.3771057128906,333.1674346923828,uvh26
2,35,8,auto,0.7136040329933167,900.1245727539062,122.82061004638672,948.1585083007812,168.65293884277344,924.1415405273438,145.73677444458008,uvh26
2,36,3,bike,0.8153662085533142,653.2875366210938,295.7424621582031,718.90771484375,370.56866455078125,686.0976257324219,333.1555633544922,uvh26
2,37,2,car,0.6236948370933533,1089.388427734375,56.26219940185547,1137.68994140625,89.09565734863281,1113.5391845703125,72.67892837524414,uvh26
2,38,2,car,0.5491194725036621,1194.5313720703125,144.74327087402344,1264.9368896484375,194.31649780273438,1229.734130859375,169.5298843383789,uvh26
2,39,3,bike,0.2432941198348999,1332.673828125,280.12762451171875,1393.697509765625,333.0587463378906,1363.1856689453125,306.5931854248047,uvh26
2,40,2,car,0.5716140866279602,270.36444091796875,99.31746673583984,319.6870422363281,137.7226104736328,295.02574157714844,118.52003860473633,uvh26
2,42,3,bike,0.44011449813842773,233.20985412597656,73.6247329711914,250.70631408691406,103.65294647216797,241.9580841064453,88.63883972167969,uvh26
2,43,2,car,0.4028971195220947,1194.9820556640625,144.88638305664062,1265.017333984375,194.47122192382812,1229.9996948242188,169.67880249023438,uvh26
2,44,3,bike,0.4563596248626709,1144.5693359375,90.84510040283203,1164.7449951171875,135.5700225830078,1154.6571655273438,113.20756149291992,uvh26
2,45,2,car,0.4183846116065979,1022.9677734375,122.41889953613281,1101.9539794921875,172.35252380371094,1062.4608764648438,147.38571166992188,uvh26
2,47,3,bike,0.44164255261421204,1307.6832275390625,186.92591857910156,1353.060791015625,253.59066772460938,1330.3720092773438,220.25829315185547,uvh26
2,48,2,car,0.29675227403640747,1397.301025390625,10.467601776123047,1430.69677734375,41.5357780456543,1413.9989013671875,26.001689910888672,uvh26
2,49,2,car,0.3865169286727905,1021.9520874023438,122.58101654052734,1102.126953125,172.22784423828125,1062.0395202636719,147.4044303894043,uvh26
2,50,3,bike,0.370723158121109,739.8215942382812,285.08831787109375,795.3406372070312,335.67767333984375,767.5811157226562,310.38299560546875,uvh26
2,2,0,pedestrian,0.5195282101631165,973.44091796875,223.3557891845703,995.501953125,262.2636413574219,984.471435546875,242.8097152709961,coco_person
2,3,0,pedestrian,0.5681269764900208,1172.5345458984375,635.7843627929688,1200.61669921875,691.428466796875,1186.5756225585938,663.6064147949219,coco_person
2,4,0,pedestrian,0.5534899830818176,1377.4224853515625,208.39132690429688,1394.8043212890625,255.07334899902344,1386.1134033203125,231.73233795166016,coco_person
2,8,0,pedestrian,0.3499618470668793,1387.071533203125,176.8345489501953,1405.6343994140625,215.84402465820312,1396.3529663085938,196.33928680419922,coco_person
3,1,8,auto,0.9214134812355042,787.6445922851562,567.9371948242188,916.6227416992188,687.5763549804688,852.1336669921875,627.7567749023438,uvh26
3,2,8,auto,0.9100574851036072,1162.8447265625,113.19589233398438,1208.25439453125,160.63821411132812,1185.549560546875,136.91705322265625,uvh26
3,3,8,auto,0.9147611856460571,201.55406188964844,162.63723754882812,260.4068908691406,213.578125,230.98047637939453,188.10768127441406,uvh26
3,4,8,auto,0.8967494964599609,669.2698364257812,599.173828125,797.0038452148438,714.303466796875,733.1368408203125,656.7386474609375,uvh26
3,5,8,auto,0.8953525424003601,601.6981201171875,631.147705078125,732.9884033203125,719.8427124023438,667.34326171875,675.4952087402344,uvh26
3,6,8,auto,0.8936685919761658,1018.3833618164062,287.0332946777344,1087.4801025390625,360.5705871582031,1052.9317321777344,323.80194091796875,uvh26
3,7,3,bike,0.859438419342041,1005.9521484375,165.76942443847656,1042.368896484375,213.8253631591797,1024.1605224609375,189.79739379882812,uvh26
3,8,3,bike,0.9018413424491882,1069.805419921875,406.0160217285156,1142.1680908203125,472.4036560058594,1105.9867553710938,439.2098388671875,uvh26
3,10,3,bike,0.7980220317840576,241.0615234375,226.57875061035156,298.3570251464844,278.34033203125,269.7092742919922,252.45954132080078,uvh26
3,11,3,bike,0.833122730255127,133.0163116455078,225.69992065429688,182.4241180419922,273.1567687988281,157.72021484375,249.4283447265625,uvh26
3,12,3,bike,0.858767032623291,244.29527282714844,120.78321838378906,265.2370910644531,157.50953674316406,254.76618194580078,139.14637756347656,uvh26
3,13,8,auto,0.8381524085998535,925.6316528320312,572.651123046875,1045.4630126953125,684.0482788085938,985.5473327636719,628.3497009277344,uvh26
3,14,8,auto,0.8302046060562134,600.7177124023438,322.5705871582031,683.9534301757812,393.08209228515625,642.3355712890625,357.8263397216797,uvh26
3,15,3,bike,0.8369478583335876,795.87939453125,214.39576721191406,832.7772216796875,263.24993896484375,814.3283081054688,238.8228530883789,uvh26
3,16,2,car,0.7604780793190002,1235.3687744140625,90.9430923461914,1295.8299560546875,135.2309112548828,1265.599365234375,113.08700180053711,uvh26
3,17,3,bike,0.7870615720748901,677.4617309570312,265.0063781738281,717.3060913085938,318.7566833496094,697.3839111328125,291.88153076171875,uvh26
3,18,3,bike,0.756367027759552,256.35858154296875,206.45111083984375,300.8309326171875,251.2729949951172,278.5947570800781,228.86205291748047,uvh26
3,19,8,auto,0.8452590107917786,843.8843383789062,245.36827087402344,925.80419921875,336.3635559082031,884.8442687988281,290.8659133911133,uvh26
3,20,3,bike,0.7970625162124634,1112.0426025390625,154.45245361328125,1148.159912109375,198.77755737304688,1130.1012573242188,176.61500549316406,uvh26
3,21,3,bike,0.8171778917312622,771.8678588867188,198.8328399658203,804.7259521484375,243.7196807861328,788.2969055175781,221.27626037597656,uvh26
3,22,3,bike,0.7879963517189026,1128.7967529296875,133.4160919189453,1161.8275146484375,175.8080596923828,1145.3121337890625,154.61207580566406,uvh26
3,23,8,auto,0.7115833163261414,407.200927734375,111.4046859741211,460.0213928222656,154.17279052734375,433.6111602783203,132.78873825073242,uvh26
3,24,3,bike,0.7303372025489807,1076.991943359375,100.73839569091797,1102.421630859375,132.02212524414062,1089.706787109375,116.3802604675293,uvh26
3,25,3,bike,0.7993705868721008,1293.574462890625,25.3171329498291,1314.308837890625,58.451263427734375,1303.941650390625,41.88419818878174,uvh26
3,26,3,bike,0.7191305756568909,923.8119506835938,153.6009521484375,961.1593627929688,196.85487365722656,942.4856567382812,175.22791290283203,uvh26
3,27,3,bike,0.7608818411827087,869.2706298828125,550.5735473632812,942.9205322265625,626.6620483398438,906.0955810546875,588.6177978515625,uvh26
3,28,2,car,0.8086245656013489,1359.18359375,48.19646453857422,1402.2698974609375,84.87686157226562,1380.7267456054688,66.53666305541992,uvh26
3,29,3,bike,0.7434211373329163,525.9293212890625,215.65782165527344,573.981689453125,260.2943115234375,549.9555053710938,237.97606658935547,uvh26
3,30,3,bike,0.7899317741394043,1307.588134765625,9.975261688232422,1324.1268310546875,36.71499252319336,1315.8574829101562,23.34512710571289,uvh26
3,31,8,auto,0.8253123164176941,1038.9993896484375,82.71548461914062,1074.6180419921875,121.21326446533203,1056.8087158203125,101.96437454223633,uvh26
3,32,3,bike,0.7607141733169556,1163.424560546875,66.35356140136719,1183.1517333984375,98.73796081542969,1173.2881469726562,82.54576110839844,uvh26
3,33,2,car,0.8223747611045837,1295.036376953125,90.3636474609375,1350.813232421875,139.0763397216797,1322.9248046875,114.7199935913086,uvh26
3,34,3,bike,0.6889870762825012,744.6729125976562,295.5502624511719,794.720458984375,363.14251708984375,769.6966857910156,329.3463897705078,uvh26
3,35,8,auto,0.6691104173660278,900.413818359375,122.8263931274414,947.7781982421875,167.98146057128906,924.0960083007812,145.40392684936523,uvh26
3,36,3,bike,0.7734424471855164,650.5624389648438,294.2503967285156,717.1109008789062,370.1624450683594,683.836669921875,332.2064208984375,uvh26
3,37,2,car,0.6174160242080688,1089.4061279296875,56.277015686035156,1137.70849609375,89.11288452148438,1113.5573120117188,72.69495010375977,uvh26
3,38,2,car,0.5725449323654175,1191.466064453125,145.17318725585938,1263.2830810546875,195.80149841308594,1227.3745727539062,170.48734283447266,uvh26
3,39,3,bike,0.20480552315711975,1336.2305908203125,281.0414733886719,1396.9815673828125,333.69622802734375,1366.6060791015625,307.3688507080078,uvh26
3,40,2,car,0.5530598163604736,271.51300048828125,99.99085998535156,321.0250549316406,138.5215606689453,296.26902770996094,119.25621032714844,uvh26
3,42,3,bike,0.635306179523468,234.73582458496094,74.43256378173828,252.1230010986328,104.25260162353516,243.42941284179688,89.34258270263672,uvh26
3,43,2,car,0.37105971574783325,1192.368408203125,145.64816284179688,1262.666259765625,195.4223175048828,1227.517333984375,170.53524017333984,uvh26
3,44,3,bike,0.4416656196117401,1144.4727783203125,90.59834289550781,1164.7117919921875,135.4523468017578,1154.59228515625,113.02534484863281,uvh26
3,45,2,car,0.5225213766098022,1025.878662109375,122.03265380859375,1103.2847900390625,170.93141174316406,1064.5817260742188,146.4820327758789,uvh26
3,47,3,bike,0.3987998962402344,1308.1649169921875,186.73301696777344,1353.8118896484375,253.6029815673828,1330.9884033203125,220.16799926757812,uvh26
3,48,2,car,0.2691187560558319,1396.6832275390625,10.918286323547363,1430.345947265625,42.19846725463867,1413.5145874023438,26.558376789093018,uvh26
3,50,3,bike,0.335389643907547,734.0931396484375,284.106201171875,796.8165893554688,341.5128173828125,765.4548645019531,312.80950927734375,uvh26
3,2,0,pedestrian,0.5218509435653687,972.814697265625,223.50265502929688,994.7645263671875,261.9457092285156,983.7896118164062,242.72418212890625,coco_person
3,3,0,pedestrian,0.5636180639266968,1172.507568359375,636.0933837890625,1200.4388427734375,691.4146118164062,1186.4732055664062,663.7539978027344,coco_person
3,4,0,pedestrian,0.5351616740226746,1377.184326171875,208.53993225097656,1394.5462646484375,255.08180236816406,1385.8652954101562,231.8108673095703,coco_person
3,8,0,pedestrian,0.341910183429718,1387.1710205078125,177.7240447998047,1404.421875,213.81065368652344,1395.7964477539062,195.76734924316406,coco_person
4,1,8,auto,0.9213342070579529,787.6014404296875,567.8707275390625,916.6213989257812,687.5816650390625,852.1114196777344,627.7261962890625,uvh26
4,2,8,auto,0.9090909957885742,1162.0960693359375,113.59127807617188,1207.2327880859375,160.7310028076172,1184.6644287109375,137.16114044189453,uvh26
4,3,8,auto,0.9182483553886414,201.6675262451172,162.7472686767578,260.3660583496094,213.54830932617188,231.01679229736328,188.14778900146484,uvh26
4,4,8,auto,0.8971808552742004,669.23486328125,599.2037353515625,796.9967041015625,714.3565673828125,733.1157836914062,656.7801513671875,uvh26
4,5,8,auto,0.896850049495697,601.511474609375,631.0048828125,733.3477172851562,720.0,667.4295959472656,675.50244140625,uvh26
4,6,8,auto,0.8943542242050171,1015.8883666992188,287.8168029785156,1085.401123046875,361.9032897949219,1050.6447448730469,324.86004638671875,uvh26
4,7,3,bike,0.8679637908935547,1004.2489013671875,166.8413543701172,1040.1873779296875,214.2186737060547,1022.2181396484375,190.53001403808594,uvh26
4,8,3,bike,0.8978006839752197,1067.4569091796875,405.5344543457031,1139.884521484375,471.9547424316406,1103.6707153320312,438.7445983886719,uvh26
4,10,3,bike,0.7997190952301025,236.4776153564453,226.80242919921875,293.30157470703125,278.3970947265625,264.8895950317383,252.59976196289062,uvh26
4,11,3,bike,0.8686954379081726,126.98040771484375,221.9365234375,179.78677368164062,272.9260559082031,153.3835906982422,247.43128967285156,uvh26
4,12,3,bike,0.8534454107284546,243.23036193847656,120.83836364746094,263.9185791015625,156.97869873046875,253.57447052001953,138.90853118896484,uvh26
4,13,8,auto,0.841285228729248,925.5257568359375,572.657470703125,1045.49853515625,684.2086791992188,985.5121459960938,628.4330749511719,uvh26
4,14,8,auto,0.8475418090820312,597.913818359375,322.04107666015625,681.590087890625,392.98138427734375,639.751953125,357.51123046875,uvh26
4,15,3,bike,0.8288991451263428,801.27880859375,213.40451049804688,837.4290771484375,261.2113037109375,819.3539428710938,237.3079071044922,uvh26
4,16,2,car,0.7669452428817749,1234.5010986328125,91.85299682617188,1294.27197265625,135.6487579345703,1264.3865356445312,113.7508773803711,uvh26
4,17,3,bike,0.8324496150016785,682.26171875,263.4616394042969,721.4581909179688,316.2261962890625,701.8599548339844,289.8439178466797,uvh26
4,18,3,bike,0.771943211555481,258.91961669921875,205.94869995117188,304.20703125,251.3050994873047,281.5633239746094,228.62689971923828,uvh26
4,19,8,auto,0.8261151909828186,841.7770385742188,245.81423950195312,924.4684448242188,337.6820068359375,883.1227416992188,291.7481231689453,uvh26
4,20,3,bike,0.8028831481933594,1110.7222900390625,155.25363159179688,1146.62841796875,199.3979034423828,1128.6753540039062,177.32576751708984,uvh26
4,21,3,bike,0.8574681878089905,774.8159790039062,197.8346405029297,807.6592407226562,242.50082397460938,791.2376098632812,220.16773223876953,uvh26
4,22,3,bike,0.7998129725456238,1127.56201171875,133.69923400878906,1160.6251220703125,176.12002563476562,1144.0935668945312,154.90962982177734,uvh26
4,23,8,auto,0.7040923833847046,407.2653503417969,111.2566909790039,460.22906494140625,154.06895446777344,433.74720764160156,132.66282272338867,uvh26
4,24,3,bike,0.7582733035087585,1079.234375,99.56413269042969,1104.821533203125,131.0143280029297,1092.0279541015625,115.28923034667969,uvh26
4,25,3,bike,0.7598700523376465,1295.1658935546875,24.516944885253906,1316.0770263671875,57.845123291015625,1305.6214599609375,41.181034088134766,uvh26
4,26,3,bike,0.7686871886253357,928.5755004882812,152.7569122314453,965.3255615234375,195.47218322753906,946.9505310058594,174.1145477294922,uvh26
4,27,3,bike,0.7535188794136047,869.2886352539062,550.4813842773438,943.0350952148438,626.6581420898438,906.161865234375,588.5697631835938,uvh26
4,28,2,car,0.7912126779556274,1358.1810302734375,49.12138748168945,1401.243896484375,85.7646484375,1379.7124633789062,67.44301795959473,uvh26
4,29,3,bike,0.71684330701828,527.1165771484375,215.70347595214844,574.8265991210938,260.0955505371094,550.9715881347656,237.8995132446289,uvh26
4,30,3,bike,0.7406340837478638,1309.075439453125,9.11727237701416,1325.743408203125,36.10166931152344,1317.409423828125,22.6094708442688,uvh26
4,31,8,auto,0.7821619510650635,1039.677734375,82.60997772216797,1074.6357421875,120.31072998046875,1057.15673828125,101.46035385131836,uvh26
4,32,3,bike,0.7632322907447815,1164.86572265625,65.59608459472656,1184.7591552734375,98.17438507080078,1174.8124389648438,81.88523483276367,uvh26
4,33,2,car,0.7973282337188721,1293.2164306640625,91.1890869140625,1349.0313720703125,139.93701171875,1321.1239013671875,115.56304931640625,uvh26
4,34,3,bike,0.7280426621437073,744.0308227539062,300.5025329589844,789.8870239257812,361.9466857910156,766.9589233398438,331.224609375,uvh26
4,35,8,auto,0.6816500425338745,900.8351440429688,122.9580307006836,947.4298095703125,167.2894744873047,924.1324768066406,145.12375259399414,uvh26
4,36,3,bike,0.7547498345375061,648.89990234375,293.9871520996094,714.960205078125,369.3506164550781,681.9300537109375,331.66888427734375,uvh26
4,37,2,car,0.6086985468864441,1089.4091796875,56.245567321777344,1137.7374267578125,89.09747314453125,1113.5733032226562,72.6715202331543,uvh26
4,38,2,car,0.5762511491775513,1189.4898681640625,146.69276428222656,1260.5103759765625,196.7922821044922,1225.0001220703125,171.74252319335938,uvh26
4,39,3,bike,0.21208719909191132,1339.6507568359375,282.5889587402344,1398.6348876953125,333.56085205078125,1369.142822265625,308.0749053955078,uvh26
4,40,2,car,0.5224709510803223,272.8507995605469,100.62212371826172,321.94940185546875,138.7620391845703,297.4001007080078,119.69208145141602,uvh26
4,42,3,bike,0.6632676124572754,235.96310424804688,75.38882446289062,253.1786651611328,104.82942199707031,244.57088470458984,90.10912322998047,uvh26
4,43,2,car,0.4906662106513977,1189.78955078125,146.69357299804688,1260.68798828125,196.95396423339844,1225.23876953125,171.82376861572266,uvh26
4,44,3,bike,0.4800105690956116,1144.50439453125,90.52058410644531,1164.6348876953125,135.1069793701172,1154.5696411132812,112.81378173828125,uvh26
4,45,2,car,0.5890594124794006,1028.5880126953125,120.50558471679688,1106.350830078125,169.6024932861328,1067.4694213867188,145.05403900146484,uvh26
4,47,3,bike,0.3695496916770935,1308.0208740234375,186.71575927734375,1353.81396484375,253.61167907714844,1330.9174194335938,220.1637191772461,uvh26
4,48,2,car,0.20887532830238342,1395.534423828125,10.970698356628418,1429.8897705078125,42.8258171081543,1412.7120971679688,26.898257732391357,uvh26
4,50,3,bike,0.6834213137626648,726.015380859375,284.6985168457031,803.0596923828125,356.18743896484375,764.5375366210938,320.44297790527344,uvh26
4,2,0,pedestrian,0.5035699009895325,970.9098510742188,223.60977172851562,992.7266235351562,261.70220947265625,981.8182373046875,242.65599060058594,coco_person
4,3,0,pedestrian,0.5645390748977661,1172.6903076171875,636.1973266601562,1200.552734375,691.350830078125,1186.6215209960938,663.7740783691406,coco_person
4,4,0,pedestrian,0.4413634240627289,1376.9710693359375,208.16668701171875,1394.0467529296875,253.8721923828125,1385.5089111328125,231.01943969726562,coco_person
4,8,0,pedestrian,0.3405187129974365,1386.6995849609375,178.29393005371094,1404.021484375,214.3502960205078,1395.3605346679688,196.32211303710938,coco_person
4,38,0,pedestrian,0.3437168002128601,457.7852478027344,202.72711181640625,477.4471435546875,241.67428588867188,467.61619567871094,222.20069885253906,coco_person
5,1,8,auto,0.9214161038398743,787.5660400390625,567.9437866210938,916.4649658203125,687.5633544921875,852.0155029296875,627.7535705566406,uvh26
5,2,8,auto,0.9079875946044922,1160.8592529296875,113.81425476074219,1206.15380859375,161.05384826660156,1183.5065307617188,137.43405151367188,uvh26
5,3,8,auto,0.9172164797782898,201.74900817871094,162.8432159423828,260.3553466796875,213.55064392089844,231.05217742919922,188.19692993164062,uvh26
5,4,8,auto,0.8982499241828918,669.2508544921875,599.1592407226562,796.9842529296875,714.2833862304688,733.1175537109375,656.7213134765625,uvh26
5,5,8,auto,0.8965035676956177,601.4653930664062,630.9270629882812,733.6019287109375,720.0,667.5336608886719,675.4635314941406,uvh26
5,6,8,auto,0.8868123292922974,1013.9527587890625,288.63812255859375,1083.55224609375,362.9540100097656,1048.7525024414062,325.7960662841797,uvh26
5,7,3,bike,0.8668866157531738,1001.9947509765625,167.08425903320312,1037.93212890625,214.4291534423828,1019.9634399414062,190.75670623779297,uvh26
5,8,3,bike,0.9018524885177612,1065.6337890625,405.1165466308594,1138.1043701171875,471.49383544921875,1101.8690795898438,438.30519104003906,uvh26
5,10,3,bike,0.8603785037994385,232.7396697998047,228.93165588378906,287.1897277832031,278.5438232421875,259.9646987915039,253.73773956298828,uvh26
5,11,3,bike,0.8622480630874634,122.6120834350586,221.50009155273438,176.205322265625,273.447998046875,149.4087028503418,247.4740447998047,uvh26
5,12,3,bike,0.8483384251594543,242.34442138671875,120.17916107177734,263.0767822265625,156.23934936523438,252.71060180664062,138.20925521850586,uvh26
5,13,8,auto,0.8428618907928467,925.482421875,572.671630859375,1045.5609130859375,684.3495483398438,985.5216674804688,628.5105895996094,uvh26
5,14,8,auto,0.8513185977935791,595.4197998046875,321.5581359863281,679.1994018554688,392.67333984375,637.3096008300781,357.11573791503906,uvh26
5,15,3,bike,0.8729323744773865,805.8877563476562,211.86610412597656,841.77978515625,259.3141784667969,823.8337707519531,235.59014129638672,uvh26
5,16,2,car,0.808211624622345,1232.627197265625,92.0708236694336,1293.1446533203125,136.47463989257812,1262.8859252929688,114.27273178100586,uvh26
5,17,3,bike,0.8499221801757812,686.8956909179688,261.4517822265625,726.1401977539062,314.295166015625,706.5179443359375,287.87347412109375,uvh26
5,18,3,bike,0.7616297006607056,264.25732421875,206.4634246826172,309.5492858886719,251.73477172851562,286.90330505371094,229.0990982055664,uvh26
5,19,8,auto,0.8259751200675964,839.1220703125,245.75779724121094,923.5747680664062,339.7022399902344,881.3484191894531,292.73001861572266,uvh26
5,20,3,bike,0.8125450611114502,1108.9678955078125,154.9977569580078,1145.52685546875,200.08212280273438,1127.2473754882812,177.5399398803711,uvh26
5,21,3,bike,0.8457493185997009,777.3284912109375,197.11273193359375,810.2299194335938,241.63668823242188,793.7792053222656,219.3747100830078,uvh26
5,22,3,bike,0.7966042757034302,1126.2943115234375,134.06692504882812,1159.210693359375,176.33969116210938,1142.7525024414062,155.20330810546875,uvh26
5,23,8,auto,0.6953445672988892,408.05426025390625,111.19358825683594,461.1843566894531,153.9893035888672,434.6193084716797,132.59144592285156,uvh26
5,24,3,bike,0.7551549077033997,1081.6611328125,98.44300079345703,1107.504150390625,130.22354125976562,1094.5826416015625,114.33327102661133,uvh26
5,25,3,bike,0.759685218334198,1296.71142578125,23.3710994720459,1317.66552734375,56.554595947265625,1307.1884765625,39.96284770965576,uvh26
5,26,3,bike,0.7110117673873901,932.1942138671875,151.80885314941406,968.6881103515625,194.2183380126953,950.441162109375,173.0135955810547,uvh26
5,27,3,bike,0.7431601881980896,869.1580810546875,550.4440307617188,943.0811157226562,626.7992553710938,906.1195983886719,588.6216430664062,uvh26
5,28,2,car,0.7837223410606384,1356.9515380859375,49.991512298583984,1399.958740234375,86.56761169433594,1378.4551391601562,68.27956199645996,uvh26
5,29,3,bike,0.690518319606781,529.4168701171875,216.0118408203125,576.8958740234375,260.2743225097656,553.1563720703125,238.14308166503906,uvh26
5,30,3,bike,0.7172003388404846,1310.5089111328125,8.8223237991333,1327.07958984375,35.592750549316406,1318.7942504882812,22.207537174224854,uvh26
5,31,8,auto,0.8106610774993896,1040.20654296875,82.21288299560547,1075.1080322265625,119.77316284179688,1057.6572875976562,100.99302291870117,uvh26
5,32,3,bike,0.7955549359321594,1166.2340087890625,64.2321548461914,1186.562744140625,97.50880432128906,1176.3983764648438,80.87047958374023,uvh26
5,33,2,car,0.790283739566803,1291.3233642578125,91.9354248046875,1347.653076171875,141.11712646484375,1319.4882202148438,116.52627563476562,uvh26
5,34,3,bike,0.8109042048454285,742.080078125,301.780517578125,786.7954711914062,361.29364013671875,764.4377746582031,331.5370788574219,uvh26
5,35,8,auto,0.7244897484779358,900.92529296875,123.07766723632812,947.5408325195312,167.35995483398438,924.2330627441406,145.21881103515625,uvh26
5,36,3,bike,0.7127838730812073,646.7955322265625,294.31744384765625,712.343505859375,368.95928955078125,679.5695190429688,331.63836669921875,uvh26
5,37,2,car,0.6110241413116455,1089.454833984375,56.24843215942383,1137.7508544921875,89.07713317871094,1113.6028442382812,72.66278266906738,uvh26
5,38,2,car,0.555128276348114,1186.92431640625,147.6338348388672,1258.2569580078125,198.00621032714844,1222.5906372070312,172.8200225830078,uvh26
5,39,3,bike,0.3421356678009033,1342.998779296875,282.7510986328125,1401.3250732421875,333.0191345214844,1372.1619262695312,307.88511657714844,uvh26
5,40,2,car,0.5594014525413513,274.38726806640625,101.16455841064453,323.1618957519531,138.9682159423828,298.7745819091797,120.06638717651367,uvh26
5,42,3,bike,0.7186408638954163,237.540283203125,76.12056732177734,254.60511779785156,105.16888427734375,246.07270050048828,90.64472579956055,uvh26
5,43,2,car,0.4859296381473541,1187.1370849609375,147.62762451171875,1258.2777099609375,198.0986328125,1222.7073974609375,172.86312866210938,uvh26
5,44,3,bike,0.4868500828742981,1144.427978515625,90.29401397705078,1164.5181884765625,134.72804260253906,1154.4730834960938,112.51102828979492,uvh26
5,45,2,car,0.5587534308433533,1031.5364990234375,119.66090393066406,1108.44140625,168.14186096191406,1069.9889526367188,143.90138244628906,uvh26
5,47,3,bike,0.3724979758262634,1307.6871337890625,186.83042907714844,1353.49169921875,253.5928192138672,1330.5894165039062,220.2116241455078,uvh26
5,48,2,car,0.26462680101394653,1394.4769287109375,11.527012825012207,1429.4310302734375,43.91517639160156,1411.9539794921875,27.721094608306885,uvh26
5,41,3,bike,0.4702340066432953,919.1427001953125,149.3332061767578,947.8387451171875,184.94412231445312,933.49072265625,167.13866424560547,uvh26
5,2,0,pedestrian,0.5200644135475159,969.484375,223.07550048828125,991.712646484375,261.8358459472656,980.5985107421875,242.45567321777344,coco_person
5,3,0,pedestrian,0.5548146367073059,1172.7210693359375,636.1729125976562,1200.6339111328125,691.3782348632812,1186.677490234375,663.7755737304688,coco_person
5,4,0,pedestrian,0.4243066906929016,1376.9248046875,207.95558166503906,1394.0655517578125,253.7139892578125,1385.4951782226562,230.83478546142578,coco_person
5,8,0,pedestrian,0.25929611921310425,1386.272216796875,178.95887756347656,1403.967041015625,215.56163024902344,1395.11962890625,197.26025390625,coco_person
5,38,0,pedestrian,0.32982486486434937,457.0417785644531,202.0785675048828,477.0698547363281,241.8423309326172,467.0558166503906,221.96044921875,coco_person
6,1,8,auto,0.9210677742958069,787.5924682617188,567.9196166992188,916.4725341796875,687.5535278320312,852.0325012207031,627.736572265625,uvh26
6,2,8,auto,0.9075631499290466,1159.6737060546875,114.21585845947266,1205.238525390625,161.69827270507812,1182.4561157226562,137.9570655822754,uvh26
6,3,8,auto,0.921808660030365,201.4685516357422,162.82028198242188,260.350830078125,213.76036071777344,230.9096908569336,188.29032135009766,uvh26
6,4,8,auto,0.8992534279823303,669.2318725585938,599.150146484375,796.9354248046875,714.2413940429688,733.0836486816406,656.6957702636719,uvh26
6,5,8,auto,0.8966600298881531,601.4113159179688,630.937255859375,733.6708984375,720.0,667.5411071777344,675.4686279296875,uvh26
6,6,8,auto,0.8930838704109192,1011.5963745117188,289.6617736816406,1081.58544921875,364.5050354003906,1046.5909118652344,327.0834045410156,uvh26
6,7,3,bike,0.8823942542076111,999.8956298828125,167.5657196044922,1036.208251953125,215.39540100097656,1018.0519409179688,191.48056030273438,uvh26
6,8,3,bike,0.8859383463859558,1062.866455078125,404.3165588378906,1135.81689453125,471.09466552734375,1099.3416748046875,437.7056121826172,uvh26
6,10,3,bike,0.8641731142997742,228.64093017578125,230.62887573242188,280.6190490722656,278.0260009765625,254.62998962402344,254.3274383544922,uvh26
6,11,3,bike,0.8321381211280823,120.23588562011719,224.091796875,171.34561157226562,273.58123779296875,145.7907485961914,248.83651733398438,uvh26
6,12,3,bike,0.8019185662269592,241.28436279296875,119.88127136230469,262.0130920410156,155.81753540039062,251.6487274169922,137.84940338134766,uvh26
6,13,8,auto,0.8386757969856262,925.3964233398438,572.646484375,1045.6185302734375,684.4955444335938,985.5074768066406,628.5710144042969,uvh26
6,14,8,auto,0.8787320256233215,592.9032592773438,321.4300842285156,676.4019775390625,392.31396484375,634.6526184082031,356.8720245361328,uvh26
6,15,3,bike,0.8623365163803101,810.4357299804688,209.9663848876953,846.2684326171875,257.33062744140625,828.3520812988281,233.64850616455078,uvh26
6,16,2,car,0.7870267629623413,1231.617919921875,93.05488586425781,1291.827392578125,137.24266052246094,1261.72265625,115.14877319335938,uvh26
6,17,3,bike,0.831387460231781,691.6593627929688,259.6214294433594,730.6741333007812,312.0425720214844,711.166748046875,285.8320007324219,uvh26
6,18,3,bike,0.752249002456665,269.4914855957031,206.727783203125,314.2927551269531,251.30374145507812,291.8921203613281,229.01576232910156,uvh26
6,19,8,auto,0.7942119240760803,838.0535888671875,246.3779296875,922.0401000976562,339.8163146972656,880.0468444824219,293.0971221923828,uvh26
6,20,3,bike,0.8050767779350281,1107.905029296875,155.89056396484375,1144.181884765625,200.69395446777344,1126.04345703125,178.2922592163086,uvh26
6,21,3,bike,0.8620603680610657,779.8417358398438,195.951171875,812.9610595703125,240.55694580078125,796.4013977050781,218.25405883789062,uvh26
6,22,3,bike,0.7813948392868042,1124.9610595703125,134.38819885253906,1157.7569580078125,176.56735229492188,1141.3590087890625,155.47777557373047,uvh26
6,23,8,auto,0.6748726963996887,408.1944274902344,111.24048614501953,461.4250793457031,153.92884826660156,434.80975341796875,132.58466720581055,uvh26
6,24,3,bike,0.7062875628471375,1083.9208984375,97.48297119140625,1109.9931640625,129.559326171875,1096.95703125,113.52114868164062,uvh26
6,25,3,bike,0.7494292259216309,1298.3564453125,22.916404724121094,1319.349609375,55.923545837402344,1308.85302734375,39.41997528076172,uvh26
6,26,3,bike,0.782354474067688,936.70654296875,151.2089080810547,972.9583740234375,193.4912109375,954.8324584960938,172.35005950927734,uvh26
6,27,3,bike,0.7264527082443237,868.8275756835938,550.0865478515625,943.0711669921875,626.6200561523438,905.9493713378906,588.3533020019531,uvh26
6,28,2,car,0.7694343328475952,1355.4503173828125,50.76325988769531,1398.6595458984375,87.47396850585938,1377.054931640625,69.11861419677734,uvh26
6,29,3,bike,0.7376405000686646,530.7839965820312,216.2725067138672,578.8682250976562,261.3448486328125,554.8261108398438,238.80867767333984,uvh26
6,30,3,bike,0.7221333384513855,1312.3184814453125,8.828782081604004,1328.3013916015625,34.47841262817383,1320.3099365234375,21.653597354888916,uvh26
6,31,8,auto,0.8319264650344849,1040.4969482421875,81.25457763671875,1076.124755859375,119.55247497558594,1058.3108520507812,100.40352630615234,uvh26
6,32,3,bike,0.7992021441459656,1167.9200439453125,63.05393981933594,1188.4306640625,96.63810729980469,1178.1753540039062,79.84602355957031,uvh26
6,33,2,car,0.811266303062439,1289.4718017578125,92.74229431152344,1346.031005859375,142.1478271484375,1317.7514038085938,117.44506072998047,uvh26
6,34,3,bike,0.8397153615951538,739.6744384765625,302.1800537109375,783.8995361328125,360.4795837402344,761.7869873046875,331.32981872558594,uvh26
6,35,8,auto,0.6373178362846375,900.6754150390625,123.11053466796875,947.5818481445312,167.55117797851562,924.1286315917969,145.3308563232422,uvh26
6,36,3,bike,0.7669697999954224,645.7374877929688,294.99346923828125,710.104736328125,368.0843505859375,677.9211120605469,331.5389099121094,uvh26
6,37,2,car,0.6269406080245972,1089.4251708984375,56.28728103637695,1137.7244873046875,89.11767578125,1113.5748291015625,72.70247840881348,uvh26
6,38,2,car,0.589950442314148,1184.200927734375,148.76254272460938,1255.97900390625,199.50746154785156,1220.0899658203125,174.13500213623047,uvh26
6,39,3,bike,0.4836074411869049,1346.032958984375,281.88970947265625,1405.455322265625,333.01898193359375,1375.744140625,307.454345703125,uvh26
6,40,2,car,0.5892698168754578,275.0386962890625,101.69237518310547,323.8672180175781,139.4287567138672,299.4529571533203,120.56056594848633,uvh26
6,42,3,bike,0.5055156946182251,238.99197387695312,76.738525390625,256.02716064453125,105.63968658447266,247.5095672607422,91.18910598754883,uvh26
6,44,3,bike,0.4809724688529968,1144.44775390625,90.1512451171875,1164.4437255859375,134.30140686035156,1154.4457397460938,112.22632598876953,uvh26
6,45,2,car,0.4033563733100891,1033.48583984375,118.65799713134766,1110.50830078125,167.23049926757812,1071.9970703125,142.9442481994629,uvh26
6,47,3,bike,0.3611702024936676,1307.530517578125,186.86788940429688,1353.4320068359375,253.60726928710938,1330.4812622070312,220.23757934570312,uvh26
6,48,2,car,0.3573354482650757,1393.2828369140625,12.766555786132812,1427.96826171875,44.865291595458984,1410.6255493164062,28.8159236907959,uvh26
6,41,3,bike,0.5226913690567017,920.1998901367188,146.68161010742188,950.1116333007812,183.85067749023438,935.15576171875,165.26614379882812,uvh26
6,2,0,pedestrian,0.5183029770851135,968.6322631835938,223.02072143554688,990.89599609375,261.8667297363281,979.7641296386719,242.4437255859375,coco_person
6,3,0,pedestrian,0.5562978386878967,1172.9307861328125,636.2943115234375,1200.7701416015625,691.308837890625,1186.8504638671875,663.8015747070312,coco_person
6,4,0,pedestrian,0.3806621730327606,1376.83203125,208.60992431640625,1394.04248046875,254.45458984375,1385.437255859375,231.53225708007812,coco_person
6,8,0,pedestrian,0.2855030596256256,1386.2686767578125,178.9906768798828,1403.6029052734375,214.51295471191406,1394.935791015625,196.75181579589844,coco_person
6,38,0,pedestrian,0.5423713326454163,456.2749938964844,201.86595153808594,476.7728576660156,242.7947235107422,466.52392578125,222.33033752441406,coco_person
7,1,8,auto,0.9228346943855286,787.4830932617188,567.907958984375,916.3553466796875,687.5502319335938,851.9192199707031,627.7290954589844,uvh26
7,2,8,auto,0.8946908712387085,1158.3837890625,114.64363098144531,1204.03515625,162.18919372558594,1181.20947265625,138.41641235351562,uvh26
7,3,8,auto,0.9214348196983337,201.3302764892578,162.78854370117188,260.3415832519531,213.84634399414062,230.83592987060547,188.31744384765625,uvh26
7,4,8,auto,0.9010769128799438,669.2031860351562,599.1978149414062,796.8818969726562,714.2599487304688,733.0425415039062,656.7288818359375,uvh26
7,5,8,auto,0.8965389132499695,601.4008178710938,630.9591674804688,733.76025390625,720.0,667.5805358886719,675.4795837402344,uvh26
7,6,8,auto,0.8944053649902344,1009.6400146484375,290.899169921875,1079.3240966796875,365.4699401855469,1044.4820556640625,328.18455505371094,uvh26
7,7,3,bike,0.8878875374794006,998.1179809570312,168.1066131591797,1034.3702392578125,215.80271911621094,1016.2441101074219,191.9546661376953,uvh26
7,8,3,bike,0.8754315376281738,1060.7261962890625,403.69598388671875,1133.916259765625,470.5803527832031,1097.3212280273438,437.13816833496094,uvh26
7,10,3,bike,0.8808503150939941,223.93405151367188,231.2309112548828,275.6582946777344,278.3998107910156,249.79617309570312,254.81536102294922,uvh26
7,11,3,bike,0.7767476439476013,117.21517181396484,227.4063720703125,165.33509826660156,273.8802795410156,141.2751350402832,250.64332580566406,uvh26
7,12,3,bike,0.8106573820114136,240.4011993408203,119.82508087158203,260.98382568359375,155.3636016845703,250.69251251220703,137.59434127807617,uvh26
7,13,8,auto,0.8402074575424194,925.3639526367188,572.6166381835938,1045.68310546875,684.5975341796875,985.5235290527344,628.6070861816406,uvh26
7,14,8,auto,0.8618160486221313,590.3400268554688,321.45733642578125,672.984619140625,391.5832214355469,631.6623229980469,356.52027893066406,uvh26
7,15,3,bike,0.8778676390647888,815.2219848632812,207.7416534423828,851.3090209960938,255.53868103027344,833.2655029296875,231.64016723632812,uvh26
7,16,2,car,0.7715107202529907,1230.0792236328125,92.96818542480469,1290.937255859375,137.68093872070312,1260.5082397460938,115.3245620727539,uvh26
7,17,3,bike,0.8645282983779907,695.90087890625,257.0941162109375,735.1392822265625,309.8870544433594,715.5200805664062,283.49058532714844,uvh26
7,18,3,bike,0.8024821281433105,274.43829345703125,207.13763427734375,319.1161804199219,251.45033264160156,296.77723693847656,229.29398345947266,uvh26
7,19,8,auto,0.7648709416389465,836.2671508789062,246.97491455078125,920.136962890625,340.33123779296875,878.2020568847656,293.653076171875,uvh26
7,20,3,bike,0.8212742209434509,1106.5491943359375,156.51771545410156,1142.6693115234375,201.15867614746094,1124.6092529296875,178.83819580078125,uvh26
7,21,3,bike,0.8719180226325989,782.2975463867188,195.05047607421875,815.6166381835938,239.64308166503906,798.9570922851562,217.3467788696289,uvh26
7,22,3,bike,0.771063506603241,1124.09228515625,134.96832275390625,1156.456787109375,176.63397216796875,1140.2745361328125,155.8011474609375,uvh26
7,23,8,auto,0.6888377070426941,407.3487548828125,111.09577178955078,460.9206848144531,153.87240600585938,434.1347198486328,132.48408889770508,uvh26
7,24,3,bike,0.6656304597854614,1086.40625,96.54489135742188,1112.02978515625,128.03553771972656,1099.218017578125,112.29021453857422,uvh26
7,25,3,bike,0.7182400226593018,1299.8414306640625,22.299556732177734,1320.752197265625,54.921180725097656,1310.2968139648438,38.610368728637695,uvh26
7,26,3,bike,0.8186420798301697,940.4871826171875,150.1743621826172,976.5541381835938,192.43435668945312,958.5206604003906,171.30435943603516,uvh26
7,27,3,bike,0.7342553734779358,869.1815795898438,550.2666015625,943.5029907226562,626.9212646484375,906.34228515625,588.5939331054688,uvh26
7,28,2,car,0.6740133166313171,1354.17236328125,51.623958587646484,1397.4268798828125,88.30554962158203,1375.7996215820312,69.96475410461426,uvh26
7,29,3,bike,0.7296571135520935,533.2509765625,216.32537841796875,581.890380859375,262.03826904296875,557.5706787109375,239.18182373046875,uvh26
7,30,3,bike,0.7162538766860962,1314.0054931640625,8.058075904846191,1329.8619384765625,33.43011474609375,1321.9337158203125,20.74409532546997,uvh26
7,31,8,auto,0.7989968657493591,1040.695556640625,80.21489715576172,1077.2091064453125,119.45728302001953,1058.9523315429688,99.83609008789062,uvh26
7,32,3,bike,0.8022054433822632,1169.358154296875,62.272300720214844,1189.88232421875,95.9017562866211,1179.6202392578125,79.08702850341797,uvh26
7,33,2,car,0.809416651725769,1287.79443359375,93.94095611572266,1343.8997802734375,142.90814208984375,1315.8471069335938,118.4245491027832,uvh26
7,34,3,bike,0.818854808807373,737.7223510742188,302.47308349609375,781.4730224609375,359.68548583984375,759.5976867675781,331.07928466796875,uvh26
7,35,8,auto,0.6122307777404785,900.334228515625,123.19575500488281,947.3056640625,167.55050659179688,923.8199462890625,145.37313079833984,uvh26
7,36,3,bike,0.8063497543334961,643.3865966796875,294.66131591796875,707.7490234375,367.48516845703125,675.5678100585938,331.0732421875,uvh26
7,37,2,car,0.6420839428901672,1089.4000244140625,56.31607437133789,1137.695068359375,89.14019775390625,1113.5475463867188,72.72813606262207,uvh26
7,38,2,car,0.44745805859565735,1181.9019775390625,149.88815307617188,1254.0640869140625,200.9131622314453,1217.9830322265625,175.4006576538086,uvh26
7,39,3,bike,0.33488228917121887,1349.0487060546875,282.14300537109375,1408.0841064453125,332.7996826171875,1378.56640625,307.4713439941406,uvh26
7,40,2,car,0.6798190474510193,275.6209411621094,101.92858123779297,324.8399658203125,139.90628051757812,300.23045349121094,120.91743087768555,uvh26
7,42,3,bike,0.39170196652412415,240.13868713378906,76.5945053100586,257.5887756347656,106.2771224975586,248.86373138427734,91.4358139038086,uvh26
7,44,3,bike,0.39200901985168457,1144.4539794921875,90.12639617919922,1164.3798828125,134.0072479248047,1154.4169311523438,112.06682205200195,uvh26
7,45,2,car,0.489658385515213,1035.6373291015625,117.34895324707031,1113.27978515625,166.36135864257812,1074.4585571289062,141.85515594482422,uvh26
7,47,3,bike,0.33627739548683167,1307.5406494140625,186.71719360351562,1353.6676025390625,253.60008239746094,1330.6041259765625,220.15863800048828,uvh26
7,48,2,car,0.47345027327537537,1392.116943359375,13.76546573638916,1426.8111572265625,45.810665130615234,1409.4640502929688,29.788065433502197,uvh26
7,41,3,bike,0.7070597410202026,920.2922973632812,141.9150848388672,953.2841796875,183.15335083007812,936.7882385253906,162.53421783447266,uvh26
7,57,2,car,0.3686824440956116,1036.0166015625,117.36310577392578,1112.18701171875,166.51669311523438,1074.101806640625,141.93989944458008,uvh26
7,58,3,bike,0.49679863452911377,724.3286743164062,280.1689453125,759.7516479492188,328.0245361328125,742.0401611328125,304.09674072265625,uvh26
7,2,0,pedestrian,0.5171022415161133,967.8367309570312,222.67112731933594,990.066162109375,261.64422607421875,978.9514465332031,242.15767669677734,coco_person
7,3,0,pedestrian,0.5511619448661804,1172.975341796875,636.3461303710938,1200.774658203125,691.2332763671875,1186.875,663.7897033691406,coco_person
7,4,0,pedestrian,0.4765784442424774,1376.813232421875,209.1859893798828,1394.0521240234375,254.8840789794922,1385.4326782226562,232.0350341796875,coco_person
7,8,0,pedestrian,0.281110554933548,1385.046142578125,178.81005859375,1404.1754150390625,217.98318481445312,1394.6107788085938,198.39662170410156,coco_person
7,38,0,pedestrian,0.6114868521690369,455.2650451660156,201.97250366210938,476.01513671875,243.6772918701172,465.6400909423828,222.82489776611328,coco_person
8,1,8,auto,0.9232884049415588,787.4791870117188,567.9619140625,916.2685546875,687.5379638671875,851.8738708496094,627.7499389648438,uvh26
8,2,8,auto,0.8960754871368408,1157.1712646484375,115.0347900390625,1202.9560546875,162.67742919921875,1180.0636596679688,138.85610961914062,uvh26
8,3,8,auto,0.9232353568077087,201.3623504638672,162.77516174316406,260.4321594238281,213.8809051513672,230.89725494384766,188.32803344726562,uvh26
8,4,8,auto,0.9004554748535156,669.1575317382812,599.17138671875,796.8672485351562,714.271240234375,733.0123901367188,656.7213134765625,uvh26
8,5,8,auto,0.8969688415527344,601.4043579101562,630.9762573242188,733.8602294921875,720.0,667.6322937011719,675.4881286621094,uvh26
8,6,8,auto,0.9045276045799255,1007.2437744140625,291.92340087890625,1077.267333984375,366.9364013671875,1042.2555541992188,329.4299011230469,uvh26
8,7,3,bike,0.8721035718917847,996.6219482421875,169.00479125976562,1032.416259765625,216.0288543701172,1014.5191040039062,192.5168228149414,uvh26
8,8,3,bike,0.8638261556625366,1058.5064697265625,403.2448425292969,1131.5550537109375,469.979248046875,1095.03076171875,436.61204528808594,uvh26
8,10,3,bike,0.8634549975395203,217.84500122070312,231.2113800048828,271.48138427734375,280.3816223144531,244.66319274902344,255.79650115966797,uvh26
8,11,3,bike,0.8068426847457886,113.13407135009766,229.24862670898438,159.9821014404297,274.35546875,136.55808639526367,251.8020477294922,uvh26
8,12,3,bike,0.8058627843856812,239.512451171875,119.46578979492188,260.1184997558594,154.82125854492188,249.8154754638672,137.14352416992188,uvh26
8,13,8,auto,0.8424451351165771,925.385009765625,572.6051635742188,1045.68798828125,684.6114501953125,985.5364990234375,628.6083068847656,uvh26
8,14,8,auto,0.8746867179870605,587.312744140625,320.5821838378906,670.7725219726562,391.52703857421875,629.0426330566406,356.0546112060547,uvh26
8,15,3,bike,0.857048749923706,820.0467529296875,206.12095642089844,855.810546875,253.4989776611328,837.9286499023438,229.80996704101562,uvh26
8,16,2,car,0.7720234394073486,1229.0496826171875,93.30219268798828,1290.23583984375,138.31666564941406,1259.6427612304688,115.80942916870117,uvh26
8,17,3,bike,0.8317744731903076,700.2830200195312,255.2339630126953,739.5319213867188,308.03533935546875,719.907470703125,281.63465118408203,uvh26
8,18,3,bike,0.8221670985221863,278.326904296875,206.94288635253906,323.79644775390625,251.9630126953125,301.0616760253906,229.45294952392578,uvh26
8,19,8,auto,0.7784225344657898,834.6170654296875,247.90875244140625,918.4757080078125,341.3252258300781,876.54638671875,294.6169891357422,uvh26
8,20,3,bike,0.8061654567718506,1104.6632080078125,156.2421112060547,1141.3560791015625,201.71820068359375,1123.0096435546875,178.98015594482422,uvh26
8,21,3,bike,0.8715388178825378,785.0302124023438,194.36619567871094,818.5459594726562,238.90359497070312,801.7880859375,216.63489532470703,uvh26
8,22,3,bike,0.7038002014160156,1121.852783203125,135.41285705566406,1154.288818359375,177.1509552001953,1138.07080078125,156.2819061279297,uvh26
8,23,8,auto,0.7258524298667908,407.4128112792969,111.30851745605469,460.9119873046875,153.87413024902344,434.1623992919922,132.59132385253906,uvh26
8,24,3,bike,0.6830310225486755,1088.858642578125,96.16278076171875,1114.2789306640625,127.3791732788086,1101.5687866210938,111.77097702026367,uvh26
8,25,3,bike,0.7811297178268433,1301.4610595703125,22.323667526245117,1322.1331787109375,54.251197814941406,1311.797119140625,38.28743267059326,uvh26
8,26,3,bike,0.8025460243225098,944.3135986328125,150.07188415527344,979.4804077148438,191.4141845703125,961.8970031738281,170.74303436279297,uvh26
8,27,3,bike,0.7343336939811707,869.3505859375,550.4261474609375,943.597412109375,627.0432739257812,906.4739990234375,588.7347106933594,uvh26
8,28,2,car,0.6811205148696899,1352.8118896484375,52.5107421875,1396.3116455078125,89.35760498046875,1374.561767578125,70.93417358398438,uvh26
8,29,3,bike,0.7511523365974426,536.37939453125,216.38766479492188,585.126220703125,262.262451171875,560.7528076171875,239.32505798339844,uvh26
8,30,3,bike,0.6549175977706909,1315.253173828125,7.204215049743652,1331.171875,32.707611083984375,1323.2125244140625,19.955913066864014,uvh26
8,31,8,auto,0.8004189729690552,1041.0506591796875,79.5263442993164,1078.4613037109375,119.7530517578125,1059.7559814453125,99.63969802856445,uvh26
8,32,3,bike,0.7595169544219971,1170.8736572265625,61.87791442871094,1191.2225341796875,95.15442657470703,1181.048095703125,78.51617050170898,uvh26
8,33,2,car,0.7951756119728088,1285.849365234375,94.84449768066406,1342.2032470703125,144.04295349121094,1314.0263061523438,119.4437255859375,uvh26
8,34,3,bike,0.8394241333007812,735.74267578125,302.8929138183594,778.99853515625,358.9296875,757.37060546875,330.9113006591797,uvh26
8,35,8,auto,0.7520880699157715,899.8196411132812,123.38411712646484,946.9327392578125,167.75128173828125,923.3761901855469,145.56769943237305,uvh26
8,36,3,bike,0.7594512701034546,640.9353637695312,293.8700256347656,705.3189697265625,366.3965148925781,673.1271667480469,330.1332702636719,uvh26
8,37,2,car,0.6583191156387329,1089.4984130859375,56.43779373168945,1137.6129150390625,89.12669372558594,1113.5556640625,72.7822437286377,uvh26
8,38,2,car,0.645073413848877,1180.155029296875,151.9088897705078,1251.5263671875,202.3139190673828,1215.8406982421875,177.1114044189453,uvh26
8,39,3,bike,0.2675172984600067,1352.448974609375,283.2728576660156,1410.9581298828125,333.347412109375,1381.7035522460938,308.3101348876953,uvh26
8,40,2,car,0.6025165319442749,276.4377746582031,102.26290130615234,326.0875549316406,140.552978515625,301.2626647949219,121.40793991088867,uvh26
8,42,3,bike,0.4846566617488861,241.26145935058594,77.05036163330078,258.7534484863281,106.8720703125,250.00745391845703,91.96121597290039,uvh26
8,44,3,bike,0.26282715797424316,1144.322509765625,90.11872100830078,1164.2440185546875,133.90283203125,1154.2832641601562,112.01077651977539,uvh26
8,45,2,car,0.58443284034729,1037.9676513671875,115.79391479492188,1116.663330078125,165.56546020507812,1077.3154907226562,140.6796875,uvh26
8,47,3,bike,0.3515583276748657,1307.0194091796875,187.0640411376953,1352.9700927734375,253.64932250976562,1329.9947509765625,220.35668182373047,uvh26
8,48,2,car,0.5358495712280273,1391.45361328125,15.736958503723145,1425.1402587890625,46.640804290771484,1408.2969360351562,31.188881397247314,uvh26
8,41,3,bike,0.65305495262146,922.8028564453125,138.86900329589844,957.3421020507812,182.3436737060547,940.0724792480469,160.60633850097656,uvh26
8,58,3,bike,0.6369388103485107,722.376220703125,277.8045959472656,758.4496459960938,326.4832458496094,740.4129333496094,302.1439208984375,uvh26
8,63,2,car,0.3832448124885559,1181.4093017578125,152.5873260498047,1251.908447265625,202.177490234375,1216.6588745117188,177.38240814208984,uvh26
8,2,0,pedestrian,0.5031614899635315,967.2019653320312,222.61627197265625,989.1409912109375,261.36865234375,978.1714782714844,241.99246215820312,coco_person
8,3,0,pedestrian,0.5500632524490356,1173.007080078125,636.2847900390625,1200.8294677734375,691.1801147460938,1186.9182739257812,663.7324523925781,coco_person
8,4,0,pedestrian,0.4436659514904022,1376.7657470703125,209.85507202148438,1393.8443603515625,254.88331604003906,1385.3050537109375,232.36919403076172,coco_person
8,8,0,pedestrian,0.33070608973503113,1385.655517578125,179.0302276611328,1403.197021484375,214.55914306640625,1394.42626953125,196.79468536376953,coco_person
8,38,0,pedestrian,0.5954321026802063,454.4318542480469,202.94187927246094,474.6885070800781,243.80990600585938,464.5601806640625,223.37589263916016,coco_person
9,1,8,auto,0.9218791723251343,787.5806884765625,568.0577392578125,916.2572021484375,687.539306640625,851.9189453125,627.7985229492188,uvh26
9,2,8,auto,0.8965661525726318,1156.39990234375,115.42362213134766,1202.07080078125,162.88966369628906,1179.2353515625,139.15664291381836,uvh26
9,3,8,auto,0.9208734035491943,201.3098907470703,162.71896362304688,260.4660949707031,213.90496826171875,230.88799285888672,188.3119659423828,uvh26
9,4,8,auto,0.8998991847038269,669.1472778320312,599.11767578125,796.8994750976562,714.2691040039062,733.0233764648438,656.6933898925781,uvh26
9,5,8,auto,0.896321177482605,601.790283203125,631.2357788085938,733.1286010742188,719.5740356445312,667.4594421386719,675.4049072265625,uvh26
9,6,8,auto,0.9033470153808594,1005.00048828125,293.1531066894531,1075.343017578125,368.5140075683594,1040.1717529296875,330.83355712890625,uvh26
9,7,3,bike,0.8602496385574341,995.15234375,169.67323303222656,1030.66357421875,216.14675903320312,1012.907958984375,192.90999603271484,uvh26
9,8,3,bike,0.8748576045036316,1056.7288818359375,402.6401672363281,1129.4608154296875,469.0711975097656,1093.0948486328125,435.8556823730469,uvh26
9,10,3,bike,0.8935686349868774,213.47427368164062,231.2488250732422,265.8550109863281,279.35711669921875,239.66464233398438,255.30297088623047,uvh26
9,11,3,bike,0.7393501996994019,108.36468505859375,228.98785400390625,155.4342498779297,274.3433837890625,131.89946746826172,251.66561889648438,uvh26
9,12,3,bike,0.8123904466629028,238.5848388671875,118.62590026855469,259.23541259765625,153.96055603027344,248.91012573242188,136.29322814941406,uvh26
9,13,8,auto,0.8434956669807434,925.4606323242188,572.6151733398438,1045.7100830078125,684.601806640625,985.5853576660156,628.6084899902344,uvh26
9,14,8,auto,0.8841994404792786,584.8493041992188,319.82373046875,668.023193359375,390.63336181640625,626.4362487792969,355.2285461425781,uvh26
9,15,3,bike,0.8575335741043091,824.693603515625,204.67507934570312,860.2420654296875,251.7378387451172,842.4678344726562,228.20645904541016,uvh26
9,16,2,car,0.7791164517402649,1228.215576171875,93.61103820800781,1289.4722900390625,138.77835083007812,1258.8439331054688,116.19469451904297,uvh26
9,17,3,bike,0.8163755536079407,705.12646484375,253.1669464111328,744.701171875,306.24920654296875,724.913818359375,279.7080764770508,uvh26
9,18,3,bike,0.8092821836471558,283.2610168457031,207.76902770996094,327.82806396484375,251.7343292236328,305.54454040527344,229.75167846679688,uvh26
9,19,8,auto,0.8071286678314209,832.6160278320312,248.70692443847656,916.8938598632812,342.63885498046875,874.7549438476562,295.67288970947266,uvh26
9,20,3,bike,0.7924121618270874,1103.475830078125,156.97430419921875,1139.890380859375,202.0657501220703,1121.68310546875,179.52002716064453,uvh26
9,21,3,bike,0.8874703645706177,787.090576171875,193.5927276611328,820.9990844726562,238.41549682617188,804.0448303222656,216.00411224365234,uvh26
9,22,3,bike,0.6938020586967468,1120.070556640625,135.6295623779297,1152.84423828125,177.83421325683594,1136.4573974609375,156.7318878173828,uvh26
9,23,8,auto,0.6558046340942383,407.00762939453125,111.2953109741211,460.5818176269531,153.7169189453125,433.7947235107422,132.5061149597168,uvh26
9,24,3,bike,0.6795397400856018,1091.0596923828125,95.17744445800781,1117.177001953125,127.27437591552734,1104.1183471679688,111.22591018676758,uvh26
9,25,3,bike,0.7792050242424011,1303.001708984375,21.778730392456055,1323.73583984375,53.44804382324219,1313.3687744140625,37.61338710784912,uvh26
9,26,3,bike,0.7800855040550232,947.876708984375,148.50942993164062,983.2683715820312,190.4011688232422,965.5725402832031,169.4552993774414,uvh26
9,27,3,bike,0.7216928005218506,869.3577270507812,550.4447631835938,943.6619873046875,627.1773681640625,906.5098571777344,588.8110656738281,uvh26
9,28,2,car,0.6390971541404724,1351.777587890625,53.31745910644531,1395.4332275390625,90.25942993164062,1373.6054077148438,71.78844451904297,uvh26
9,29,3,bike,0.7465149164199829,539.7938842773438,216.9654083251953,588.1141357421875,262.47900390625,563.9540100097656,239.72220611572266,uvh26
9,30,3,bike,0.6974062919616699,1316.6864013671875,6.369451999664307,1332.4334716796875,31.630844116210938,1324.5599365234375,19.000148057937622,uvh26
9,31,8,auto,0.8092747926712036,1041.6136474609375,79.19058990478516,1079.299072265625,119.71714782714844,1060.4563598632812,99.4538688659668,uvh26
9,32,3,bike,0.7672193646430969,1172.0784912109375,61.320777893066406,1192.1683349609375,94.16493225097656,1182.1234130859375,77.74285507202148,uvh26
9,33,2,car,0.8191289901733398,1283.9097900390625,95.64871978759766,1340.43017578125,145.0477752685547,1312.1699829101562,120.34824752807617,uvh26
9,34,3,bike,0.8118491172790527,733.9091796875,302.9339294433594,777.098388671875,358.2777099609375,755.5037841796875,330.60581970214844,uvh26
9,35,8,auto,0.6933974623680115,899.7926635742188,123.50079345703125,947.187744140625,167.93695068359375,923.4902038574219,145.7188720703125,uvh26
9,36,3,bike,0.8019541501998901,638.4505004882812,292.9448547363281,703.6801147460938,366.0914001464844,671.0653076171875,329.51812744140625,uvh26
9,37,2,car,0.6599847674369812,1089.4439697265625,56.415496826171875,1137.632080078125,89.15176391601562,1113.5380249023438,72.78363037109375,uvh26
9,38,2,car,0.5919782519340515,1177.932861328125,153.24571228027344,1249.0201416015625,203.39828491210938,1213.4765014648438,178.3219985961914,uvh26
9,39,3,bike,0.23735789954662323,1355.1416015625,283.0991516113281,1413.221435546875,332.71319580078125,1384.1815185546875,307.9061737060547,uvh26
9,40,2,car,0.4952632188796997,277.1094970703125,102.35165405273438,327.6693115234375,141.33717346191406,302.389404296875,121.84441375732422,uvh26
9,42,3,bike,0.47399580478668213,242.7806854248047,79.09935760498047,259.4234924316406,107.35414123535156,251.10208892822266,93.22674942016602,uvh26
9,44,3,bike,0.26025018095970154,1144.293701171875,90.0149917602539,1164.0797119140625,133.32296752929688,1154.1867065429688,111.66897964477539,uvh26
9,45,2,car,0.46785762906074524,1041.0086669921875,114.61595153808594,1120.00048828125,164.59820556640625,1080.5045776367188,139.6070785522461,uvh26
9,47,3,bike,0.3659912943840027,1306.879150390625,187.07383728027344,1352.8433837890625,253.6252899169922,1329.8612670898438,220.3495635986328,uvh26
9,48,2,car,0.5876796245574951,1390.1099853515625,16.834903717041016,1423.52294921875,47.315425872802734,1406.8164672851562,32.075164794921875,uvh26
9,41,3,bike,0.6569794416427612,925.5555419921875,136.75051879882812,960.6859741210938,181.3391571044922,943.1207580566406,159.04483795166016,uvh26
9,58,3,bike,0.4238579273223877,718.2291870117188,271.1745300292969,758.5440673828125,325.5508117675781,738.3866271972656,298.3626708984375,uvh26
9,63,2,car,0.4446460008621216,1179.134521484375,153.3268585205078,1249.8253173828125,203.05117797851562,1214.4799194335938,178.18901824951172,uvh26
9,70,2,car,0.4816693067550659,1352.1483154296875,52.74778747558594,1395.564453125,90.2290267944336,1373.8563842773438,71.48840713500977,uvh26
9,2,0,pedestrian,0.49535515904426575,967.00732421875,222.6711883544922,988.093505859375,260.46868896484375,977.5504150390625,241.56993865966797,coco_person
9,3,0,pedestrian,0.5404967665672302,1172.8135986328125,636.2391967773438,1200.7161865234375,691.1593017578125,1186.764892578125,663.6992492675781,coco_person
9,4,0,pedestrian,0.43020227551460266,1376.7650146484375,210.029541015625,1393.8995361328125,254.8828125,1385.332275390625,232.4561767578125,coco_person
9,8,0,pedestrian,0.3395712673664093,1385.6751708984375,178.94410705566406,1402.4708251953125,212.6067352294922,1394.072998046875,195.77542114257812,coco_person
9,38,0,pedestrian,0.4591728746891022,453.5383605957031,203.68800354003906,473.5766296386719,244.05455017089844,463.5574951171875,223.87127685546875,coco_person
10,1,8,auto,0.921180009841919,787.8720703125,568.1245727539062,916.3207397460938,687.4127197265625,852.0964050292969,627.7686462402344,uvh26
10,2,8,auto,0.8952633738517761,1154.9202880859375,115.94466400146484,1200.703125,163.47689819335938,1177.8117065429688,139.7107810974121,uvh26
10,3,8,auto,0.9209259152412415,201.29493713378906,162.6806640625,260.4661865234375,213.87953186035156,230.88056182861328,188.28009796142578,uvh26
10,4,8,auto,0.9020661115646362,669.2040405273438,599.1614990234375,796.80859375,714.1754150390625,733.0063171386719,656.66845703125,uvh26
10,5,8,auto,0.8991541862487793,601.9382934570312,631.333984375,732.7987670898438,719.3811645507812,667.3685302734375,675.3575744628906,uvh26
10,6,8,auto,0.906963050365448,1002.5662231445312,294.3998718261719,1073.0687255859375,370.036376953125,1037.8174743652344,332.21812438964844,uvh26
10,7,3,bike,0.8526537418365479,993.01123046875,169.9868621826172,1028.859130859375,216.76063537597656,1010.9351806640625,193.37374877929688,uvh26
10,8,3,bike,0.8810839056968689,1055.0418701171875,401.7583923339844,1127.93896484375,468.372802734375,1091.4904174804688,435.0655975341797,uvh26
10,10,3,bike,0.8916441798210144,208.56182861328125,230.92120361328125,260.8055114746094,279.0528259277344,234.6836700439453,254.9870147705078,uvh26
10,11,3,bike,0.7174538373947144,105.18531036376953,228.57176208496094,151.9444122314453,273.60723876953125,128.56486129760742,251.0895004272461,uvh26
10,12,3,bike,0.8219404220581055,237.5072021484375,118.16046905517578,257.95751953125,152.98426818847656,247.73236083984375,135.57236862182617,uvh26
10,13,8,auto,0.8459171056747437,925.4301147460938,572.5790405273438,1045.7464599609375,684.6719970703125,985.5882873535156,628.6255187988281,uvh26
10,14,8,auto,0.8940414786338806,581.79541015625,319.3921203613281,664.2628784179688,389.70263671875,623.0291442871094,354.54737854003906,uvh26
10,15,3,bike,0.8502440452575684,829.4840698242188,203.07460021972656,864.7151489257812,249.68067932128906,847.099609375,226.3776397705078,uvh26
10,16,2,car,0.7491011023521423,1227.4219970703125,94.16820526123047,1288.6163330078125,139.3349609375,1258.0191650390625,116.75158309936523,uvh26
10,17,3,bike,0.7169116139411926,707.5927734375,251.08807373046875,750.3134765625,308.8912658691406,728.953125,279.9896697998047,uvh26
10,18,3,bike,0.8259803056716919,287.3013610839844,207.43821716308594,332.52703857421875,251.96607971191406,309.91419982910156,229.7021484375,uvh26
10,19,8,auto,0.8337940573692322,830.9449462890625,249.6483917236328,915.1680908203125,343.55609130859375,873.0565185546875,296.6022415161133,uvh26
10,20,3,bike,0.7830985188484192,1101.9481201171875,157.28787231445312,1138.343994140625,202.38197326660156,1120.1460571289062,179.83492279052734,uvh26
10,21,3,bike,0.8628617525100708,789.3424682617188,192.7442169189453,823.4805908203125,237.7030792236328,806.4115295410156,215.22364807128906,uvh26
10,22,3,bike,0.702970564365387,1118.7818603515625,136.2061309814453,1151.5743408203125,178.420654296875,1135.1781005859375,157.31339263916016,uvh26
10,23,8,auto,0.688352644443512,406.90960693359375,111.54473876953125,460.35980224609375,153.6432647705078,433.63470458984375,132.59400177001953,uvh26
10,24,3,bike,0.7765377163887024,1093.0992431640625,93.64449310302734,1119.870361328125,126.67498016357422,1106.4848022460938,110.15973663330078,uvh26
10,25,3,bike,0.6851721405982971,1306.3568115234375,22.428739547729492,1326.5787353515625,53.35404586791992,1316.4677734375,37.89139270782471,uvh26
10,26,3,bike,0.823764979839325,951.233154296875,147.16055297851562,986.4498291015625,189.09559631347656,968.8414916992188,168.1280746459961,uvh26
10,27,3,bike,0.7257131934165955,869.4194946289062,550.3403930664062,943.6986083984375,627.1467895507812,906.5590515136719,588.7435913085938,uvh26
10,28,2,car,0.6467252373695374,1350.7041015625,54.07179641723633,1394.5289306640625,91.10758972167969,1372.6165161132812,72.58969306945801,uvh26
10,29,3,bike,0.7697018980979919,542.8558349609375,217.15525817871094,591.1085205078125,262.52349853515625,566.982177734375,239.8393783569336,uvh26
10,30,3,bike,0.7172455787658691,1318.264404296875,5.815561294555664,1333.7940673828125,30.705692291259766,1326.0292358398438,18.260626792907715,uvh26
10,31,8,auto,0.7978450059890747,1042.2318115234375,79.0374984741211,1079.916015625,119.56465148925781,1061.0739135742188,99.30107498168945,uvh26
10,32,3,bike,0.7830805778503418,1173.38330078125,60.225643157958984,1193.552978515625,93.30340576171875,1183.4681396484375,76.76452445983887,uvh26
10,33,2,car,0.7901893258094788,1281.932373046875,96.62454223632812,1338.6036376953125,146.1627960205078,1310.2680053710938,121.39366912841797,uvh26
10,34,3,bike,0.8386038541793823,731.4625244140625,302.36004638671875,775.107177734375,357.9381103515625,753.2848510742188,330.1490783691406,uvh26
10,35,8,auto,0.7614681720733643,899.6793823242188,123.57109832763672,947.2079467773438,167.97543334960938,923.4436645507812,145.77326583862305,uvh26
10,36,3,bike,0.7555826902389526,636.4598388671875,293.18646240234375,702.25732421875,366.56396484375,669.3585815429688,329.8752136230469,uvh26
10,37,2,car,0.6428679823875427,1089.489013671875,56.37907791137695,1137.6368408203125,89.08405303955078,1113.5629272460938,72.73156547546387,uvh26
10,38,2,car,0.49977490305900574,1175.6436767578125,154.12704467773438,1246.8443603515625,204.3602752685547,1211.2440185546875,179.24365997314453,uvh26
10,40,2,car,0.5428914427757263,277.9031982421875,102.68492126464844,328.8502502441406,141.93504333496094,303.37672424316406,122.30998229980469,uvh26
10,42,3,bike,0.47555363178253174,244.3992462158203,80.99915313720703,260.4682922363281,107.95985412597656,252.43376922607422,94.4795036315918,uvh26
10,44,3,bike,0.2881656587123871,1144.340576171875,90.01301574707031,1164.046630859375,133.0040740966797,1154.193603515625,111.508544921875,uvh26
10,45,2,car,0.4781569838523865,1043.09423828125,113.57772064208984,1121.4093017578125,163.18653869628906,1082.2517700195312,138.38212966918945,uvh26
10,47,3,bike,0.3835717439651489,1306.862060546875,187.15879821777344,1352.8167724609375,253.62059020996094,1329.8394165039062,220.3896942138672,uvh26
10,48,2,car,0.5118424296379089,1389.0784912109375,17.522741317749023,1422.594482421875,47.86843490600586,1405.8364868164062,32.69558811187744,uvh26
10,41,3,bike,0.6991262435913086,929.8079833984375,137.73851013183594,963.041015625,180.25552368164062,946.4244995117188,158.99701690673828,uvh26
10,58,3,bike,0.4122340977191925,709.9627075195312,259.1619873046875,758.237060546875,324.6887512207031,734.0998840332031,291.9253692626953,uvh26
10,63,2,car,0.46282950043678284,1176.16943359375,153.87542724609375,1247.4678955078125,204.03076171875,1211.8186645507812,178.95309448242188,uvh26
10,70,2,car,0.4657042622566223,1351.2030029296875,53.45825958251953,1394.766357421875,91.05951690673828,1372.9846801757812,72.2588882446289,uvh26
10,75,2,car,0.4365290105342865,1042.934326171875,113.79240417480469,1119.5101318359375,163.7149200439453,1081.2222290039062,138.753662109375,uvh26
10,2,0,pedestrian,0.5265594720840454,966.572265625,222.03109741210938,987.5368041992188,260.29449462890625,977.0545349121094,241.1627960205078,coco_person
10,3,0,pedestrian,0.5368973612785339,1172.5562744140625,636.234375,1200.508056640625,691.105712890625,1186.5321655273438,663.6700439453125,coco_person
10,4,0,pedestrian,0.40980204939842224,1376.72265625,209.93325805664062,1393.9990234375,254.87611389160156,1385.36083984375,232.4046859741211,coco_person
10,8,0,pedestrian,0.3802359402179718,1384.605712890625,178.7964324951172,1402.188232421875,214.02914428710938,1393.39697265625,196.41278839111328,coco_person
10,38,0,pedestrian,0.49251124262809753,452.06787109375,204.162109375,472.1481628417969,244.3170166015625,462.10801696777344,224.23956298828125,coco_person
11,1,8,auto,0.9181986451148987,788.0286865234375,568.0748291015625,916.4496459960938,687.3751831054688,852.2391662597656,627.7250061035156,uvh26
11,2,8,auto,0.8938514590263367,1153.58154296875,116.110595703125,1199.6474609375,164.01144409179688,1176.614501953125,140.06101989746094,uvh26
11,3,8,auto,0.9167770147323608,201.240966796875,162.57037353515625,260.4735107421875,213.82711791992188,230.85723876953125,188.19874572753906,uvh26
11,4,8,auto,0.9013954997062683,669.1066284179688,598.7730712890625,796.8909301757812,713.979248046875,732.998779296875,656.3761596679688,uvh26
11,5,8,auto,0.8985235691070557,601.9828491210938,631.3723754882812,732.606689453125,719.2978515625,667.2947692871094,675.3351135253906,uvh26
11,6,8,auto,0.8973824977874756,1000.5460205078125,295.4747619628906,1070.7099609375,370.7681884765625,1035.6279907226562,333.12147521972656,uvh26
11,7,3,bike,0.883082389831543,990.7022705078125,169.53285217285156,1027.4122314453125,217.367431640625,1009.0572509765625,193.45014190673828,uvh26
11,8,3,bike,0.8725066781044006,1053.0699462890625,401.03607177734375,1126.1435546875,467.8587951660156,1089.6067504882812,434.4474334716797,uvh26
11,10,3,bike,0.8957313299179077,204.5051727294922,231.09353637695312,255.63267517089844,278.2491149902344,230.0689239501953,254.67132568359375,uvh26
11,11,3,bike,0.6293495893478394,102.01649475097656,230.1862030029297,146.9183349609375,273.2317810058594,124.46741485595703,251.70899200439453,uvh26
11,12,3,bike,0.8248748183250427,236.1202850341797,117.29802703857422,256.7996826171875,152.34242248535156,246.4599838256836,134.8202247619629,uvh26
11,13,8,auto,0.834237813949585,925.3746948242188,572.4762573242188,1045.685302734375,684.6181640625,985.5299987792969,628.5472106933594,uvh26
11,14,8,auto,0.8762158155441284,579.0955810546875,318.8515625,661.3436279296875,389.0505065917969,620.2196044921875,353.95103454589844,uvh26
11,15,3,bike,0.8655815720558167,833.8560791015625,201.0213165283203,869.227294921875,247.8013153076172,851.5416870117188,224.41131591796875,uvh26
11,16,2,car,0.7663825750350952,1226.5052490234375,94.81069946289062,1287.6759033203125,139.9525146484375,1257.090576171875,117.38160705566406,uvh26
11,17,3,bike,0.2722601890563965,713.7587280273438,249.03732299804688,752.2988891601562,300.7625732421875,733.02880859375,274.8999481201172,uvh26
11,18,3,bike,0.7862260341644287,292.0400390625,208.66302490234375,336.52215576171875,252.3314666748047,314.2810974121094,230.49724578857422,uvh26
11,19,8,auto,0.8087185621261597,829.17138671875,250.4467010498047,913.6735229492188,344.6830749511719,871.4224548339844,297.5648880004883,uvh26
11,20,3,bike,0.7825092077255249,1100.2728271484375,156.48434448242188,1137.260986328125,202.4727783203125,1118.7669067382812,179.4785614013672,uvh26
11,21,3,bike,0.8738723397254944,791.9337768554688,191.9931182861328,826.0342407226562,236.69789123535156,808.9840087890625,214.3455047607422,uvh26
11,22,3,bike,0.6708428859710693,1117.687255859375,137.0272979736328,1150.2720947265625,178.92434692382812,1133.9796752929688,157.97582244873047,uvh26
11,23,8,auto,0.6918615698814392,407.07086181640625,111.67166900634766,460.50933837890625,153.5557098388672,433.79010009765625,132.61368942260742,uvh26
11,24,3,bike,0.7393659949302673,1095.808349609375,92.6257553100586,1122.0362548828125,124.9079818725586,1108.9223022460938,108.7668685913086,uvh26
11,25,3,bike,0.6765574812889099,1308.821044921875,22.37619400024414,1328.511962890625,52.63743209838867,1318.66650390625,37.506813049316406,uvh26
11,26,3,bike,0.8029698729515076,955.283203125,145.7755889892578,990.3148193359375,187.74838256835938,972.7990112304688,166.7619857788086,uvh26
11,27,3,bike,0.7202039957046509,869.3146362304688,550.1928100585938,943.537353515625,626.9874267578125,906.4259948730469,588.5901184082031,uvh26
11,28,2,car,0.6859569549560547,1349.822265625,54.670989990234375,1393.619873046875,91.65288543701172,1371.7210693359375,73.16193771362305,uvh26
11,29,3,bike,0.7680206298828125,545.9046630859375,217.6436767578125,593.9639892578125,262.691162109375,569.934326171875,240.16741943359375,uvh26
11,30,3,bike,0.6897679567337036,1319.6273193359375,5.583800792694092,1335.1334228515625,30.46277618408203,1327.38037109375,18.02328848838806,uvh26
11,31,8,auto,0.7903821468353271,1042.9140625,78.7888412475586,1080.3740234375,119.03135681152344,1061.64404296875,98.91009902954102,uvh26
11,32,3,bike,0.7436767816543579,1174.5623779296875,59.135101318359375,1194.9407958984375,92.70471954345703,1184.7515869140625,75.9199104309082,uvh26
11,33,2,car,0.7101917862892151,1280.4605712890625,97.71459197998047,1337.2269287109375,147.28396606445312,1308.84375,122.4992790222168,uvh26
11,34,3,bike,0.8264433145523071,729.0869750976562,301.4991455078125,773.0776977539062,357.22222900390625,751.0823364257812,329.3606872558594,uvh26
11,35,8,auto,0.7906397581100464,899.4904174804688,123.54945373535156,947.2169189453125,168.10067749023438,923.3536682128906,145.82506561279297,uvh26
11,36,3,bike,0.7153727412223816,634.3577270507812,293.44024658203125,700.197509765625,366.3586730957031,667.2776184082031,329.8994598388672,uvh26
11,37,2,car,0.6451842188835144,1089.5045166015625,56.21359634399414,1137.7041015625,88.94445037841797,1113.6043090820312,72.57902336120605,uvh26
11,40,2,car,0.5678539872169495,278.9575500488281,102.93923950195312,330.0533752441406,142.26048278808594,304.5054626464844,122.59986114501953,uvh26
11,42,3,bike,0.4753299057483673,245.51638793945312,81.00756072998047,261.88433837890625,108.2386474609375,253.7003631591797,94.62310409545898,uvh26
11,44,3,bike,0.28754720091819763,1144.3997802734375,89.26011657714844,1163.804443359375,131.4350128173828,1154.1021118164062,110.34756469726562,uvh26
11,45,2,car,0.47038862109184265,1045.94677734375,112.4769515991211,1124.28857421875,162.22654724121094,1085.11767578125,137.35174942016602,uvh26
11,47,3,bike,0.36989834904670715,1306.5872802734375,187.43316650390625,1352.3265380859375,253.60995483398438,1329.4569091796875,220.5215606689453,uvh26
11,48,2,car,0.4771612286567688,1388.1717529296875,18.29451560974121,1421.8790283203125,48.54551696777344,1405.025390625,33.420016288757324,uvh26
11,41,3,bike,0.6822068691253662,935.6504516601562,137.7183074951172,967.9542236328125,179.0850372314453,951.8023376464844,158.40167236328125,uvh26
11,58,3,bike,0.6933294534683228,705.9342651367188,250.62322998046875,759.1654663085938,323.7148132324219,732.5498657226562,287.1690216064453,uvh26
11,70,2,car,0.37484052777290344,1350.2794189453125,54.16299819946289,1393.805419921875,91.72234344482422,1372.0424194335938,72.94267082214355,uvh26
11,75,2,car,0.4879843294620514,1045.7633056640625,113.4248275756836,1121.5706787109375,162.8269500732422,1083.6669921875,138.1258888244629,uvh26
11,77,3,bike,0.520152747631073,1304.3941650390625,20.779232025146484,1326.6739501953125,50.289649963378906,1315.5340576171875,35.534440994262695,uvh26
11,2,0,pedestrian,0.5419319272041321,965.605224609375,221.94509887695312,986.522216796875,260.8029479980469,976.063720703125,241.3740234375,coco_person
11,3,0,pedestrian,0.5456104278564453,1172.5113525390625,636.2462768554688,1200.4945068359375,691.0826416015625,1186.5029296875,663.6644592285156,coco_person
11,4,0,pedestrian,0.4269261658191681,1376.390625,209.85464477539062,1393.6905517578125,254.68435668945312,1385.0405883789062,232.26950073242188,coco_person
11,8,0,pedestrian,0.40535837411880493,1383.8740234375,178.69927978515625,1402.2979736328125,215.7368621826172,1393.0859985351562,197.21807098388672,coco_person
11,11,0,pedestrian,0.4112442135810852,1346.9263916015625,188.50006103515625,1362.576171875,232.02886962890625,1354.7512817382812,210.26446533203125,coco_person
11,38,0,pedestrian,0.5320196151733398,450.8936767578125,204.5957794189453,471.18267822265625,244.71109008789062,461.0381774902344,224.65343475341797,coco_person
12,1,8,auto,0.922161877155304,788.0126953125,568.064453125,916.3980102539062,687.34765625,852.2053527832031,627.7060546875,uvh26
12,2,8,auto,0.898535966873169,1152.9981689453125,116.70165252685547,1198.7994384765625,164.33642578125,1175.8988037109375,140.51903915405273,uvh26
12,3,8,auto,0.9203099608421326,201.3200225830078,162.5382843017578,260.47589111328125,213.71121215820312,230.89795684814453,188.12474822998047,uvh26
12,4,8,auto,0.9004160165786743,669.151611328125,599.0537109375,796.8446044921875,714.1625366210938,732.9981079101562,656.6081237792969,uvh26
12,5,8,auto,0.8976791501045227,602.0057373046875,631.373291015625,732.5738525390625,719.300048828125,667.289794921875,675.336669921875,uvh26
12,6,8,auto,0.9067380428314209,998.4557495117188,296.5181884765625,1068.5220947265625,371.66802978515625,1033.4889221191406,334.0931091308594,uvh26
12,7,3,bike,0.889548122882843,989.2144775390625,169.86224365234375,1025.692626953125,217.16500854492188,1007.4535522460938,193.5136260986328,uvh26
12,8,3,bike,0.8760913610458374,1051.0478515625,400.4837951660156,1124.093505859375,467.3155212402344,1087.5706787109375,433.899658203125,uvh26
12,10,3,bike,0.8879003524780273,199.8403778076172,230.92840576171875,250.61044311523438,277.7513122558594,225.22541046142578,254.33985900878906,uvh26
12,11,3,bike,0.4771605134010315,99.9516372680664,231.9464874267578,142.7830810546875,272.95220947265625,121.36735916137695,252.44934844970703,uvh26
12,12,3,bike,0.8219186067581177,235.041748046875,116.17921447753906,256.08935546875,151.7518768310547,245.5655517578125,133.96554565429688,uvh26
12,13,8,auto,0.8402355909347534,925.3870849609375,572.4368896484375,1045.588134765625,684.521240234375,985.4876098632812,628.4790649414062,uvh26
12,14,8,auto,0.8817754983901978,576.521484375,317.74920654296875,658.9418334960938,388.1835632324219,617.7316589355469,352.9663848876953,uvh26
12,15,3,bike,0.8506553769111633,838.6190795898438,199.67747497558594,873.4069213867188,245.5870361328125,856.0130004882812,222.63225555419922,uvh26
12,16,2,car,0.6910418272018433,1225.4593505859375,95.73291015625,1286.31494140625,140.6482391357422,1255.8871459960938,118.1905746459961,uvh26
12,17,3,bike,0.6512994766235352,716.9838256835938,246.34539794921875,754.8092041015625,296.5956726074219,735.8965148925781,271.4705352783203,uvh26
12,18,3,bike,0.8021249175071716,296.24530029296875,208.3659210205078,341.31402587890625,252.58236694335938,318.7796630859375,230.4741439819336,uvh26
12,19,8,auto,0.8100225329399109,827.1598510742188,251.3890838623047,911.8534545898438,345.80633544921875,869.5066528320312,298.5977096557617,uvh26
12,20,3,bike,0.7907664775848389,1099.227783203125,157.11891174316406,1135.7425537109375,202.58993530273438,1117.4851684570312,179.85442352294922,uvh26
12,21,3,bike,0.8620579838752747,794.4548950195312,190.75437927246094,828.8421020507812,235.63168334960938,811.6484985351562,213.19303131103516,uvh26
12,22,3,bike,0.6754297614097595,1116.259033203125,137.27981567382812,1148.9454345703125,179.2273712158203,1132.6022338867188,158.25359344482422,uvh26
12,23,8,auto,0.6988328695297241,407.6618957519531,111.72398376464844,461.2052917480469,153.45059204101562,434.43359375,132.58728790283203,uvh26
12,24,3,bike,0.7459803819656372,1098.5333251953125,92.20787048339844,1123.974853515625,123.5306167602539,1111.2540893554688,107.86924362182617,uvh26
12,25,3,bike,0.680249810218811,1310.7110595703125,22.076826095581055,1330.167724609375,52.07459259033203,1320.4393920898438,37.07570934295654,uvh26
12,26,3,bike,0.7975265979766846,959.4793090820312,145.0935516357422,993.8899536132812,186.54139709472656,976.6846313476562,165.81747436523438,uvh26
12,27,3,bike,0.7074074745178223,870.9210815429688,550.2109375,944.6943359375,626.5913696289062,907.8077087402344,588.4011535644531,uvh26
12,28,2,car,0.730560839176178,1348.5965576171875,55.21196746826172,1392.7120361328125,92.40966033935547,1370.654296875,73.8108139038086,uvh26
12,29,3,bike,0.7038467526435852,549.024169921875,217.9318084716797,596.719970703125,262.4012756347656,572.8720703125,240.16654205322266,uvh26
12,30,3,bike,0.595138430595398,1320.4532470703125,5.20955753326416,1335.841796875,29.92668342590332,1328.1475219726562,17.56812047958374,uvh26
12,31,8,auto,0.8026949763298035,1043.66064453125,78.67745208740234,1081.0396728515625,118.80440521240234,1062.3501586914062,98.74092864990234,uvh26
12,32,3,bike,0.7227809429168701,1176.99853515625,59.50275421142578,1196.73779296875,91.95706939697266,1186.8681640625,75.72991180419922,uvh26
12,33,2,car,0.7500393986701965,1278.8079833984375,98.4570541381836,1335.9307861328125,148.25546264648438,1307.369384765625,123.35625839233398,uvh26
12,34,3,bike,0.8039271235466003,727.005615234375,301.1148376464844,770.9563598632812,356.25885009765625,748.9809875488281,328.6868438720703,uvh26
12,35,8,auto,0.810845136642456,899.7432861328125,123.47618103027344,947.6923217773438,168.3577423095703,923.7178039550781,145.91696166992188,uvh26
12,36,3,bike,0.5930376052856445,630.4254150390625,292.1180419921875,698.5872802734375,367.37054443359375,664.50634765625,329.7442932128906,uvh26
12,37,2,car,0.6289530396461487,1089.5216064453125,56.170387268066406,1137.6884765625,88.86753845214844,1113.6050415039062,72.51896286010742,uvh26
12,40,2,car,0.6014270186424255,280.248291015625,103.48222351074219,331.470458984375,142.8411102294922,305.859375,123.16166687011719,uvh26
12,42,3,bike,0.4403664469718933,246.8588104248047,82.0643539428711,263.1642150878906,108.94910430908203,255.01151275634766,95.50672912597656,uvh26
12,44,3,bike,0.33593735098838806,1144.6026611328125,88.91195678710938,1163.448486328125,129.56964111328125,1154.0255737304688,109.24079895019531,uvh26
12,45,2,car,0.4756326675415039,1048.643310546875,112.3121337890625,1125.9024658203125,161.45245361328125,1087.2728881835938,136.88229370117188,uvh26
12,47,3,bike,0.40349823236465454,1306.077880859375,189.48904418945312,1350.2366943359375,253.56222534179688,1328.1572875976562,221.525634765625,uvh26
12,48,2,car,0.4890109896659851,1387.5093994140625,18.586633682250977,1422.12451171875,49.360042572021484,1404.8169555664062,33.97333812713623,uvh26
12,41,3,bike,0.6260033845901489,940.0303955078125,137.6402587890625,971.2786254882812,177.79380798339844,955.6545104980469,157.71703338623047,uvh26
12,58,3,bike,0.5637131333351135,706.0503540039062,250.27139282226562,759.35400390625,323.95849609375,732.7021789550781,287.1149444580078,uvh26
12,75,2,car,0.46296054124832153,1048.6036376953125,112.8351821899414,1124.019287109375,161.956298828125,1086.3114624023438,137.3957405090332,uvh26
12,77,3,bike,0.5270710587501526,1304.2879638671875,19.395244598388672,1327.254150390625,49.87140655517578,1315.7710571289062,34.63332557678223,uvh26
12,39,3,bike,0.31545522809028625,1359.713134765625,283.32122802734375,1418.497802734375,334.0865783691406,1389.10546875,308.7039031982422,uvh26
12,38,2,car,0.5958778262138367,1170.9127197265625,156.33949279785156,1242.795654296875,207.03736877441406,1206.8541870117188,181.6884307861328,uvh26
12,2,0,pedestrian,0.5085741281509399,964.3192749023438,221.90328979492188,985.4082641601562,261.5171203613281,974.86376953125,241.710205078125,coco_person
12,3,0,pedestrian,0.5460766553878784,1172.51708984375,636.1787719726562,1200.578857421875,691.0598754882812,1186.5479736328125,663.6193237304688,coco_person
12,4,0,pedestrian,0.3771309554576874,1376.278076171875,209.7672576904297,1393.610107421875,254.498779296875,1384.944091796875,232.13301849365234,coco_person
12,8,0,pedestrian,0.42526987195014954,1383.244384765625,178.7794647216797,1402.552978515625,217.82505798339844,1392.898681640625,198.30226135253906,coco_person
12,11,0,pedestrian,0.4096706807613373,1346.982421875,188.42822265625,1362.671630859375,231.8582305908203,1354.8270263671875,210.14322662353516,coco_person
12,38,0,pedestrian,0.4609530568122864,450.0027160644531,204.64695739746094,470.6151123046875,244.91091918945312,460.3089141845703,224.77893829345703,coco_person
13,1,8,auto,0.9225433468818665,787.88134765625,567.85400390625,916.4078369140625,687.2868041992188,852.1445922851562,627.5704040527344,uvh26
13,2,8,auto,0.9029072523117065,1152.0023193359375,117.16509246826172,1197.733154296875,164.73226928710938,1174.8677368164062,140.94868087768555,uvh26
13,3,8,auto,0.9071478843688965,201.6393585205078,162.3429718017578,260.61334228515625,213.3228302001953,231.12635040283203,187.83290100097656,uvh26
13,4,8,auto,0.9021790623664856,669.1693725585938,599.07470703125,796.753662109375,714.0592041015625,732.9615173339844,656.5669555664062,uvh26
13,5,8,auto,0.8967766165733337,601.9508056640625,631.2428588867188,732.672119140625,719.314208984375,667.3114624023438,675.2785339355469,uvh26
13,6,8,auto,0.9067981839179993,996.075439453125,297.5477600097656,1066.235107421875,372.7513732910156,1031.1552734375,335.1495666503906,uvh26
13,7,3,bike,0.8959067463874817,987.4462280273438,170.22364807128906,1023.870361328125,217.30723571777344,1005.6582946777344,193.76544189453125,uvh26
13,8,3,bike,0.8778319954872131,1049.4222412109375,399.9393005371094,1122.3265380859375,466.7450866699219,1085.8743896484375,433.3421936035156,uvh26
13,10,3,bike,0.9044586420059204,195.58926391601562,231.0279083251953,245.51556396484375,277.0392761230469,220.5524139404297,254.0335922241211,uvh26
13,11,3,bike,0.35980623960494995,96.9457015991211,232.0362548828125,139.51011657714844,273.0928955078125,118.22790908813477,252.5645751953125,uvh26
13,12,3,bike,0.8156182765960693,234.13458251953125,115.31103515625,255.2712860107422,151.08375549316406,244.70293426513672,133.19739532470703,uvh26
13,13,8,auto,0.8309928178787231,925.4713745117188,572.41650390625,1045.6845703125,684.54931640625,985.5779724121094,628.48291015625,uvh26
13,14,8,auto,0.8636792302131653,573.6474609375,316.7815246582031,656.5293579101562,387.87042236328125,615.0884094238281,352.3259735107422,uvh26
13,15,3,bike,0.856243908405304,843.35546875,198.10873413085938,878.0243530273438,243.62417602539062,860.6899108886719,220.866455078125,uvh26
13,16,2,car,0.666096031665802,1224.739013671875,96.46893310546875,1285.2113037109375,141.0802001953125,1254.9751586914062,118.77456665039062,uvh26
13,17,3,bike,0.6795471906661987,722.6381225585938,244.8885955810547,759.2964477539062,293.05572509765625,740.96728515625,268.97216033935547,uvh26
13,18,3,bike,0.826736569404602,300.0865783691406,208.9209442138672,345.2948913574219,253.14744567871094,322.69073486328125,231.03419494628906,uvh26
13,19,8,auto,0.8283664584159851,825.146240234375,252.62408447265625,909.9886474609375,347.28570556640625,867.5674438476562,299.95489501953125,uvh26
13,20,3,bike,0.7675555348396301,1097.7960205078125,156.0897979736328,1135.1029052734375,202.7177734375,1116.449462890625,179.4037857055664,uvh26
13,21,3,bike,0.8598015308380127,797.0718383789062,189.85679626464844,831.3506469726562,234.3799591064453,814.2112426757812,212.11837768554688,uvh26
13,22,3,bike,0.6214426159858704,1114.0758056640625,137.13296508789062,1147.4163818359375,179.86080932617188,1130.74609375,158.49688720703125,uvh26
13,23,8,auto,0.6698395013809204,407.8613586425781,111.58259582519531,461.7710266113281,153.30174255371094,434.8161926269531,132.44216918945312,uvh26
13,24,3,bike,0.7783816456794739,1100.9151611328125,91.60641479492188,1125.912109375,122.38397216796875,1113.4136352539062,106.99519348144531,uvh26
13,25,3,bike,0.6786887049674988,1312.740478515625,21.557071685791016,1331.9959716796875,51.35056686401367,1322.3682250976562,36.453819274902344,uvh26
13,26,3,bike,0.7900381088256836,962.6067504882812,143.90184020996094,996.8590087890625,185.5753936767578,979.7328796386719,164.73861694335938,uvh26
13,27,3,bike,0.7342097759246826,870.0423583984375,550.0198364257812,943.9589233398438,626.6466064453125,907.0006408691406,588.3332214355469,uvh26
13,28,2,car,0.7291895747184753,1347.49560546875,55.79106140136719,1391.9580078125,93.24394226074219,1369.726806640625,74.51750183105469,uvh26
13,29,3,bike,0.7385919094085693,551.845458984375,217.98179626464844,599.6630249023438,262.337646484375,575.7542419433594,240.15972137451172,uvh26
13,30,3,bike,0.47208401560783386,1322.408203125,4.425790786743164,1337.3187255859375,28.158559799194336,1329.8634643554688,16.29217529296875,uvh26
13,31,8,auto,0.7800456881523132,1044.4830322265625,78.35911560058594,1081.5491943359375,118.0416030883789,1063.01611328125,98.20035934448242,uvh26
13,32,3,bike,0.6647835969924927,1179.5218505859375,58.80524826049805,1199.4923095703125,91.46453857421875,1189.507080078125,75.1348934173584,uvh26
13,33,2,car,0.7599003314971924,1277.1639404296875,99.22317504882812,1334.4671630859375,149.04855346679688,1305.8155517578125,124.1358642578125,uvh26
13,34,3,bike,0.8393461108207703,724.1698608398438,299.22528076171875,769.29296875,355.5248718261719,746.7314147949219,327.3750762939453,uvh26
13,35,8,auto,0.8309105634689331,899.740234375,123.44854736328125,947.7078247070312,168.4656524658203,923.7240295410156,145.95709991455078,uvh26
13,36,3,bike,0.7715519666671753,627.7821655273438,291.3929748535156,697.1868896484375,367.8058776855469,662.4845275878906,329.59942626953125,uvh26
13,37,2,car,0.6354387402534485,1089.6253662109375,56.09674835205078,1137.5672607421875,88.60771942138672,1113.5963134765625,72.35223388671875,uvh26
13,40,2,car,0.6224280595779419,280.9472961425781,103.924560546875,332.8984680175781,143.8562469482422,306.9228820800781,123.8904037475586,uvh26
13,42,3,bike,0.5215462446212769,248.28048706054688,82.02533721923828,264.8459777832031,109.17729949951172,256.563232421875,95.601318359375,uvh26
13,44,3,bike,0.4779946804046631,1144.6385498046875,88.60012817382812,1163.525146484375,129.0581512451172,1154.0818481445312,108.82913970947266,uvh26
13,45,2,car,0.45410171151161194,1051.25439453125,111.76797485351562,1127.0772705078125,159.96849060058594,1089.1658325195312,135.86823272705078,uvh26
13,47,3,bike,0.4491409957408905,1306.0865478515625,190.48849487304688,1349.3529052734375,253.37530517578125,1327.7197265625,221.93190002441406,uvh26
13,48,2,car,0.45803776383399963,1386.6893310546875,19.090356826782227,1421.8751220703125,50.01621627807617,1404.2822265625,34.5532865524292,uvh26
13,41,3,bike,0.6502082943916321,944.634521484375,138.06390380859375,974.710205078125,176.68211364746094,959.67236328125,157.37300872802734,uvh26
13,58,3,bike,0.4795128405094147,709.8526000976562,258.2642517089844,757.3480834960938,322.997314453125,733.600341796875,290.6307830810547,uvh26
13,77,3,bike,0.5349820852279663,1305.679443359375,18.668407440185547,1328.244384765625,48.646575927734375,1316.9619140625,33.65749168395996,uvh26
13,87,2,car,0.49611517786979675,1168.3187255859375,157.55438232421875,1241.5963134765625,208.00099182128906,1204.95751953125,182.7776870727539,uvh26
13,89,3,bike,0.5934627056121826,270.5426025390625,83.9012680053711,286.5718078613281,113.27841186523438,278.5572052001953,98.58983993530273,uvh26
13,38,2,car,0.5309089422225952,1168.7576904296875,157.66961669921875,1240.620849609375,208.32366943359375,1204.6892700195312,182.99664306640625,uvh26
13,2,0,pedestrian,0.5436270236968994,963.2454223632812,221.80210876464844,984.2233276367188,261.47222900390625,973.734375,241.63716888427734,coco_person
13,3,0,pedestrian,0.552705705165863,1172.583251953125,636.0076904296875,1200.75048828125,691.0026245117188,1186.6668701171875,663.5051574707031,coco_person
13,4,0,pedestrian,0.320818692445755,1376.2713623046875,209.68756103515625,1393.696533203125,254.43638610839844,1384.9839477539062,232.06197357177734,coco_person
13,8,0,pedestrian,0.4170755445957184,1382.7552490234375,178.81387329101562,1402.7545166015625,219.55001831054688,1392.7548828125,199.18194580078125,coco_person
13,11,0,pedestrian,0.397474080324173,1347.018798828125,188.4175567626953,1362.766845703125,231.86302185058594,1354.892822265625,210.14028930664062,coco_person
13,38,0,pedestrian,0.44812682271003723,448.9202880859375,204.18345642089844,470.0431823730469,245.15487670898438,459.4817352294922,224.6691665649414,coco_person
14,1,8,auto,0.9214045405387878,787.8095703125,567.63720703125,916.4368286132812,687.215576171875,852.1231994628906,627.4263916015625,uvh26
14,2,8,auto,0.904561460018158,1151.10888671875,117.5235366821289,1196.82275390625,165.10125732421875,1173.9658203125,141.31239700317383,uvh26
14,3,8,auto,0.903780996799469,201.67063903808594,162.17417907714844,260.6984558105469,213.16879272460938,231.1845474243164,187.6714859008789,uvh26
14,4,8,auto,0.9013938307762146,669.24609375,599.0663452148438,796.830810546875,714.0228881835938,733.0384521484375,656.5446166992188,uvh26
14,5,8,auto,0.8954189419746399,602.009765625,631.2225341796875,732.71044921875,719.3215942382812,667.360107421875,675.2720642089844,uvh26
14,6,8,auto,0.9105755686759949,993.9100952148438,298.6017761230469,1064.3516845703125,374.1267395019531,1029.1308898925781,336.3642578125,uvh26
14,7,3,bike,0.8709087371826172,985.7620239257812,170.0338592529297,1022.6098022460938,217.4666748046875,1004.1859130859375,193.7502670288086,uvh26
14,8,3,bike,0.8797355890274048,1047.5845947265625,399.1859130859375,1120.5703125,466.2362976074219,1084.0774536132812,432.7111053466797,uvh26
14,10,3,bike,0.8675390481948853,191.0041046142578,230.75975036621094,241.13125610351562,276.9514465332031,216.06768035888672,253.85559844970703,uvh26
14,12,3,bike,0.821658730506897,233.07859802246094,114.538330078125,254.17364501953125,150.20648193359375,243.6261215209961,132.37240600585938,uvh26
14,13,8,auto,0.8319514393806458,925.517333984375,572.4534301757812,1045.7047119140625,684.60302734375,985.6110229492188,628.5282287597656,uvh26
14,14,8,auto,0.8657605051994324,570.4820556640625,315.9741516113281,653.2109985351562,387.1662292480469,611.8465270996094,351.5701904296875,uvh26
14,15,3,bike,0.8541291356086731,847.58251953125,195.88931274414062,882.6212768554688,241.90097045898438,865.1018981933594,218.8951416015625,uvh26
14,16,2,car,0.6831799149513245,1223.4783935546875,97.54290008544922,1283.3682861328125,141.73963928222656,1253.42333984375,119.64126968383789,uvh26
14,17,3,bike,0.7660672664642334,727.0830078125,243.2578582763672,764.0579833984375,291.7579345703125,745.5704956054688,267.50789642333984,uvh26
14,18,3,bike,0.8291599750518799,304.8416442871094,209.3109130859375,349.7528991699219,253.16941833496094,327.2972717285156,231.24016571044922,uvh26
14,19,8,auto,0.8396263122558594,823.385009765625,253.3326873779297,908.2146606445312,348.1395263671875,865.7998352050781,300.7361068725586,uvh26
14,20,3,bike,0.7952291965484619,1096.009521484375,155.0931854248047,1134.3607177734375,203.27684020996094,1115.1851196289062,179.1850128173828,uvh26
14,21,3,bike,0.8733913898468018,799.740966796875,188.98045349121094,833.7672119140625,233.02175903320312,816.7540893554688,211.00110626220703,uvh26
14,22,3,bike,0.6045668721199036,1112.158447265625,136.78785705566406,1146.18896484375,180.4719696044922,1129.1737060546875,158.62991333007812,uvh26
14,23,8,auto,0.6482820510864258,408.2293701171875,111.3219223022461,462.6896667480469,153.19764709472656,435.4595184326172,132.25978469848633,uvh26
14,24,3,bike,0.7633277177810669,1103.2327880859375,90.79181671142578,1128.1259765625,121.47386932373047,1115.6793823242188,106.13284301757812,uvh26
14,25,3,bike,0.697422444820404,1312.8895263671875,19.981170654296875,1332.5255126953125,50.095680236816406,1322.70751953125,35.03842544555664,uvh26
14,26,3,bike,0.804138720035553,966.3663940429688,143.21266174316406,999.8092041015625,184.3096923828125,983.0877990722656,163.76117706298828,uvh26
14,27,3,bike,0.7264470458030701,869.8865966796875,549.8653564453125,943.8567504882812,626.5984497070312,906.8716735839844,588.2319030761719,uvh26
14,28,2,car,0.7422301769256592,1346.2086181640625,56.2685432434082,1391.3223876953125,94.22975158691406,1368.7655029296875,75.24914741516113,uvh26
14,29,3,bike,0.7782618403434753,556.0929565429688,218.01412963867188,604.871337890625,262.59967041015625,580.4821472167969,240.30690002441406,uvh26
14,30,3,bike,0.5248236656188965,1324.5858154296875,3.8365867137908936,1339.0838623046875,26.790138244628906,1331.8348388671875,15.3133624792099,uvh26
14,31,8,auto,0.8009037375450134,1045.0816650390625,78.17691802978516,1081.865478515625,117.51514434814453,1063.4735717773438,97.84603118896484,uvh26
14,32,3,bike,0.67120760679245,1181.4742431640625,57.8636589050293,1202.0089111328125,91.05493927001953,1191.7415771484375,74.45929908752441,uvh26
14,33,2,car,0.7891176342964172,1275.2806396484375,100.0835952758789,1332.919189453125,150.05728149414062,1304.0999145507812,125.07043838500977,uvh26
14,34,3,bike,0.8507639169692993,722.2748413085938,299.7795104980469,766.8182983398438,355.0339660644531,744.5465698242188,327.40673828125,uvh26
14,35,8,auto,0.8440317511558533,899.7310791015625,123.41321563720703,947.6309204101562,168.5010986328125,923.6809997558594,145.95715713500977,uvh26
14,36,3,bike,0.7507478594779968,627.9047241210938,294.9781494140625,694.7213745117188,367.8722839355469,661.3130493164062,331.4252166748047,uvh26
14,37,2,car,0.6486763954162598,1089.61669921875,56.02567672729492,1137.5093994140625,88.47523498535156,1113.5630493164062,72.25045585632324,uvh26
14,40,2,car,0.6069306135177612,282.0354919433594,104.4126968383789,334.2541809082031,144.53213500976562,308.14483642578125,124.47241592407227,uvh26
14,42,3,bike,0.6145980358123779,249.24705505371094,81.66039276123047,266.2326354980469,109.49930572509766,257.7398452758789,95.57984924316406,uvh26
14,44,3,bike,0.5145553946495056,1144.529296875,88.61518096923828,1163.7608642578125,129.62911987304688,1154.1450805664062,109.12215042114258,uvh26
14,45,2,car,0.4446662664413452,1054.322509765625,110.83753204345703,1129.4921875,158.53549194335938,1091.9073486328125,134.6865119934082,uvh26
14,47,3,bike,0.5154988169670105,1306.0037841796875,190.84127807617188,1348.8951416015625,253.30467224121094,1327.449462890625,222.0729751586914,uvh26
14,48,2,car,0.4237401485443115,1385.7408447265625,19.350187301635742,1421.8936767578125,50.73137283325195,1403.8172607421875,35.04078006744385,uvh26
14,41,3,bike,0.713184118270874,948.2255859375,137.9295196533203,977.6605224609375,175.7974395751953,962.9430541992188,156.8634796142578,uvh26
14,58,3,bike,0.674118161201477,706.3661499023438,268.1875,746.9456787109375,323.5570373535156,726.6559143066406,295.8722686767578,uvh26
14,87,2,car,0.45241034030914307,1165.9844970703125,158.4503936767578,1239.8048095703125,209.27963256835938,1202.8946533203125,183.8650131225586,uvh26
14,89,3,bike,0.41624709963798523,270.9036560058594,83.85653686523438,287.32037353515625,113.9229507446289,279.1120147705078,98.88974380493164,uvh26
14,38,2,car,0.5583429932594299,1165.9622802734375,158.70956420898438,1238.2769775390625,209.66668701171875,1202.11962890625,184.18812561035156,uvh26
14,92,3,bike,0.605372428894043,639.9120483398438,306.92608642578125,698.4805297851562,367.6427307128906,669.1962890625,337.28440856933594,uvh26
14,2,0,pedestrian,0.49927210807800293,961.86572265625,221.78372192382812,982.5838623046875,260.96929931640625,972.2247924804688,241.3765106201172,coco_person
14,3,0,pedestrian,0.5496213436126709,1172.666748046875,635.9464111328125,1200.88134765625,690.9605102539062,1186.7740478515625,663.4534606933594,coco_person
14,4,0,pedestrian,0.4480971395969391,1376.1917724609375,209.7347412109375,1393.6614990234375,254.26907348632812,1384.9266357421875,232.0019073486328,coco_person
14,8,0,pedestrian,0.3766385614871979,1382.6396484375,178.76173400878906,1402.3123779296875,218.99217224121094,1392.4760131835938,198.876953125,coco_person
14,11,0,pedestrian,0.39932942390441895,1346.9476318359375,188.26980590820312,1362.84912109375,231.96815490722656,1354.8983764648438,210.11898040771484,coco_person
14,38,0,pedestrian,0.39015981554985046,448.7055969238281,204.3361358642578,469.8954162597656,244.99851989746094,459.3005065917969,224.66732788085938,coco_person
15,1,8,auto,0.9218920469284058,787.7216186523438,567.5413208007812,916.3853149414062,687.1842041015625,852.053466796875,627.3627624511719,uvh26
15,2,8,auto,0.9033944010734558,1150.1673583984375,118.00727844238281,1195.9310302734375,165.59426879882812,1173.0491943359375,141.80077362060547,uvh26
15,3,8,auto,0.9043813347816467,201.48239135742188,162.15963745117188,260.6827697753906,213.2894744873047,231.08258056640625,187.72455596923828,uvh26
15,4,8,auto,0.9007148742675781,669.1796875,599.1231689453125,796.8006591796875,714.0875244140625,732.9901733398438,656.6053466796875,uvh26
15,5,8,auto,0.8951768279075623,602.0089721679688,631.1709594726562,732.7034912109375,719.3026733398438,667.3562316894531,675.23681640625,uvh26
15,6,8,auto,0.9013432860374451,991.1908569335938,299.9057922363281,1061.7330322265625,375.343505859375,1026.4619445800781,337.62464904785156,uvh26
15,7,3,bike,0.8532072901725769,983.7477416992188,169.6531219482422,1021.3526611328125,217.93008422851562,1002.5502014160156,193.7916030883789,uvh26
15,8,3,bike,0.8843167424201965,1045.827392578125,398.03936767578125,1118.916015625,465.4433898925781,1082.3717041015625,431.7413787841797,uvh26
15,10,3,bike,0.8903560638427734,186.39132690429688,230.65826416015625,236.5166015625,276.8919372558594,211.45396423339844,253.7751007080078,uvh26
15,12,3,bike,0.8391860723495483,232.2459259033203,114.0884017944336,253.17506408691406,149.44044494628906,242.7104949951172,131.76442337036133,uvh26
15,13,8,auto,0.8353480100631714,925.58544921875,572.468017578125,1045.584228515625,684.476806640625,985.5848388671875,628.472412109375,uvh26
15,14,8,auto,0.8709113597869873,567.6029052734375,314.7331848144531,650.6282958984375,386.435791015625,609.1156005859375,350.58448791503906,uvh26
15,15,3,bike,0.8606094121932983,851.81591796875,193.13748168945312,887.4205322265625,240.03656005859375,869.6182250976562,216.58702087402344,uvh26
15,16,2,car,0.6934808492660522,1222.14794921875,98.18226623535156,1281.830810546875,142.2125701904297,1251.9893798828125,120.19741821289062,uvh26
15,17,3,bike,0.8101001381874084,731.6724243164062,241.32369995117188,769.4021606445312,290.959716796875,750.5372924804688,266.14170837402344,uvh26
15,18,3,bike,0.8410952687263489,309.1429748535156,209.5124969482422,354.2895202636719,253.50747680664062,331.71624755859375,231.5099868774414,uvh26
15,19,8,auto,0.8381962180137634,821.5546264648438,254.44017028808594,906.2743530273438,349.2041320800781,863.9144897460938,301.82215118408203,uvh26
15,20,3,bike,0.7738679051399231,1094.533203125,154.2970428466797,1133.6300048828125,203.71966552734375,1114.0816040039062,179.00835418701172,uvh26
15,21,3,bike,0.8755215406417847,802.1069946289062,188.048828125,836.4017944335938,232.2950439453125,819.25439453125,210.17193603515625,uvh26
15,22,3,bike,0.630463182926178,1110.5394287109375,136.09532165527344,1145.3902587890625,181.09385681152344,1127.96484375,158.59458923339844,uvh26
15,23,8,auto,0.6761386394500732,408.6575622558594,111.57901000976562,462.8236083984375,153.0361328125,435.74058532714844,132.3075714111328,uvh26
15,24,3,bike,0.7653959393501282,1104.9591064453125,89.5204849243164,1130.66015625,121.3414306640625,1117.8096313476562,105.43095779418945,uvh26
15,25,3,bike,0.6602639555931091,1315.1240234375,18.731224060058594,1334.984130859375,49.31779861450195,1325.0540771484375,34.02451133728027,uvh26
15,26,3,bike,0.7724593877792358,970.7825927734375,142.0554656982422,1003.6302490234375,182.696533203125,987.2064208984375,162.3759994506836,uvh26
15,27,3,bike,0.7419021725654602,869.6534423828125,549.7142333984375,943.6638793945312,626.55029296875,906.6586608886719,588.1322631835938,uvh26
15,28,2,car,0.737849771976471,1345.0201416015625,56.63621520996094,1390.6536865234375,95.0195541381836,1367.8369140625,75.82788467407227,uvh26
15,29,3,bike,0.7918639779090881,559.1299438476562,217.99642944335938,608.9258422851562,262.953857421875,584.0278930664062,240.4751434326172,uvh26
15,30,3,bike,0.5979433059692383,1326.2332763671875,2.931450128555298,1340.544677734375,25.4107666015625,1333.3889770507812,14.171108365058899,uvh26
15,31,8,auto,0.7880098819732666,1045.52685546875,77.8455581665039,1082.317138671875,117.16808319091797,1063.9219970703125,97.50682067871094,uvh26
15,32,3,bike,0.6286994814872742,1183.55810546875,56.725032806396484,1204.563720703125,90.12077331542969,1194.0609130859375,73.42290306091309,uvh26
15,33,2,car,0.8170223832130432,1272.705078125,100.96635437011719,1330.5291748046875,151.02198791503906,1301.6171264648438,125.99417114257812,uvh26
15,34,3,bike,0.7879459857940674,719.7500610351562,298.8758544921875,764.7676391601562,354.4950866699219,742.2588500976562,326.6854705810547,uvh26
15,35,8,auto,0.8573498129844666,899.9105834960938,123.37023162841797,947.7109985351562,168.51284790039062,923.810791015625,145.9415397644043,uvh26
15,36,3,bike,0.6479467749595642,630.5198364257812,299.37481689453125,692.7636108398438,366.6662292480469,661.6417236328125,333.02052307128906,uvh26
15,37,2,car,0.6526806354522705,1089.64404296875,55.99631118774414,1137.469482421875,88.37027740478516,1113.5567626953125,72.18329429626465,uvh26
15,40,2,car,0.6218543648719788,283.0018615722656,104.92117309570312,335.4022521972656,145.14952087402344,309.2020568847656,125.03534698486328,uvh26
15,42,3,bike,0.6478222012519836,250.06585693359375,80.95526885986328,267.5035705566406,109.67632293701172,258.7847137451172,95.3157958984375,uvh26
15,44,3,bike,0.5073047280311584,1144.466552734375,88.30069732666016,1163.7725830078125,129.21453857421875,1154.1195678710938,108.75761795043945,uvh26
15,45,2,car,0.5214066505432129,1056.4189453125,109.8050765991211,1131.232421875,157.3299560546875,1093.82568359375,133.5675163269043,uvh26
15,47,3,bike,0.532875120639801,1305.9603271484375,191.13302612304688,1348.539794921875,253.2761688232422,1327.2500610351562,222.20459747314453,uvh26
15,48,2,car,0.5048425793647766,1384.689697265625,19.57567024230957,1421.8165283203125,51.42707061767578,1403.2531127929688,35.501370429992676,uvh26
15,41,3,bike,0.6835967302322388,952.3994750976562,137.23336791992188,981.153076171875,174.22080993652344,966.7762756347656,155.72708892822266,uvh26
15,58,3,bike,0.5575125217437744,703.4848022460938,272.27862548828125,742.1414794921875,325.0809020996094,722.8131408691406,298.6797637939453,uvh26
15,87,2,car,0.4305607080459595,1163.0220947265625,159.18109130859375,1237.7314453125,210.6418914794922,1200.3767700195312,184.91149139404297,uvh26
15,89,3,bike,0.5000485181808472,271.83685302734375,84.07054901123047,288.2111511230469,114.03408813476562,280.0240020751953,99.05231857299805,uvh26
15,38,2,car,0.5113247632980347,1163.3165283203125,159.51516723632812,1236.32177734375,210.95945739746094,1199.8191528320312,185.23731231689453,uvh26
15,95,2,car,0.42503783106803894,1345.517578125,56.19401931762695,1390.9139404296875,94.29637908935547,1368.2157592773438,75.24519920349121,uvh26
15,98,3,bike,0.4138730466365814,622.793701171875,290.0160827636719,669.2010498046875,360.37249755859375,645.9973754882812,325.1942901611328,uvh26
15,77,3,bike,0.5356319546699524,1307.4263916015625,17.10610008239746,1328.830810546875,45.77598190307617,1318.1286010742188,31.441040992736816,uvh26
15,2,0,pedestrian,0.4295682907104492,960.843994140625,221.4176788330078,981.8321533203125,260.8751220703125,971.3380737304688,241.14640045166016,coco_person
15,3,0,pedestrian,0.5403082966804504,1172.58837890625,635.8545532226562,1200.8424072265625,690.866455078125,1186.7153930664062,663.3605041503906,coco_person
15,4,0,pedestrian,0.438388466835022,1376.1444091796875,209.8046875,1393.6434326171875,254.14422607421875,1384.8939208984375,231.97445678710938,coco_person
15,8,0,pedestrian,0.3762563467025757,1382.58642578125,178.96202087402344,1401.4398193359375,217.41343688964844,1392.0131225585938,198.18772888183594,coco_person
15,11,0,pedestrian,0.4054434597492218,1346.81689453125,188.16929626464844,1362.8837890625,232.09677124023438,1354.850341796875,210.1330337524414,coco_person
15,38,0,pedestrian,0.3449990153312683,448.3725280761719,203.8390350341797,470.0116882324219,245.08084106445312,459.1921081542969,224.4599380493164,coco_person
16,1,8,auto,0.9224091172218323,787.4549560546875,567.4808959960938,916.1220092773438,687.1268310546875,851.7884826660156,627.3038635253906,uvh26
16,2,8,auto,0.9059277176856995,1149.4326171875,118.5976333618164,1195.0350341796875,165.864013671875,1172.2338256835938,142.2308235168457,uvh26
16,3,8,auto,0.9005677103996277,201.40745544433594,161.82164001464844,260.6436767578125,212.9753875732422,231.02556610107422,187.3985137939453,uvh26
16,4,8,auto,0.9036439657211304,669.1480712890625,599.1390991210938,796.7311401367188,714.0439453125,732.9396057128906,656.5915222167969,uvh26
16,5,8,auto,0.8957661390304565,601.570556640625,630.8745727539062,733.5106201171875,719.7578735351562,667.5405883789062,675.3162231445312,uvh26
16,6,8,auto,0.9047455191612244,989.0891723632812,301.2894592285156,1059.6239013671875,376.5876159667969,1024.3565368652344,338.93853759765625,uvh26
16,7,3,bike,0.8784573674201965,981.346435546875,170.1604461669922,1019.0061645507812,218.44615173339844,1000.1763000488281,194.3032989501953,uvh26
16,8,3,bike,0.887749969959259,1044.04150390625,396.9397888183594,1117.5716552734375,465.20062255859375,1080.8065795898438,431.07020568847656,uvh26
16,10,3,bike,0.8777737617492676,181.6167449951172,230.4160614013672,231.51268005371094,276.4464416503906,206.56471252441406,253.4312515258789,uvh26
16,12,3,bike,0.7687786221504211,231.382080078125,113.91262817382812,252.1038818359375,148.8528594970703,241.74298095703125,131.38274383544922,uvh26
16,13,8,auto,0.8347894549369812,925.8021850585938,572.4833374023438,1045.4549560546875,684.160888671875,985.6285705566406,628.3221130371094,uvh26
16,14,8,auto,0.8851993680000305,565.2201538085938,313.9532775878906,648.14794921875,385.807373046875,606.6840515136719,349.8803253173828,uvh26
16,15,3,bike,0.8744032979011536,856.3863525390625,191.76571655273438,891.5890502929688,238.240234375,873.9877014160156,215.0029754638672,uvh26
16,16,2,car,0.7016248106956482,1221.260986328125,98.88695526123047,1280.5423583984375,142.52818298339844,1250.9016723632812,120.70756912231445,uvh26
16,17,3,bike,0.8444453477859497,735.8435668945312,238.60653686523438,774.0343627929688,289.12530517578125,754.93896484375,263.8659210205078,uvh26
16,18,3,bike,0.8523209691047668,313.5398254394531,209.87747192382812,358.7084045410156,253.92030334472656,336.1241149902344,231.89888763427734,uvh26
16,19,8,auto,0.8392033576965332,819.9638061523438,255.68505859375,904.2326049804688,349.91455078125,862.0982055664062,302.7998046875,uvh26
16,20,3,bike,0.7744728922843933,1093.35546875,155.92515563964844,1131.252685546875,204.0426788330078,1112.3040771484375,179.98391723632812,uvh26
16,21,3,bike,0.8772484660148621,804.7135009765625,187.13771057128906,839.0908203125,231.2995147705078,821.9021606445312,209.21861267089844,uvh26
16,22,3,bike,0.5386655330657959,1110.021240234375,139.52780151367188,1142.580322265625,181.3282928466797,1126.30078125,160.42804718017578,uvh26
16,23,8,auto,0.6356963515281677,409.0649108886719,111.63214874267578,463.0511169433594,152.8412628173828,436.0580139160156,132.2367057800293,uvh26
16,24,3,bike,0.7026309370994568,1107.4918212890625,88.33576965332031,1133.4990234375,120.60488891601562,1120.4954223632812,104.47032928466797,uvh26
16,25,3,bike,0.6567573547363281,1317.4315185546875,18.357728958129883,1336.9202880859375,48.56348419189453,1327.1759033203125,33.46060657501221,uvh26
16,26,3,bike,0.7790241837501526,974.4482421875,141.24110412597656,1006.8365478515625,181.49533081054688,990.6423950195312,161.36821746826172,uvh26
16,27,3,bike,0.7335769534111023,869.8153076171875,549.6593627929688,943.7783813476562,626.4302368164062,906.7968444824219,588.0447998046875,uvh26
16,28,2,car,0.7198983430862427,1343.9849853515625,57.19343566894531,1390.0958251953125,95.9588851928711,1367.0404052734375,76.5761604309082,uvh26
16,29,3,bike,0.7577024698257446,560.874267578125,217.8793487548828,611.482177734375,263.3127746582031,586.17822265625,240.59606170654297,uvh26
16,30,3,bike,0.5413077473640442,1327.4293212890625,2.2234535217285156,1341.7926025390625,24.673322677612305,1334.6109619140625,13.44838809967041,uvh26
16,31,8,auto,0.7705647945404053,1045.872802734375,77.747802734375,1082.56005859375,116.93425750732422,1064.2164306640625,97.34103012084961,uvh26
16,32,3,bike,0.6650606393814087,1185.03076171875,55.5021858215332,1206.4276123046875,89.03611755371094,1195.7291870117188,72.26915168762207,uvh26
16,33,2,car,0.8194103837013245,1270.8709716796875,101.83638763427734,1328.606201171875,151.71141052246094,1299.7385864257812,126.77389907836914,uvh26
16,34,3,bike,0.6850491166114807,716.2417602539062,297.447021484375,761.9910888671875,353.64263916015625,739.1164245605469,325.5448303222656,uvh26
16,35,8,auto,0.8685997724533081,900.203125,123.16830444335938,947.8750610351562,168.3735809326172,924.0390930175781,145.77094268798828,uvh26
16,36,3,bike,0.7389318943023682,626.9859619140625,298.3000183105469,689.775634765625,365.0967712402344,658.3807983398438,331.6983947753906,uvh26
16,37,2,car,0.6522583365440369,1089.736572265625,55.81690216064453,1137.5125732421875,88.09999084472656,1113.6245727539062,71.95844650268555,uvh26
16,40,2,car,0.6460142135620117,284.03338623046875,105.52241516113281,336.23828125,145.55641174316406,310.1358337402344,125.53941345214844,uvh26
16,42,3,bike,0.6750721335411072,250.52532958984375,80.00309753417969,268.5655212402344,109.85774230957031,259.54542541503906,94.930419921875,uvh26
16,44,3,bike,0.48813819885253906,1144.4979248046875,88.12911224365234,1163.782470703125,128.71136474609375,1154.1401977539062,108.42023849487305,uvh26
16,45,2,car,0.7143052220344543,1059.03759765625,109.09256744384766,1133.097900390625,156.09426879882812,1096.0677490234375,132.5934181213379,uvh26
16,47,3,bike,0.6641377210617065,1305.9261474609375,191.19190979003906,1348.3492431640625,253.23184204101562,1327.1376953125,222.21187591552734,uvh26
16,48,2,car,0.6175537705421448,1383.6954345703125,19.782352447509766,1421.87109375,52.18452453613281,1402.7832641601562,35.98343849182129,uvh26
16,41,3,bike,0.7183351516723633,956.0606689453125,135.7835235595703,985.2927856445312,173.22657775878906,970.6767272949219,154.5050506591797,uvh26
16,58,3,bike,0.33319273591041565,701.0343627929688,273.8332214355469,737.1627197265625,323.1853332519531,719.0985412597656,298.50927734375,uvh26
16,87,2,car,0.4588525891304016,1160.98095703125,160.1070098876953,1235.8955078125,211.7410430908203,1198.438232421875,185.9240264892578,uvh26
16,89,3,bike,0.44043025374412537,273.2402038574219,84.73053741455078,289.1106872558594,113.71078491210938,281.1754455566406,99.22066116333008,uvh26
16,38,2,car,0.4747631847858429,1161.241943359375,160.64105224609375,1234.3790283203125,212.19476318359375,1197.8104858398438,186.41790771484375,uvh26
16,95,2,car,0.38470104336738586,1344.294921875,56.720069885253906,1390.373291015625,95.39395904541016,1367.3341064453125,76.05701446533203,uvh26
16,77,3,bike,0.3922498822212219,1309.8739013671875,16.32448387145996,1331.109619140625,44.79425048828125,1320.4917602539062,30.559367179870605,uvh26
16,92,3,bike,0.5493434071540833,637.105712890625,306.86456298828125,693.4866943359375,365.2318420410156,665.2962036132812,336.04820251464844,uvh26
16,2,0,pedestrian,0.35687291622161865,960.6550903320312,221.16322326660156,982.4013061523438,260.748046875,971.5281982421875,240.95563507080078,coco_person
16,3,0,pedestrian,0.547057032585144,1172.4195556640625,635.8275756835938,1200.7447509765625,690.8343505859375,1186.5821533203125,663.3309631347656,coco_person
16,4,0,pedestrian,0.4222932457923889,1376.14990234375,209.32720947265625,1393.9287109375,254.2524871826172,1385.039306640625,231.78984832763672,coco_person
16,8,0,pedestrian,0.334896981716156,1382.6861572265625,179.06912231445312,1400.9349365234375,216.15286254882812,1391.810546875,197.61099243164062,coco_person
16,11,0,pedestrian,0.38284412026405334,1346.8892822265625,188.0929412841797,1363.080322265625,232.19235229492188,1354.9848022460938,210.14264678955078,coco_person
16,38,0,pedestrian,0.38613662123680115,447.6503601074219,203.2938232421875,469.4500427246094,244.7198944091797,458.5502014160156,224.0068588256836,coco_person
17,1,8,auto,0.9220830202102661,787.353515625,567.3976440429688,916.0812377929688,687.130615234375,851.7173767089844,627.2641296386719,uvh26
17,2,8,auto,0.9075828790664673,1148.4130859375,119.368896484375,1193.79931640625,166.25115966796875,1171.106201171875,142.81002807617188,uvh26
17,3,8,auto,0.9009121060371399,201.4019317626953,161.69937133789062,260.6545104980469,212.85838317871094,231.0282211303711,187.27887725830078,uvh26
17,4,8,auto,0.9025165438652039,669.1451416015625,599.1444091796875,796.6800537109375,713.9827270507812,732.91259765625,656.5635681152344,uvh26
17,5,8,auto,0.8956103324890137,601.3291625976562,630.7351684570312,733.864501953125,719.92919921875,667.5968322753906,675.3321838378906,uvh26
17,6,8,auto,0.9080181121826172,986.2280883789062,302.0987854003906,1057.8443603515625,378.5166320800781,1022.0362243652344,340.3077087402344,uvh26
17,7,3,bike,0.8904985189437866,979.3568115234375,170.57301330566406,1017.1109619140625,218.85659790039062,998.23388671875,194.71480560302734,uvh26
17,8,3,bike,0.8830099701881409,1042.6292724609375,396.44305419921875,1116.02392578125,464.9541015625,1079.3265991210938,430.6985778808594,uvh26
17,10,3,bike,0.8967644572257996,176.86839294433594,229.8728485107422,226.93701171875,276.0664367675781,201.90270233154297,252.96964263916016,uvh26
17,12,3,bike,0.8351199626922607,230.31129455566406,113.35780334472656,251.00994873046875,148.21852111816406,240.6606216430664,130.7881622314453,uvh26
17,13,8,auto,0.8369489312171936,925.8375244140625,572.457275390625,1045.323974609375,683.9893188476562,985.5807495117188,628.2232971191406,uvh26
17,14,8,auto,0.8886377811431885,562.0797119140625,312.7995910644531,645.1940307617188,385.17816162109375,603.6368713378906,348.98887634277344,uvh26
17,15,3,bike,0.8516114950180054,860.817138671875,190.56568908691406,895.3701171875,236.26580810546875,878.0936279296875,213.4157485961914,uvh26
17,16,2,car,0.7119746804237366,1219.8895263671875,99.42420959472656,1279.12158203125,142.99525451660156,1249.5055541992188,121.20973205566406,uvh26
17,17,3,bike,0.8429078459739685,739.283203125,236.8097381591797,778.0198364257812,288.3258972167969,758.6515197753906,262.5678176879883,uvh26
17,18,3,bike,0.8482878804206848,317.6040344238281,210.0818634033203,362.9643859863281,254.23638916015625,340.2842102050781,232.15912628173828,uvh26
17,19,8,auto,0.8298871517181396,818.3936157226562,256.6362609863281,902.435546875,350.56854248046875,860.4145812988281,303.60240173339844,uvh26
17,20,3,bike,0.773709237575531,1092.414794921875,157.73782348632812,1129.09033203125,204.39454650878906,1110.7525634765625,181.0661849975586,uvh26
17,21,3,bike,0.8742715120315552,807.1635131835938,186.09201049804688,841.8126220703125,230.4602813720703,824.4880676269531,208.2761459350586,uvh26
17,22,3,bike,0.6065470576286316,1108.6126708984375,140.74847412109375,1140.474853515625,181.6793975830078,1124.5437622070312,161.21393585205078,uvh26
17,23,8,auto,0.6087955236434937,408.9084777832031,111.6085433959961,462.9179992675781,152.745849609375,435.9132385253906,132.17719650268555,uvh26
17,24,3,bike,0.6515440940856934,1110.0733642578125,87.21009063720703,1135.8743896484375,119.40326690673828,1122.973876953125,103.30667877197266,uvh26
17,25,3,bike,0.650988757610321,1319.3431396484375,17.455942153930664,1338.613525390625,47.565738677978516,1328.9783325195312,32.51084041595459,uvh26
17,26,3,bike,0.7245814800262451,978.1544799804688,139.72621154785156,1010.5228881835938,180.33224487304688,994.3386840820312,160.02922821044922,uvh26
17,27,3,bike,0.7257490158081055,869.873779296875,549.5244750976562,944.0289916992188,626.4566040039062,906.9513854980469,587.9905395507812,uvh26
17,28,2,car,0.6237159967422485,1342.8419189453125,57.84726333618164,1389.259765625,96.87492370605469,1366.0508422851562,77.36109352111816,uvh26
17,29,3,bike,0.7809708118438721,563.1535034179688,217.7870635986328,614.7264404296875,263.802001953125,588.9399719238281,240.7945327758789,uvh26
17,30,3,bike,0.5923499464988708,1328.6795654296875,1.7958533763885498,1343.4188232421875,24.98802947998047,1336.0491943359375,13.39194142818451,uvh26
17,31,8,auto,0.7641705274581909,1046.3594970703125,77.56938171386719,1082.9974365234375,116.71870422363281,1064.678466796875,97.14404296875,uvh26
17,32,3,bike,0.7459616661071777,1186.0283203125,54.83626937866211,1207.607421875,88.30970001220703,1196.81787109375,71.57298469543457,uvh26
17,33,2,car,0.8249845504760742,1269.190185546875,102.66382598876953,1327.08251953125,152.59994506835938,1298.1363525390625,127.63188552856445,uvh26
17,34,3,bike,0.7318161725997925,715.5379638671875,297.67022705078125,760.5108642578125,352.5609130859375,738.0244140625,325.1155700683594,uvh26
17,35,8,auto,0.8672565817832947,900.3932495117188,123.09021759033203,947.8903198242188,168.28680419921875,924.1417846679688,145.6885108947754,uvh26
17,36,3,bike,0.6895036697387695,624.7889404296875,298.7897033691406,687.1573486328125,363.8199157714844,655.97314453125,331.3048095703125,uvh26
17,37,2,car,0.6684765815734863,1089.698486328125,55.729488372802734,1137.533203125,87.99541473388672,1113.6158447265625,71.86245155334473,uvh26
17,40,2,car,0.6212241053581238,284.6220703125,105.92439270019531,337.0179748535156,146.1505584716797,310.8200225830078,126.0374755859375,uvh26
17,42,3,bike,0.5502753257751465,251.1527099609375,79.82978820800781,269.35565185546875,110.10430145263672,260.2541809082031,94.96704483032227,uvh26
17,44,3,bike,0.5016994476318359,1144.6302490234375,88.05477142333984,1163.73681640625,127.95845794677734,1154.1835327148438,108.0066146850586,uvh26
17,45,2,car,0.7368425726890564,1061.376708984375,107.4650650024414,1136.1295166015625,155.0158233642578,1098.7531127929688,131.2404441833496,uvh26
17,47,3,bike,0.7125522494316101,1305.9559326171875,191.1613006591797,1348.2462158203125,253.1170654296875,1327.10107421875,222.1391830444336,uvh26
17,48,2,car,0.6164068579673767,1382.10888671875,19.906339645385742,1421.2108154296875,52.690250396728516,1401.6598510742188,36.29829502105713,uvh26
17,41,3,bike,0.7305095791816711,958.7655029296875,134.29078674316406,988.3446655273438,172.03274536132812,973.5550842285156,153.1617660522461,uvh26
17,58,3,bike,0.6696155667304993,697.9530639648438,273.9880065917969,734.3536987304688,323.8524169921875,716.1533813476562,298.9202117919922,uvh26
17,87,2,car,0.5630605816841125,1158.3935546875,161.4482421875,1233.7607421875,213.4026336669922,1196.0771484375,187.4254379272461,uvh26
17,89,3,bike,0.29971542954444885,274.0523986816406,85.15739440917969,290.1248474121094,114.43655395507812,282.088623046875,99.7969741821289,uvh26
17,38,2,car,0.46566590666770935,1159.1671142578125,161.944091796875,1232.339111328125,213.45733642578125,1195.7531127929688,187.70071411132812,uvh26
17,95,2,car,0.3511432111263275,1343.1800537109375,57.828731536865234,1389.2572021484375,96.47415924072266,1366.2186279296875,77.15144538879395,uvh26
17,77,3,bike,0.5229705572128296,1313.0413818359375,15.88493537902832,1335.4930419921875,45.85941696166992,1324.2672119140625,30.87217617034912,uvh26
17,92,3,bike,0.5436496138572693,636.1437377929688,306.3179931640625,691.9127807617188,363.941650390625,664.0282592773438,335.12982177734375,uvh26
17,98,3,bike,0.41601771116256714,623.9332275390625,290.1549377441406,669.0474243164062,357.7918701171875,646.4903259277344,323.97340393066406,uvh26
17,2,0,pedestrian,0.3278394341468811,960.4473266601562,220.9381103515625,982.9750366210938,260.5680847167969,971.711181640625,240.7530975341797,coco_person
17,3,0,pedestrian,0.5445122718811035,1172.474853515625,635.7646484375,1200.8284912109375,690.8495483398438,1186.6516723632812,663.3070983886719,coco_person
17,4,0,pedestrian,0.3526623249053955,1376.100830078125,209.34254455566406,1393.9720458984375,254.3455352783203,1385.0364379882812,231.8440399169922,coco_person
17,8,0,pedestrian,0.32329851388931274,1382.380615234375,179.5825653076172,1401.185546875,217.7191925048828,1391.7830810546875,198.65087890625,coco_person
17,11,0,pedestrian,0.3732762932777405,1346.999267578125,188.00869750976562,1363.24951171875,232.1533966064453,1355.1243896484375,210.08104705810547,coco_person
17,15,0,pedestrian,0.32070183753967285,1339.937255859375,187.12142944335938,1363.51806640625,233.4104766845703,1351.7276611328125,210.26595306396484,coco_person
17,38,0,pedestrian,0.39980340003967285,446.9568786621094,202.91708374023438,468.96136474609375,244.5079345703125,457.95912170410156,223.71250915527344,coco_person
17,123,0,pedestrian,0.45403358340263367,1274.3167724609375,501.2528076171875,1297.6484375,566.146240234375,1285.9826049804688,533.6995239257812,coco_person
18,1,8,auto,0.9217748045921326,787.54296875,567.6242065429688,916.0139770507812,687.1268310546875,851.7784729003906,627.3755187988281,uvh26
18,2,8,auto,0.9151608943939209,1146.994873046875,119.85340881347656,1192.6373291015625,166.92303466796875,1169.8161010742188,143.38822174072266,uvh26
18,3,8,auto,0.9021711945533752,201.4098358154297,161.84608459472656,260.6399230957031,212.9805145263672,231.0248794555664,187.41329956054688,uvh26
18,4,8,auto,0.9034286737442017,669.1109619140625,599.1482543945312,796.6417236328125,713.977783203125,732.8763427734375,656.5630187988281,uvh26
18,5,8,auto,0.8926597833633423,601.3414916992188,630.6796264648438,734.18994140625,719.9926147460938,667.7657165527344,675.3361206054688,uvh26
18,6,8,auto,0.8999499678611755,983.9280395507812,303.5599365234375,1055.1558837890625,379.52459716796875,1019.5419616699219,341.5422668457031,uvh26
18,7,3,bike,0.8970176577568054,977.8746948242188,171.0946502685547,1015.6595458984375,219.3356475830078,996.7671203613281,195.21514892578125,uvh26
18,8,3,bike,0.872966468334198,1041.4842529296875,396.26837158203125,1113.853515625,464.01641845703125,1077.6688842773438,430.14239501953125,uvh26
18,10,3,bike,0.8752636909484863,172.39149475097656,230.14797973632812,222.26641845703125,276.2082214355469,197.3289566040039,253.1781005859375,uvh26
18,12,3,bike,0.8406876921653748,229.51809692382812,112.960693359375,250.23377990722656,147.82920837402344,239.87593841552734,130.39495086669922,uvh26
18,13,8,auto,0.8290523886680603,925.7683715820312,572.46337890625,1045.344970703125,684.0993041992188,985.5566711425781,628.2813415527344,uvh26
18,14,8,auto,0.8765888214111328,559.30419921875,312.3821105957031,641.9102172851562,384.527099609375,600.6072082519531,348.45460510253906,uvh26
18,15,3,bike,0.8561016321182251,865.4675903320312,189.21156311035156,899.9247436523438,234.76504516601562,882.6961669921875,211.9883041381836,uvh26
18,16,2,car,0.7677138447761536,1218.6214599609375,99.77963256835938,1278.12841796875,143.60696411132812,1248.3749389648438,121.69329833984375,uvh26
18,17,3,bike,0.8723747134208679,743.44287109375,235.32798767089844,782.0811767578125,286.84051513671875,762.7620239257812,261.0842514038086,uvh26
18,18,3,bike,0.8772934675216675,321.8858642578125,210.34860229492188,367.55517578125,254.91012573242188,344.72052001953125,232.62936401367188,uvh26
18,19,8,auto,0.824256956577301,816.5205688476562,256.92626953125,901.2794799804688,351.7098388671875,858.9000244140625,304.31805419921875,uvh26
18,20,3,bike,0.7893326878547668,1091.0059814453125,157.87680053710938,1127.956298828125,205.02676391601562,1109.4811401367188,181.4517822265625,uvh26
18,21,3,bike,0.8741153478622437,809.5284423828125,184.9239044189453,844.6179809570312,229.83883666992188,827.0732116699219,207.3813705444336,uvh26
18,22,3,bike,0.6925995349884033,1107.3756103515625,141.222900390625,1138.9715576171875,181.6345977783203,1123.173583984375,161.42874908447266,uvh26
18,23,8,auto,0.6051790714263916,409.5786437988281,111.70259857177734,463.6756896972656,152.78155517578125,436.6271667480469,132.2420768737793,uvh26
18,24,3,bike,0.6368001103401184,1112.4656982421875,86.58516693115234,1137.8902587890625,118.48201751708984,1125.177978515625,102.5335922241211,uvh26
18,25,3,bike,0.6272519826889038,1321.0546875,16.963233947753906,1340.199462890625,46.95684051513672,1330.6270751953125,31.960037231445312,uvh26
18,26,3,bike,0.8026819825172424,981.1130981445312,137.71934509277344,1013.759765625,179.01132202148438,997.4364318847656,158.3653335571289,uvh26
18,27,3,bike,0.7555791735649109,869.6128540039062,549.5201416015625,943.84326171875,626.54443359375,906.7280578613281,588.0322875976562,uvh26
18,28,2,car,0.6942331790924072,1341.7576904296875,58.92414093017578,1387.894287109375,97.59798431396484,1364.8259887695312,78.26106262207031,uvh26
18,29,3,bike,0.7914606928825378,564.764404296875,218.4575653076172,616.27978515625,264.3677673339844,590.5220947265625,241.41266632080078,uvh26
18,30,3,bike,0.4992094039916992,1329.8736572265625,1.0559196472167969,1344.74560546875,24.477005004882812,1337.3096313476562,12.766462326049805,uvh26
18,31,8,auto,0.715156078338623,1046.8065185546875,77.43936157226562,1083.4503173828125,116.62553405761719,1065.12841796875,97.0324478149414,uvh26
18,32,3,bike,0.7008928656578064,1187.145263671875,54.34017562866211,1208.9312744140625,87.89078521728516,1198.0382690429688,71.11548042297363,uvh26
18,33,2,car,0.8127089738845825,1267.2071533203125,103.84286499023438,1325.064453125,153.65821838378906,1296.1358032226562,128.75054168701172,uvh26
18,34,3,bike,0.7115816473960876,712.8663940429688,297.2952880859375,757.9436645507812,352.1944274902344,735.405029296875,324.74485778808594,uvh26
18,35,8,auto,0.8588102459907532,900.5579223632812,123.24274444580078,947.838623046875,168.35499572753906,924.1982727050781,145.79887008666992,uvh26
18,36,3,bike,0.689659595489502,619.0684204101562,293.6856384277344,686.7380981445312,363.7327575683594,652.9032592773438,328.7091979980469,uvh26
18,37,2,car,0.6572181582450867,1089.60400390625,55.71601486206055,1137.5621337890625,88.01712036132812,1113.5830688476562,71.86656761169434,uvh26
18,40,2,car,0.6086188554763794,285.5237121582031,106.32857513427734,338.2372131347656,146.75723266601562,311.8804626464844,126.54290390014648,uvh26
18,42,3,bike,0.41465646028518677,252.28932189941406,79.94112396240234,270.68896484375,110.44254302978516,261.48914337158203,95.19183349609375,uvh26
18,44,3,bike,0.4034213423728943,1144.606689453125,88.95054626464844,1163.734375,128.7565460205078,1154.1705322265625,108.85354614257812,uvh26
18,45,2,car,0.6258294582366943,1063.3577880859375,105.90098571777344,1138.826416015625,154.03744506835938,1101.0921020507812,129.9692153930664,uvh26
18,47,3,bike,0.5976728200912476,1305.9661865234375,191.24681091308594,1348.2301025390625,253.29649353027344,1327.09814453125,222.2716522216797,uvh26
18,48,2,car,0.6107674241065979,1380.8970947265625,20.46718406677246,1420.5111083984375,53.26253890991211,1400.7041015625,36.864861488342285,uvh26
18,41,3,bike,0.7965753674507141,961.5662231445312,133.54446411132812,990.7188110351562,170.88485717773438,976.1425170898438,152.21466064453125,uvh26
18,58,3,bike,0.5721422433853149,695.14599609375,273.0265197753906,731.787109375,323.2892761230469,713.466552734375,298.15789794921875,uvh26
18,87,2,car,0.5891835689544678,1155.483154296875,162.37139892578125,1231.2257080078125,214.62881469726562,1193.3544311523438,188.50010681152344,uvh26
18,38,2,car,0.47865986824035645,1156.8258056640625,163.17845153808594,1230.127197265625,214.67335510253906,1193.4765014648438,188.9259033203125,uvh26
18,95,2,car,0.310220330953598,1341.93603515625,59.03232955932617,1387.97314453125,97.6010513305664,1364.95458984375,78.31669044494629,uvh26
18,77,3,bike,0.43999937176704407,1315.5009765625,15.668781280517578,1337.987060546875,45.51361083984375,1326.7440185546875,30.591196060180664,uvh26
18,92,3,bike,0.3602064847946167,634.4274291992188,305.8272399902344,689.7769165039062,362.91912841796875,662.1021728515625,334.37318420410156,uvh26
18,98,3,bike,0.21321803331375122,616.588134765625,288.95086669921875,663.009765625,358.40673828125,639.7989501953125,323.6788024902344,uvh26
18,2,0,pedestrian,0.37441277503967285,958.7742919921875,221.08729553222656,981.9606323242188,260.7835693359375,970.3674621582031,240.93543243408203,coco_person
18,3,0,pedestrian,0.5409563183784485,1172.3077392578125,635.6868286132812,1200.738525390625,690.8555908203125,1186.5231323242188,663.2712097167969,coco_person
18,4,0,pedestrian,0.3821977376937866,1376.075927734375,209.24270629882812,1393.955810546875,254.2957305908203,1385.015869140625,231.76921844482422,coco_person
18,8,0,pedestrian,0.31724992394447327,1382.711669921875,180.01414489746094,1400.7381591796875,216.14358520507812,1391.7249145507812,198.07886505126953,coco_person
18,11,0,pedestrian,0.3859017789363861,1347.0101318359375,188.0868377685547,1363.3505859375,232.3805389404297,1355.1803588867188,210.2336883544922,coco_person
18,15,0,pedestrian,0.3227628469467163,1339.886474609375,187.38619995117188,1363.521728515625,233.81593322753906,1351.7041015625,210.60106658935547,coco_person
18,38,0,pedestrian,0.49840834736824036,446.1279296875,202.99887084960938,467.9140319824219,244.10922241210938,457.02098083496094,223.55404663085938,coco_person
18,123,0,pedestrian,0.4989672899246216,1272.6011962890625,500.6224670410156,1296.0321044921875,565.7715454101562,1284.316650390625,533.1970062255859,coco_person
19,1,8,auto,0.9215951561927795,787.6004028320312,567.7410888671875,915.974365234375,687.1582641601562,851.7873840332031,627.4496765136719,uvh26
19,2,8,auto,0.9214755892753601,1145.7164306640625,120.30631256103516,1191.4986572265625,167.3897247314453,1168.6075439453125,143.84801864624023,uvh26
19,3,8,auto,0.9066557884216309,201.55010986328125,161.9618682861328,260.6847229003906,213.00003051757812,231.11741638183594,187.48094940185547,uvh26
19,4,8,auto,0.9029121994972229,669.0910034179688,599.1953125,796.6414794921875,714.0327758789062,732.8662414550781,656.6140441894531,uvh26
19,5,8,auto,0.8919233679771423,601.2845458984375,630.7140502929688,734.233154296875,720.0,667.7588500976562,675.3570251464844,uvh26
19,6,8,auto,0.8975647687911987,981.731689453125,304.822021484375,1052.5345458984375,380.3012390136719,1017.1331176757812,342.56163024902344,uvh26
19,7,3,bike,0.8877600431442261,976.089599609375,171.33111572265625,1014.17529296875,219.90052795410156,995.1324462890625,195.6158218383789,uvh26
19,8,3,bike,0.8714631199836731,1039.8436279296875,395.4783630371094,1112.216552734375,463.52252197265625,1076.0300903320312,429.5004425048828,uvh26
19,10,3,bike,0.8740231990814209,167.77667236328125,229.85592651367188,218.1501922607422,276.5409240722656,192.96343231201172,253.19842529296875,uvh26
19,12,3,bike,0.8382909893989563,228.741943359375,112.7198486328125,249.3553009033203,147.46200561523438,239.04862213134766,130.09092712402344,uvh26
19,13,8,auto,0.8264973759651184,925.7193603515625,572.4624633789062,1045.421142578125,684.23876953125,985.5702514648438,628.3506164550781,uvh26
19,14,8,auto,0.8776922821998596,556.6292724609375,311.5572204589844,639.1781005859375,383.9358825683594,597.9036865234375,347.7465515136719,uvh26
19,15,3,bike,0.846474826335907,869.9791870117188,187.5212860107422,904.1220092773438,232.74806213378906,887.0505981445312,210.13467407226562,uvh26
19,16,2,car,0.7864425182342529,1217.52490234375,100.20338439941406,1277.08154296875,144.0362091064453,1247.30322265625,122.11979675292969,uvh26
19,17,3,bike,0.8964123725891113,747.708740234375,233.63124084472656,786.12548828125,285.14007568359375,766.9171142578125,259.38565826416016,uvh26
19,18,3,bike,0.8526802659034729,326.0457458496094,210.41964721679688,371.974365234375,255.30995178222656,349.0100555419922,232.86479949951172,uvh26
19,19,8,auto,0.8156938552856445,814.8265380859375,257.43035888671875,899.7191772460938,352.4254150390625,857.2728576660156,304.9278869628906,uvh26
19,20,3,bike,0.7691141366958618,1089.550048828125,157.70895385742188,1126.9468994140625,205.6150665283203,1108.2484741210938,181.6620101928711,uvh26
19,21,3,bike,0.8539523482322693,812.3530883789062,184.32391357421875,847.3041381835938,228.93795776367188,829.82861328125,206.6309356689453,uvh26
19,22,3,bike,0.6259636878967285,1106.276611328125,141.4720916748047,1138.27392578125,182.0674591064453,1122.2752685546875,161.769775390625,uvh26
19,23,8,auto,0.5340890884399414,409.76885986328125,111.80256652832031,464.06463623046875,152.7689666748047,436.916748046875,132.2857666015625,uvh26
19,24,3,bike,0.7142363786697388,1114.5037841796875,86.0991439819336,1139.8271484375,117.97984313964844,1127.1654663085938,102.03949356079102,uvh26
19,25,3,bike,0.698956310749054,1323.1661376953125,16.36009407043457,1342.3084716796875,46.4462890625,1332.7373046875,31.403191566467285,uvh26
19,26,3,bike,0.7473180294036865,984.5593872070312,136.710693359375,1016.495361328125,177.33079528808594,1000.5273742675781,157.02074432373047,uvh26
19,27,3,bike,0.7518344521522522,869.3631591796875,549.5030517578125,943.5261840820312,626.490966796875,906.4446716308594,587.9970092773438,uvh26
19,28,2,car,0.6632382869720459,1340.8756103515625,60.127113342285156,1386.626708984375,98.31846618652344,1363.7511596679688,79.2227897644043,uvh26
19,29,3,bike,0.804422914981842,567.9720458984375,218.6989288330078,620.0341186523438,264.53460693359375,594.0030822753906,241.61676788330078,uvh26
19,30,3,bike,0.37328219413757324,1331.0452880859375,0.45970210433006287,1345.79638671875,23.599828720092773,1338.4208374023438,12.029765412211418,uvh26
19,31,8,auto,0.7853946089744568,1047.091552734375,77.38441467285156,1083.7869873046875,116.67121887207031,1065.4392700195312,97.02781677246094,uvh26
19,32,3,bike,0.722848117351532,1188.25634765625,54.040367126464844,1209.8758544921875,87.25116729736328,1199.0661010742188,70.64576721191406,uvh26
19,33,2,car,0.8366374969482422,1265.568603515625,104.73687744140625,1323.7427978515625,154.74563598632812,1294.6557006835938,129.7412567138672,uvh26
19,34,3,bike,0.7750266790390015,710.6444091796875,296.5417175292969,755.8486328125,351.5399475097656,733.2465209960938,324.04083251953125,uvh26
19,35,8,auto,0.8581002950668335,900.6690673828125,123.29605102539062,947.7940063476562,168.36412048339844,924.2315368652344,145.83008575439453,uvh26
19,36,3,bike,0.6855159997940063,614.3399047851562,289.8421936035156,684.349853515625,361.70184326171875,649.3448791503906,325.7720184326172,uvh26
19,37,2,car,0.6659911870956421,1089.462890625,55.72346496582031,1137.72900390625,88.21527862548828,1113.595947265625,71.9693717956543,uvh26
19,40,2,car,0.606548547744751,286.4364929199219,106.6127700805664,339.1233215332031,146.92349243164062,312.7799072265625,126.76813125610352,uvh26
19,42,3,bike,0.395742803812027,253.92332458496094,80.81440734863281,272.7126159667969,111.78164672851562,263.3179702758789,96.29802703857422,uvh26
19,44,3,bike,0.2602827548980713,1144.8580322265625,88.81681060791016,1163.7247314453125,127.79168701171875,1154.2913818359375,108.30424880981445,uvh26
19,45,2,car,0.5646440982818604,1066.1192626953125,105.15533447265625,1141.0911865234375,153.02359008789062,1103.605224609375,129.08946228027344,uvh26
19,47,3,bike,0.6000321507453918,1305.947021484375,191.10171508789062,1348.2315673828125,253.3401641845703,1327.0892944335938,222.22093963623047,uvh26
19,48,2,car,0.575901210308075,1379.4005126953125,20.625762939453125,1420.22509765625,54.17172622680664,1399.8128051757812,37.39874458312988,uvh26
19,41,3,bike,0.7788004875183105,964.7757568359375,132.3300018310547,993.816162109375,169.52114868164062,979.2959594726562,150.92557525634766,uvh26
19,58,3,bike,0.7051783204078674,692.851318359375,272.19537353515625,729.4878540039062,322.33624267578125,711.1695861816406,297.26580810546875,uvh26
19,87,2,car,0.4383484125137329,1152.739990234375,163.35984802246094,1228.951904296875,215.98655700683594,1190.845947265625,189.67320251464844,uvh26
19,38,2,car,0.5746257901191711,1153.824462890625,164.0449676513672,1228.095947265625,216.22462463378906,1190.960205078125,190.13479614257812,uvh26
19,95,2,car,0.367686927318573,1341.0518798828125,60.17839431762695,1386.8773193359375,98.52232360839844,1363.964599609375,79.3503589630127,uvh26
19,77,3,bike,0.3782493770122528,1314.965576171875,14.63558292388916,1336.27587890625,43.20473861694336,1325.6207275390625,28.92016077041626,uvh26
19,92,3,bike,0.6932846307754517,627.479248046875,302.6086730957031,685.3453369140625,361.8558044433594,656.4122924804688,332.23223876953125,uvh26
19,98,3,bike,0.569831132888794,612.1953125,288.09796142578125,660.0593872070312,359.59454345703125,636.1273498535156,323.84625244140625,uvh26
19,3,0,pedestrian,0.5471534729003906,1172.195068359375,635.6599731445312,1200.701416015625,690.8569946289062,1186.4482421875,663.2584838867188,coco_person
19,4,0,pedestrian,0.3896428346633911,1376.0042724609375,208.7188720703125,1394.0548095703125,254.36181640625,1385.029541015625,231.54034423828125,coco_person
19,8,0,pedestrian,0.305864155292511,1382.6710205078125,180.4263153076172,1400.4102783203125,215.63595581054688,1391.5406494140625,198.03113555908203,coco_person
19,11,0,pedestrian,0.3734038770198822,1346.948974609375,188.0570068359375,1363.37939453125,232.4999542236328,1355.1641845703125,210.27848052978516,coco_person
19,15,0,pedestrian,0.3077872693538666,1340.0980224609375,187.55722045898438,1363.608642578125,233.79774475097656,1351.8533325195312,210.67748260498047,coco_person
19,38,0,pedestrian,0.44519585371017456,445.1971130371094,203.4857177734375,466.39501953125,243.61659240722656,455.7960662841797,223.55115509033203,coco_person
19,123,0,pedestrian,0.4308995306491852,1270.9371337890625,499.3130798339844,1293.4051513671875,561.6505737304688,1282.171142578125,530.4818267822266,coco_person
20,1,8,auto,0.9227156043052673,787.6483154296875,567.7594604492188,916.0057373046875,687.171142578125,851.8270263671875,627.4653015136719,uvh26
20,2,8,auto,0.9262136816978455,1144.735107421875,120.92561340332031,1190.5970458984375,168.02406311035156,1167.6660766601562,144.47483825683594,uvh26
20,3,8,auto,0.9085192680358887,201.6234130859375,162.05795288085938,260.7089538574219,213.0497283935547,231.1661834716797,187.55384063720703,uvh26
20,4,8,auto,0.9018263220787048,669.0243530273438,599.239990234375,796.6177978515625,714.1226806640625,732.8210754394531,656.6813354492188,uvh26
20,5,8,auto,0.8925971388816833,601.1200561523438,630.6494140625,734.252197265625,720.0,667.6861267089844,675.32470703125,uvh26
20,6,8,auto,0.9049971699714661,979.867919921875,305.7201843261719,1050.161865234375,380.53106689453125,1015.014892578125,343.12562561035156,uvh26
20,7,3,bike,0.8950783610343933,974.5062255859375,172.20111083984375,1012.316162109375,220.2357635498047,993.4111938476562,196.21843719482422,uvh26
20,8,3,bike,0.8806386590003967,1038.4918212890625,394.85302734375,1110.7843017578125,463.16748046875,1074.6380615234375,429.01025390625,uvh26
20,10,3,bike,0.8807260990142822,163.85153198242188,230.14642333984375,213.3600616455078,276.0359191894531,188.60579681396484,253.09117126464844,uvh26
20,12,3,bike,0.8296324610710144,227.91146850585938,112.40843200683594,248.33160400390625,146.91976928710938,238.1215362548828,129.66410064697266,uvh26
20,13,8,auto,0.8253685235977173,925.6149291992188,572.4613037109375,1045.50537109375,684.4496459960938,985.5601501464844,628.4554748535156,uvh26
20,14,8,auto,0.8497361540794373,554.2009887695312,310.9162292480469,636.3951416015625,383.3245544433594,595.2980651855469,347.1203918457031,uvh26
20,15,3,bike,0.8601090908050537,874.3532104492188,185.98187255859375,908.3692626953125,231.03836059570312,891.3612365722656,208.51011657714844,uvh26
20,16,2,car,0.7743424773216248,1216.52880859375,100.5722427368164,1276.56494140625,144.73208618164062,1246.546875,122.65216445922852,uvh26
20,17,3,bike,0.872627854347229,752.0772094726562,231.93153381347656,790.2413940429688,283.2399597167969,771.1593017578125,257.5857467651367,uvh26
20,18,3,bike,0.8622961044311523,330.1762390136719,210.54672241210938,376.0196228027344,255.32412719726562,353.0979309082031,232.9354248046875,uvh26
20,19,8,auto,0.8216920495033264,812.8829345703125,258.2624206542969,897.9208374023438,353.3930969238281,855.4018859863281,305.8277587890625,uvh26
20,20,3,bike,0.7661238312721252,1088.076171875,158.23680114746094,1125.2919921875,206.1770477294922,1106.68408203125,182.20692443847656,uvh26
20,21,3,bike,0.8672757744789124,814.8602294921875,183.5260467529297,849.8574829101562,228.1289825439453,832.3588562011719,205.8275146484375,uvh26
20,22,3,bike,0.6313514709472656,1105.0162353515625,142.28465270996094,1137.0626220703125,182.69985961914062,1121.0394287109375,162.49225616455078,uvh26
20,23,8,auto,0.5709613561630249,409.98016357421875,111.94275665283203,464.5031433105469,152.74647521972656,437.2416534423828,132.3446159362793,uvh26
20,24,3,bike,0.6264271140098572,1116.7659912109375,85.956298828125,1141.5687255859375,117.16009521484375,1129.1673583984375,101.55819702148438,uvh26
20,25,3,bike,0.6893267035484314,1323.8568115234375,15.877843856811523,1342.8594970703125,45.4597053527832,1333.358154296875,30.668774604797363,uvh26
20,26,3,bike,0.7940605878829956,988.05908203125,135.51829528808594,1019.6718139648438,175.96319580078125,1003.8654479980469,155.7407455444336,uvh26
20,27,3,bike,0.7559434771537781,869.3804321289062,549.2939453125,943.68701171875,626.4771118164062,906.5337219238281,587.8855285644531,uvh26
20,28,2,car,0.6643996834754944,1339.6109619140625,61.33942794799805,1385.0499267578125,99.14637756347656,1362.3304443359375,80.2429027557373,uvh26
20,29,3,bike,0.8066501021385193,570.5961303710938,218.9423370361328,622.7681274414062,264.5978088378906,596.68212890625,241.77007293701172,uvh26
20,30,3,bike,0.4168412685394287,1332.97900390625,0.8542571067810059,1347.0167236328125,22.656726837158203,1339.9978637695312,11.755491971969604,uvh26
20,31,8,auto,0.7738741040229797,1047.1845703125,77.4534683227539,1083.5908203125,116.60920715332031,1065.3876953125,97.03133773803711,uvh26
20,32,3,bike,0.6824145913124084,1189.21337890625,53.91254425048828,1210.493408203125,86.60099792480469,1199.8533935546875,70.25677108764648,uvh26
20,33,2,car,0.8073092103004456,1263.12890625,105.7188720703125,1321.7933349609375,156.03257751464844,1292.4611206054688,130.87572479248047,uvh26
20,34,3,bike,0.702604353427887,708.2387084960938,296.03265380859375,753.2635498046875,350.8439636230469,730.7511291503906,323.4383087158203,uvh26
20,35,8,auto,0.8512410521507263,900.8256225585938,123.35794067382812,947.7654418945312,168.3380126953125,924.2955322265625,145.8479766845703,uvh26
20,36,3,bike,0.6526890993118286,612.1537475585938,290.53179931640625,681.657470703125,360.60028076171875,646.9056091308594,325.5660400390625,uvh26
20,37,2,car,0.654276967048645,1089.4122314453125,55.73522186279297,1137.8155517578125,88.29591369628906,1113.6138916015625,72.01556777954102,uvh26
20,40,2,car,0.681071400642395,287.6589660644531,107.03936004638672,340.3760070800781,147.1977996826172,314.0174865722656,127.11857986450195,uvh26
20,42,3,bike,0.5951610207557678,255.239501953125,81.61247253417969,274.0451965332031,112.42308044433594,264.64234924316406,97.01777648925781,uvh26
20,45,2,car,0.5277907252311707,1069.4439697265625,104.8991470336914,1142.8538818359375,151.63890075683594,1106.14892578125,128.26902389526367,uvh26
20,47,3,bike,0.5803222060203552,1305.92431640625,190.9140167236328,1348.2100830078125,253.32290649414062,1327.0671997070312,222.11846160888672,uvh26
20,48,2,car,0.5738136768341064,1377.8009033203125,21.032032012939453,1419.3272705078125,54.92537307739258,1398.5640869140625,37.978702545166016,uvh26
20,41,3,bike,0.725016176700592,968.3224487304688,131.17153930664062,997.3652954101562,168.29034423828125,982.8438720703125,149.73094177246094,uvh26
20,58,3,bike,0.6171039342880249,689.802734375,272.0796813964844,726.0568237304688,321.52435302734375,707.9297790527344,296.80201721191406,uvh26
20,87,2,car,0.5282593965530396,1150.6719970703125,164.52027893066406,1226.859619140625,217.1300048828125,1188.7658081054688,190.82514190673828,uvh26
20,38,2,car,0.5143827199935913,1151.2548828125,164.79469299316406,1226.323486328125,217.51052856445312,1188.7891845703125,191.1526107788086,uvh26
20,95,2,car,0.370636522769928,1339.668701171875,61.37392044067383,1385.2991943359375,99.52961730957031,1362.4839477539062,80.45176887512207,uvh26
20,77,3,bike,0.5243955254554749,1317.0220947265625,13.88099479675293,1338.511962890625,42.59945297241211,1327.7670288085938,28.24022388458252,uvh26
20,92,3,bike,0.5168525576591492,628.8712768554688,303.9083251953125,684.5554809570312,360.7951354980469,656.71337890625,332.3517303466797,uvh26
20,98,3,bike,0.20345279574394226,608.76416015625,287.89208984375,656.082275390625,358.3202209472656,632.4232177734375,323.1061553955078,uvh26
20,139,2,car,0.4070269763469696,1069.8017578125,105.34712219238281,1140.939453125,151.6522979736328,1105.37060546875,128.4997100830078,uvh26
20,89,3,bike,0.41701221466064453,277.559814453125,87.94076538085938,294.7435607910156,119.1844253540039,286.1516876220703,103.56259536743164,uvh26
20,3,0,pedestrian,0.5551556944847107,1172.2557373046875,635.5977172851562,1200.8421630859375,690.83203125,1186.5489501953125,663.2148742675781,coco_person
20,4,0,pedestrian,0.3770906329154968,1376.1954345703125,208.37229919433594,1394.3306884765625,254.25843811035156,1385.2630615234375,231.31536865234375,coco_person
20,8,0,pedestrian,0.29341673851013184,1383.01611328125,180.81576538085938,1399.77099609375,213.4364776611328,1391.3935546875,197.1261215209961,coco_person
20,11,0,pedestrian,0.35622933506965637,1346.8931884765625,187.9879608154297,1363.2908935546875,232.28282165527344,1355.092041015625,210.13539123535156,coco_person
20,15,0,pedestrian,0.28267794847488403,1340.2117919921875,187.61151123046875,1363.5462646484375,233.49227905273438,1351.8790283203125,210.55189514160156,coco_person
20,38,0,pedestrian,0.4280800223350525,444.24896240234375,203.749267578125,465.3167724609375,243.75701904296875,454.7828674316406,223.75314331054688,coco_person
20,123,0,pedestrian,0.5012408494949341,1269.0631103515625,498.87921142578125,1292.1279296875,563.0604858398438,1280.5955200195312,530.9698486328125,coco_person
20,2,0,pedestrian,0.32137513160705566,959.4428100585938,220.96182250976562,983.9343872070312,260.7437744140625,971.6885986328125,240.85279846191406,coco_person
21,1,8,auto,0.9221351146697998,787.4871215820312,567.3340454101562,916.1192016601562,687.0479736328125,851.8031616210938,627.1910095214844,uvh26
21,2,8,auto,0.9293283820152283,1143.55419921875,121.06910705566406,1189.6893310546875,168.44529724121094,1166.6217651367188,144.7572021484375,uvh26
21,3,8,auto,0.9059330224990845,201.59869384765625,161.8862762451172,260.7969055175781,212.99676513671875,231.1977996826172,187.44152069091797,uvh26
21,4,8,auto,0.9052180647850037,669.0977783203125,599.1837158203125,796.4852294921875,713.8618774414062,732.79150390625,656.5227966308594,uvh26
21,5,8,auto,0.8938037157058716,600.926025390625,630.56982421875,734.22265625,720.0,667.5743408203125,675.284912109375,uvh26
21,6,8,auto,0.9120676517486572,976.9627075195312,306.6279602050781,1047.9158935546875,382.0650329589844,1012.4393005371094,344.34649658203125,uvh26
21,7,3,bike,0.8795745372772217,973.1560668945312,173.55271911621094,1010.3065795898438,220.50091552734375,991.7313232421875,197.02681732177734,uvh26
21,8,3,bike,0.8777874112129211,1037.3504638671875,394.458251953125,1109.177734375,462.6464538574219,1073.2640991210938,428.55235290527344,uvh26
21,10,3,bike,0.8543128371238708,159.4076385498047,229.76560974121094,208.8986053466797,275.68402099609375,184.1531219482422,252.72481536865234,uvh26
21,12,3,bike,0.7993894219398499,226.75196838378906,111.67607879638672,247.26939392089844,146.3480682373047,237.01068115234375,129.0120735168457,uvh26
21,13,8,auto,0.8395841121673584,925.590576171875,572.47265625,1045.6063232421875,684.6281127929688,985.5984497070312,628.5503845214844,uvh26
21,14,8,auto,0.8773486018180847,551.6859741210938,310.4741516113281,633.2530517578125,382.4537048339844,592.4695129394531,346.46392822265625,uvh26
21,15,3,bike,0.8350157737731934,878.7348022460938,184.30044555664062,912.8516845703125,229.4275665283203,895.7932434082031,206.86400604248047,uvh26
21,16,2,car,0.7171132564544678,1215.746337890625,101.12345123291016,1275.914794921875,145.38125610351562,1245.83056640625,123.25235366821289,uvh26
21,17,3,bike,0.8666397333145142,756.4718627929688,229.9518280029297,794.3721923828125,281.2187194824219,775.4220275878906,255.58527374267578,uvh26
21,18,3,bike,0.864234209060669,334.8085632324219,210.50357055664062,380.8148193359375,255.41207885742188,357.8116912841797,232.95782470703125,uvh26
21,19,8,auto,0.800855815410614,810.9625854492188,259.1967468261719,896.2626342773438,354.631103515625,853.6126098632812,306.91392517089844,uvh26
21,20,3,bike,0.7716218829154968,1086.1494140625,156.9960479736328,1124.1290283203125,206.3519744873047,1105.1392211914062,181.67401123046875,uvh26
21,21,3,bike,0.8559694886207581,816.7341918945312,181.56837463378906,852.4891967773438,227.2371063232422,834.6116943359375,204.40274047851562,uvh26
21,22,3,bike,0.5714264512062073,1103.520263671875,142.73585510253906,1135.6934814453125,183.19615173339844,1119.6068725585938,162.96600341796875,uvh26
21,23,8,auto,0.5032129883766174,409.7171630859375,111.78295135498047,464.7048034667969,152.5791778564453,437.2109832763672,132.1810646057129,uvh26
21,24,3,bike,0.4608449637889862,1118.4620361328125,84.49325561523438,1143.0657958984375,115.77378845214844,1130.763916015625,100.1335220336914,uvh26
21,25,3,bike,0.6640698909759521,1325.1063232421875,15.25892448425293,1344.07861328125,44.61875534057617,1334.5924682617188,29.93883991241455,uvh26
21,26,3,bike,0.8179585337638855,991.6325073242188,134.51837158203125,1023.0921020507812,174.95469665527344,1007.3623046875,154.73653411865234,uvh26
21,27,3,bike,0.7498827576637268,869.3502807617188,549.0515747070312,943.68603515625,626.3240356445312,906.5181579589844,587.6878051757812,uvh26
21,28,2,car,0.5906428098678589,1338.52490234375,61.81135177612305,1384.0072021484375,99.6290512084961,1361.2660522460938,80.72020149230957,uvh26
21,29,3,bike,0.8074041604995728,572.7860107421875,218.8193817138672,625.1224365234375,264.51678466796875,598.9542236328125,241.66808319091797,uvh26
21,30,3,bike,0.3439343273639679,1334.64404296875,0.828866183757782,1348.0743408203125,21.463918685913086,1341.3591918945312,11.146392434835434,uvh26
21,31,8,auto,0.7483640909194946,1047.403564453125,77.3874282836914,1083.427001953125,116.39412689208984,1065.415283203125,96.89077758789062,uvh26
21,32,3,bike,0.6767562031745911,1189.9061279296875,53.43585205078125,1211.0823974609375,86.01799774169922,1200.4942626953125,69.72692489624023,uvh26
21,33,2,car,0.7552809715270996,1260.97705078125,106.48509216308594,1319.9658203125,157.08544921875,1290.471435546875,131.78527069091797,uvh26
21,34,3,bike,0.7898434996604919,706.059326171875,295.5328369140625,750.8782958984375,350.2596130371094,728.4688110351562,322.89622497558594,uvh26
21,35,8,auto,0.8481917381286621,900.972900390625,123.27842712402344,947.7423706054688,168.17587280273438,924.3576354980469,145.7271499633789,uvh26
21,36,3,bike,0.6872346997261047,615.6583251953125,296.8271179199219,679.5028686523438,359.9330139160156,647.5805969238281,328.38006591796875,uvh26
21,37,2,car,0.662214457988739,1089.4033203125,55.73268508911133,1137.8270263671875,88.30341339111328,1113.6151733398438,72.0180492401123,uvh26
21,40,2,car,0.6124464273452759,288.8031921386719,107.60562133789062,341.5389404296875,147.6443634033203,315.1710662841797,127.62499237060547,uvh26
21,42,3,bike,0.6433644890785217,256.2085266113281,81.7013931274414,275.3831481933594,112.92095947265625,265.79583740234375,97.31117630004883,uvh26
21,45,2,car,0.4677928388118744,1072.6832275390625,104.68409729003906,1144.365234375,150.16795349121094,1108.5242309570312,127.426025390625,uvh26
21,47,3,bike,0.7241423726081848,1305.9637451171875,190.99710083007812,1347.975341796875,253.15135192871094,1326.9695434570312,222.07422637939453,uvh26
21,48,2,car,0.6369713544845581,1376.300537109375,21.28547477722168,1418.5555419921875,55.506248474121094,1397.4280395507812,38.39586162567139,uvh26
21,41,3,bike,0.740756094455719,971.830322265625,129.95021057128906,1000.9443359375,167.146728515625,986.3873291015625,148.54846954345703,uvh26
21,58,3,bike,0.7111796736717224,686.612548828125,271.2382507324219,723.2294921875,321.2151794433594,704.9210205078125,296.2267150878906,uvh26
21,87,2,car,0.520748496055603,1148.742919921875,165.950927734375,1224.362548828125,218.11434936523438,1186.552734375,192.0326385498047,uvh26
21,38,2,car,0.38948675990104675,1149.04052734375,166.0045166015625,1224.238037109375,218.70652770996094,1186.6392822265625,192.35552215576172,uvh26
21,95,2,car,0.41131487488746643,1338.4197998046875,62.036376953125,1384.136474609375,100.254638671875,1361.2781372070312,81.1455078125,uvh26
21,77,3,bike,0.5845739245414734,1317.281982421875,12.630176544189453,1338.802490234375,41.67477035522461,1328.042236328125,27.15247344970703,uvh26
21,92,3,bike,0.6436364650726318,629.4739379882812,304.75787353515625,683.7953491210938,360.27984619140625,656.6346435546875,332.51885986328125,uvh26
21,98,3,bike,0.5061026215553284,613.5418090820312,288.3209228515625,662.8877563476562,359.1827697753906,638.2147827148438,323.75184631347656,uvh26
21,139,2,car,0.41966307163238525,1072.8349609375,104.93545532226562,1142.5841064453125,150.28700256347656,1107.7095336914062,127.6112289428711,uvh26
21,89,3,bike,0.3174755275249481,278.8815612792969,89.1177978515625,296.2557678222656,120.55550384521484,287.56866455078125,104.83665084838867,uvh26
21,3,0,pedestrian,0.5518797636032104,1172.4149169921875,635.4899291992188,1200.9254150390625,690.56884765625,1186.670166015625,663.0293884277344,coco_person
21,4,0,pedestrian,0.2797616124153137,1376.2132568359375,207.60089111328125,1394.30810546875,253.80213928222656,1385.2606811523438,230.7015151977539,coco_person
21,8,0,pedestrian,0.350113183259964,1382.893310546875,181.17080688476562,1399.3338623046875,212.5308074951172,1391.1135864257812,196.8508071899414,coco_person
21,11,0,pedestrian,0.3427914083003998,1346.9637451171875,187.93148803710938,1363.2994384765625,232.03773498535156,1355.131591796875,209.98461151123047,coco_person
21,15,0,pedestrian,0.2606789171695709,1340.44677734375,187.55313110351562,1363.602294921875,233.1466064453125,1352.0245361328125,210.34986877441406,coco_person
21,38,0,pedestrian,0.25836271047592163,443.7016296386719,204.08709716796875,464.72149658203125,244.11692810058594,454.21156311035156,224.10201263427734,coco_person
21,123,0,pedestrian,0.4734260141849518,1267.63037109375,498.8769836425781,1290.9151611328125,563.8573608398438,1279.2727661132812,531.3671722412109,coco_person
22,1,8,auto,0.9225853085517883,787.2713623046875,567.0759887695312,916.1275024414062,687.038330078125,851.6994323730469,627.0571594238281,uvh26
22,2,8,auto,0.928715705871582,1142.2435302734375,121.04725646972656,1188.630126953125,168.65911865234375,1165.4368286132812,144.85318756103516,uvh26
22,3,8,auto,0.9019912481307983,201.36279296875,161.5115509033203,260.90771484375,212.96450805664062,231.13525390625,187.23802947998047,uvh26
22,4,8,auto,0.9049814343452454,669.1209716796875,599.1483154296875,796.5103149414062,713.8453979492188,732.8156433105469,656.4968566894531,uvh26
22,5,8,auto,0.8952144384384155,600.8113403320312,630.5435180664062,734.1940307617188,720.0,667.502685546875,675.2717590332031,uvh26
22,6,8,auto,0.912116527557373,973.8743286132812,307.51617431640625,1045.59130859375,383.818359375,1009.7328186035156,345.6672668457031,uvh26
22,7,3,bike,0.8907086849212646,971.1475219726562,174.32598876953125,1008.4307250976562,221.3285675048828,989.7891235351562,197.82727813720703,uvh26
22,8,3,bike,0.8754825592041016,1036.0235595703125,394.2666015625,1107.103271484375,462.11859130859375,1071.5634155273438,428.1925964355469,uvh26
22,10,3,bike,0.868058979511261,154.8756866455078,229.33627319335938,204.4462890625,275.3866882324219,179.6609878540039,252.36148071289062,uvh26
22,12,3,bike,0.7359280586242676,225.62156677246094,110.5574951171875,246.4279327392578,145.59458923339844,236.02474975585938,128.07604217529297,uvh26
22,13,8,auto,0.8353108763694763,925.6486206054688,572.4839477539062,1045.575439453125,684.60302734375,985.6120300292969,628.5434875488281,uvh26
22,14,8,auto,0.8722584247589111,549.1646118164062,310.2513732910156,629.9002685546875,381.58984375,589.5324401855469,345.9206085205078,uvh26
22,15,3,bike,0.8115026354789734,882.6204223632812,182.87405395507812,916.3045043945312,227.5327606201172,899.4624633789062,205.20340728759766,uvh26
22,16,2,car,0.6168105006217957,1214.763916015625,101.58578491210938,1274.8681640625,145.88589477539062,1244.8160400390625,123.73583984375,uvh26
22,17,3,bike,0.8756706714630127,760.2793579101562,228.25985717773438,797.9313354492188,279.4797058105469,779.1053466796875,253.86978149414062,uvh26
22,18,3,bike,0.856201171875,339.0105285644531,210.6110076904297,385.0135803222656,255.47164916992188,362.0120544433594,233.04132843017578,uvh26
22,19,8,auto,0.8000644445419312,808.9608154296875,259.95672607421875,894.4756469726562,355.6008605957031,851.7182312011719,307.77879333496094,uvh26
22,20,3,bike,0.7925935983657837,1085.253662109375,159.13426208496094,1121.8006591796875,206.69381713867188,1103.5271606445312,182.9140396118164,uvh26
22,21,3,bike,0.8725966215133667,818.6656494140625,179.13973999023438,855.29150390625,226.2806854248047,836.9785766601562,202.71021270751953,uvh26
22,22,3,bike,0.638192355632782,1101.6539306640625,143.04635620117188,1133.6510009765625,183.32498168945312,1117.6524658203125,163.1856689453125,uvh26
22,23,8,auto,0.5822941064834595,411.07720947265625,111.8283462524414,466.0108642578125,152.53684997558594,438.5440368652344,132.18259811401367,uvh26
22,24,3,bike,0.38512125611305237,1120.2255859375,83.09241485595703,1144.1319580078125,114.0323486328125,1132.1787719726562,98.56238174438477,uvh26
22,25,3,bike,0.6959126591682434,1327.6822509765625,14.529267311096191,1346.609619140625,44.09626770019531,1337.1459350585938,29.312767505645752,uvh26
22,26,3,bike,0.7751317620277405,994.9957885742188,133.85137939453125,1025.955322265625,173.8892364501953,1010.4755554199219,153.87030792236328,uvh26
22,27,3,bike,0.7317221760749817,869.40380859375,548.977294921875,943.7589721679688,626.1838989257812,906.5813903808594,587.5805969238281,uvh26
22,28,2,car,0.5869864821434021,1337.01318359375,62.309234619140625,1382.92333984375,100.52452850341797,1359.96826171875,81.4168815612793,uvh26
22,29,3,bike,0.8008654117584229,574.704345703125,219.34825134277344,626.6586303710938,264.62164306640625,600.6814880371094,241.98494720458984,uvh26
22,30,3,bike,0.3012982904911041,1335.9522705078125,0.7751361131668091,1349.219970703125,20.87504005432129,1342.5861206054688,10.825088083744049,uvh26
22,31,8,auto,0.754219651222229,1047.9769287109375,77.05925750732422,1083.920654296875,116.12639617919922,1065.9487915039062,96.59282684326172,uvh26
22,32,3,bike,0.7382904291152954,1190.6907958984375,53.16533660888672,1211.7164306640625,85.48587799072266,1201.20361328125,69.32560729980469,uvh26
22,33,2,car,0.7272466421127319,1259.157470703125,107.22079467773438,1318.5906982421875,158.1717529296875,1288.8740844726562,132.69627380371094,uvh26
22,34,3,bike,0.7756108045578003,703.5076904296875,295.01849365234375,748.1910400390625,349.5799255371094,725.849365234375,322.29920959472656,uvh26
22,35,8,auto,0.8545829057693481,900.9925537109375,123.18107604980469,947.6834106445312,168.0736541748047,924.3379821777344,145.6273651123047,uvh26
22,37,2,car,0.6580563187599182,1089.3839111328125,55.66260528564453,1137.8800048828125,88.26480102539062,1113.6319580078125,71.96370315551758,uvh26
22,40,2,car,0.5887836217880249,289.8658752441406,108.05046081542969,342.9857177734375,148.1423797607422,316.42579650878906,128.09642028808594,uvh26
22,42,3,bike,0.6591883301734924,257.0622863769531,81.82266235351562,276.429443359375,113.33939361572266,266.74586486816406,97.58102798461914,uvh26
22,45,2,car,0.3232709765434265,1075.8941650390625,104.19125366210938,1145.4996337890625,148.2198486328125,1110.6968994140625,126.20555114746094,uvh26
22,47,3,bike,0.707403302192688,1305.9482421875,190.828125,1347.937744140625,253.11749267578125,1326.9429931640625,221.97280883789062,uvh26
22,48,2,car,0.6194402575492859,1374.9136962890625,21.751008987426758,1417.29931640625,55.884315490722656,1396.1065063476562,38.81766223907471,uvh26
22,41,3,bike,0.7233630418777466,975.0516357421875,129.17543029785156,1003.5203247070312,165.6103515625,989.2859802246094,147.39289093017578,uvh26
22,58,3,bike,0.6961392760276794,683.65673828125,269.6513671875,720.3530883789062,319.7856750488281,702.0049133300781,294.71852111816406,uvh26
22,38,2,car,0.6584752798080444,1145.7802734375,167.0210723876953,1221.323486328125,219.93975830078125,1183.5518798828125,193.48041534423828,uvh26
22,95,2,car,0.3781841993331909,1337.0635986328125,62.65033721923828,1383.001220703125,101.06686401367188,1360.0324096679688,81.85860061645508,uvh26
22,77,3,bike,0.5975682139396667,1316.4022216796875,11.723997116088867,1336.9476318359375,40.236263275146484,1326.6749267578125,25.980130195617676,uvh26
22,92,3,bike,0.8020673990249634,629.0931396484375,304.7813415527344,683.1228637695312,360.0094299316406,656.1080017089844,332.3953857421875,uvh26
22,98,3,bike,0.49778977036476135,605.56640625,287.1373596191406,650.5415649414062,351.22674560546875,628.0539855957031,319.1820526123047,uvh26
22,139,2,car,0.5152223706245422,1074.332275390625,103.81326293945312,1144.106689453125,149.15013122558594,1109.219482421875,126.48169708251953,uvh26
22,89,3,bike,0.24098290503025055,279.87188720703125,88.98471069335938,297.5144348144531,120.86595916748047,288.6931610107422,104.92533493041992,uvh26
22,148,2,car,0.4442405104637146,289.0985107421875,108.30030822753906,343.7906188964844,147.99366760253906,316.44456481933594,128.14698791503906,uvh26
22,3,0,pedestrian,0.5591415762901306,1172.3563232421875,635.447998046875,1200.8792724609375,690.5069580078125,1186.6177978515625,662.9774780273438,coco_person
22,8,0,pedestrian,0.3299109935760498,1382.5067138671875,181.56309509277344,1399.0982666015625,212.51190185546875,1390.802490234375,197.0374984741211,coco_person
22,11,0,pedestrian,0.34314030408859253,1346.943603515625,187.86080932617188,1363.3104248046875,231.98268127441406,1355.1270141601562,209.92174530029297,coco_person
22,15,0,pedestrian,0.26658570766448975,1340.376708984375,187.55982971191406,1363.49169921875,233.04226684570312,1351.9342041015625,210.3010482788086,coco_person
22,38,0,pedestrian,0.2980416417121887,442.9574890136719,204.15728759765625,463.97332763671875,244.3668670654297,453.4654083251953,224.26207733154297,coco_person
22,123,0,pedestrian,0.30106547474861145,1265.448974609375,498.6806640625,1288.8150634765625,564.4241943359375,1277.1320190429688,531.5524291992188,coco_person
22,2,0,pedestrian,0.3383832275867462,957.8414306640625,220.7084197998047,983.6210327148438,260.72161865234375,970.7312316894531,240.71501922607422,coco_person
23,1,8,auto,0.9218308329582214,787.2636108398438,567.0259399414062,916.1039428710938,687.0104370117188,851.6837768554688,627.0181884765625,uvh26
23,2,8,auto,0.9287105798721313,1140.6890869140625,121.05859375,1187.4520263671875,169.0514678955078,1164.070556640625,145.0550308227539,uvh26
23,3,8,auto,0.902732253074646,201.2202606201172,161.35919189453125,260.900634765625,212.962646484375,231.0604476928711,187.16091918945312,uvh26
23,4,8,auto,0.9049068689346313,669.1324462890625,599.0805053710938,796.5421752929688,713.7931518554688,732.8373107910156,656.4368286132812,uvh26
23,5,8,auto,0.89681476354599,600.7702026367188,630.5374755859375,734.2180786132812,720.0,667.494140625,675.2687377929688,uvh26
23,6,8,auto,0.9111703634262085,970.787841796875,308.29840087890625,1043.183349609375,385.3085021972656,1006.985595703125,346.80345153808594,uvh26
23,7,3,bike,0.9002282619476318,969.33251953125,174.63514709472656,1006.686767578125,221.53785705566406,988.0096435546875,198.0865020751953,uvh26
23,8,3,bike,0.881218433380127,1034.978271484375,394.0634460449219,1105.466064453125,461.6432800292969,1070.22216796875,427.8533630371094,uvh26
23,10,3,bike,0.8423610925674438,150.850341796875,229.3596649169922,200.2923126220703,275.4122619628906,175.57132720947266,252.3859634399414,uvh26
23,12,3,bike,0.6831609010696411,224.7265167236328,109.94172668457031,245.58526611328125,144.99681091308594,235.15589141845703,127.46926879882812,uvh26
23,13,8,auto,0.8326737284660339,925.6390380859375,572.4696044921875,1045.5595703125,684.6409912109375,985.5993041992188,628.5552978515625,uvh26
23,14,8,auto,0.887818455696106,546.4815063476562,309.8540954589844,626.9360961914062,380.9908142089844,586.7088012695312,345.4224548339844,uvh26
23,15,3,bike,0.8476561903953552,886.689453125,180.197509765625,921.0042114257812,225.80162048339844,903.8468322753906,202.99956512451172,uvh26
23,16,2,car,0.6392895579338074,1213.6136474609375,102.05782318115234,1273.899658203125,146.62106323242188,1243.7566528320312,124.33944320678711,uvh26
23,17,3,bike,0.878442108631134,764.462890625,226.0825653076172,802.0299072265625,277.43511962890625,783.2463989257812,251.75884246826172,uvh26
23,18,3,bike,0.852427065372467,343.3729248046875,211.09361267089844,389.2352294921875,255.8847198486328,366.3040771484375,233.48916625976562,uvh26
23,19,8,auto,0.8098560571670532,806.8390502929688,260.6216735839844,892.8062744140625,356.74371337890625,849.8226623535156,308.6826934814453,uvh26
23,20,3,bike,0.7863667607307434,1084.22216796875,161.09779357910156,1119.796630859375,207.2808074951172,1102.0093994140625,184.18930053710938,uvh26
23,21,3,bike,0.8731942772865295,821.2062377929688,177.98907470703125,857.5343627929688,224.96942138671875,839.3703002929688,201.479248046875,uvh26
23,22,3,bike,0.5872915387153625,1099.486328125,142.9310302734375,1132.01904296875,183.6136932373047,1115.752685546875,163.2723617553711,uvh26
23,23,8,auto,0.49666640162467957,411.6380310058594,111.65581512451172,466.8491516113281,152.4904022216797,439.24359130859375,132.0731086730957,uvh26
23,24,3,bike,0.2968432307243347,1121.73291015625,81.40401458740234,1145.200927734375,112.4936294555664,1133.4669189453125,96.94882202148438,uvh26
23,25,3,bike,0.6975908279418945,1329.5380859375,13.948081970214844,1348.0699462890625,43.05447769165039,1338.8040161132812,28.501279830932617,uvh26
23,26,3,bike,0.8181211948394775,998.16455078125,133.29568481445312,1028.6517333984375,173.0722198486328,1013.4081420898438,153.18395233154297,uvh26
23,27,3,bike,0.7374567985534668,869.380859375,548.8475341796875,943.9864501953125,626.2188720703125,906.6836547851562,587.533203125,uvh26
23,28,2,car,0.5286673307418823,1335.5064697265625,62.76878356933594,1381.816650390625,101.38539123535156,1358.6615600585938,82.07708740234375,uvh26
23,29,3,bike,0.8154069185256958,577.328125,219.4813232421875,629.6278076171875,264.8631286621094,603.4779663085938,242.17222595214844,uvh26
23,30,3,bike,0.3474871516227722,1337.603271484375,1.4058420658111572,1350.4166259765625,20.3230037689209,1344.0099487304688,10.864422917366028,uvh26
23,31,8,auto,0.7711669206619263,1048.572021484375,76.34183502197266,1084.7723388671875,115.78713989257812,1066.6721801757812,96.06448745727539,uvh26
23,32,3,bike,0.7896639704704285,1191.565673828125,52.68952560424805,1212.6712646484375,85.0907974243164,1202.1184692382812,68.89016151428223,uvh26
23,33,2,car,0.7621601819992065,1257.16455078125,108.09131622314453,1316.93017578125,159.32618713378906,1287.04736328125,133.7087516784668,uvh26
23,34,3,bike,0.8658257126808167,701.4100952148438,294.4112854003906,745.8137817382812,348.6338806152344,723.6119384765625,321.5225830078125,uvh26
23,35,8,auto,0.8580697178840637,900.9323120117188,123.08029174804688,947.6406860351562,168.0496368408203,924.2864990234375,145.5649642944336,uvh26
23,37,2,car,0.6557336449623108,1089.2823486328125,55.62586212158203,1137.8701171875,88.27576446533203,1113.5762329101562,71.95081329345703,uvh26
23,40,2,car,0.49691081047058105,291.0027160644531,108.7239761352539,344.2397766113281,148.7622528076172,317.6212463378906,128.74311447143555,uvh26
23,42,3,bike,0.6847881078720093,257.9537048339844,81.89404296875,277.2715148925781,113.50524139404297,267.61260986328125,97.69964218139648,uvh26
23,45,2,car,0.30246180295944214,1077.705810546875,103.09422302246094,1147.6044921875,147.25970458984375,1112.6551513671875,125.17696380615234,uvh26
23,47,3,bike,0.6978382468223572,1305.97802734375,190.71168518066406,1347.8924560546875,253.04872131347656,1326.9352416992188,221.8802032470703,uvh26
23,48,2,car,0.583480954170227,1373.3848876953125,22.178956985473633,1416.3465576171875,56.6434326171875,1394.86572265625,39.411194801330566,uvh26
23,41,3,bike,0.7557817697525024,978.4227905273438,127.81517028808594,1006.7493286132812,164.20794677734375,992.5860595703125,146.01155853271484,uvh26
23,58,3,bike,0.7745945453643799,680.4390258789062,268.3411560058594,717.5194702148438,319.14385986328125,698.979248046875,293.7425079345703,uvh26
23,38,2,car,0.5612242221832275,1142.5921630859375,167.9413299560547,1218.8338623046875,221.33302307128906,1180.7130126953125,194.63717651367188,uvh26
23,95,2,car,0.4512660503387451,1335.5391845703125,63.02178955078125,1381.7071533203125,101.67813110351562,1358.6231689453125,82.34996032714844,uvh26
23,77,3,bike,0.5903221964836121,1321.069580078125,11.372610092163086,1342.1195068359375,39.93802261352539,1331.5945434570312,25.65531635284424,uvh26
23,92,3,bike,0.819287121295929,628.8515625,304.53668212890625,683.0953369140625,359.9970703125,655.9734497070312,332.2668762207031,uvh26
23,98,3,bike,0.3633616864681244,601.2817993164062,286.3121032714844,642.847412109375,345.1393737792969,622.0646057128906,315.7257385253906,uvh26
23,139,2,car,0.5228720903396606,1075.9888916015625,102.43185424804688,1146.6427001953125,148.3270263671875,1111.3157958984375,125.37944030761719,uvh26
23,89,3,bike,0.28366008400917053,281.5910949707031,90.22947692871094,298.4603576660156,120.6152572631836,290.0257263183594,105.42236709594727,uvh26
23,148,2,car,0.5967575907707214,290.0718078613281,108.93488311767578,344.7474060058594,148.60366821289062,317.40960693359375,128.7692756652832,uvh26
23,154,2,car,0.44308629631996155,1214.0084228515625,101.85946655273438,1273.5372314453125,146.80862426757812,1243.7728271484375,124.33404541015625,uvh26
23,155,8,auto,0.35279273986816406,392.7941589355469,108.96705627441406,426.6690368652344,145.7292938232422,409.7315979003906,127.34817504882812,uvh26
23,3,0,pedestrian,0.5541496872901917,1172.2952880859375,635.4122314453125,1200.851318359375,690.501953125,1186.5733032226562,662.9570922851562,coco_person
23,8,0,pedestrian,0.3110925853252411,1382.2535400390625,181.89471435546875,1399.086181640625,212.53622436523438,1390.6698608398438,197.21546936035156,coco_person
23,11,0,pedestrian,0.34710365533828735,1346.8970947265625,187.78469848632812,1363.3134765625,231.98277282714844,1355.1052856445312,209.88373565673828,coco_person
23,15,0,pedestrian,0.2798767387866974,1339.8863525390625,187.450439453125,1363.161865234375,233.01942443847656,1351.5241088867188,210.23493194580078,coco_person
23,38,0,pedestrian,0.28453153371810913,441.9018249511719,203.7400665283203,462.2708740234375,242.86497497558594,452.0863494873047,223.30252075195312,coco_person
23,123,0,pedestrian,0.36089256405830383,1264.4013671875,498.5854797363281,1286.9635009765625,562.3942260742188,1275.6824340820312,530.4898529052734,coco_person
23,2,0,pedestrian,0.3173099458217621,956.6901245117188,220.67771911621094,983.427978515625,260.6555480957031,970.0590515136719,240.66663360595703,coco_person
24,1,8,auto,0.9215025305747986,787.2879028320312,567.015380859375,916.146728515625,687.0371704101562,851.7173156738281,627.0262756347656,uvh26
24,2,8,auto,0.9275262951850891,1139.353271484375,121.47230529785156,1186.303955078125,169.63070678710938,1162.82861328125,145.55150604248047,uvh26
24,3,8,auto,0.9057657122612,201.3502197265625,161.6359405517578,260.7756652832031,213.00360107421875,231.0629425048828,187.31977081298828,uvh26
24,4,8,auto,0.9051355719566345,669.1708984375,599.092041015625,796.4974975585938,713.7301635742188,732.8341979980469,656.4111022949219,uvh26
24,5,8,auto,0.8965797424316406,600.7058715820312,630.4640502929688,734.2958984375,720.0,667.5008850097656,675.2320251464844,uvh26
24,6,8,auto,0.9168189167976379,967.7656860351562,308.5232849121094,1041.6531982421875,387.36566162109375,1004.7094421386719,347.94447326660156,uvh26
24,7,3,bike,0.8863374590873718,967.6400756835938,174.90487670898438,1005.0744018554688,221.74876403808594,986.3572387695312,198.32682037353516,uvh26
24,8,3,bike,0.8798398971557617,1033.8876953125,393.3550720214844,1104.125732421875,460.9672546386719,1069.0067138671875,427.1611633300781,uvh26
24,10,3,bike,0.857273519039154,146.03468322753906,228.6835174560547,196.1602325439453,275.4532775878906,171.0974578857422,252.06839752197266,uvh26
24,12,3,bike,0.7390881776809692,223.93124389648438,109.37107849121094,244.79400634765625,144.4237518310547,234.3626251220703,126.89741516113281,uvh26
24,13,8,auto,0.8328139185905457,925.5133666992188,572.478759765625,1045.59716796875,684.8934326171875,985.5552673339844,628.6860961914062,uvh26
24,14,8,auto,0.8844226002693176,543.6013793945312,309.4006042480469,623.669189453125,380.3749694824219,583.6352844238281,344.8877868652344,uvh26
24,15,3,bike,0.8283088207244873,891.145751953125,178.7945556640625,924.9736328125,223.8133087158203,908.0596923828125,201.3039321899414,uvh26
24,16,2,car,0.7431559562683105,1212.029052734375,102.49497985839844,1272.3824462890625,147.14097595214844,1242.2057495117188,124.81797790527344,uvh26
24,17,3,bike,0.8881337642669678,768.840576171875,225.0054931640625,805.8145141601562,275.7502746582031,787.3275451660156,250.3778839111328,uvh26
24,18,3,bike,0.8519538640975952,347.6004333496094,210.52691650390625,394.380859375,256.3639221191406,370.9906463623047,233.44541931152344,uvh26
24,19,8,auto,0.8150238990783691,804.86181640625,261.3748474121094,891.4081420898438,358.1808166503906,848.1349792480469,309.77783203125,uvh26
24,20,3,bike,0.8053539395332336,1083.2164306640625,162.51608276367188,1117.9827880859375,207.52047729492188,1100.599609375,185.01828002929688,uvh26
24,21,3,bike,0.857221782207489,823.903076171875,177.0126495361328,860.2625122070312,224.1254119873047,842.0827941894531,200.56903076171875,uvh26
24,22,3,bike,0.6962212324142456,1097.957763671875,143.30197143554688,1131.208251953125,184.86471557617188,1114.5830078125,164.08334350585938,uvh26
24,23,8,auto,0.47148317098617554,412.23419189453125,111.72918701171875,467.4620056152344,152.43023681640625,439.8480987548828,132.0797119140625,uvh26
24,24,3,bike,0.21436865627765656,1123.9482421875,80.45684814453125,1148.0863037109375,112.72913360595703,1136.0172729492188,96.59299087524414,uvh26
24,25,3,bike,0.6886073350906372,1331.31591796875,13.845183372497559,1349.6260986328125,42.748111724853516,1340.4710083007812,28.296647548675537,uvh26
24,26,3,bike,0.8223438858985901,1001.4695434570312,132.0345458984375,1031.87353515625,172.05442810058594,1016.6715393066406,152.04448699951172,uvh26
24,27,3,bike,0.7376402020454407,869.2035522460938,548.8978271484375,943.7582397460938,626.1456909179688,906.4808959960938,587.5217590332031,uvh26
24,29,3,bike,0.7971032857894897,579.0911254882812,220.160888671875,630.86865234375,265.193115234375,604.9798889160156,242.677001953125,uvh26
24,30,3,bike,0.2719174027442932,1338.6793212890625,1.9999940395355225,1351.15771484375,19.928495407104492,1344.9185180664062,10.964244723320007,uvh26
24,31,8,auto,0.8201379776000977,1049.160400390625,76.07315826416016,1085.38525390625,115.58653259277344,1067.2728271484375,95.8298454284668,uvh26
24,32,3,bike,0.7933130264282227,1192.66455078125,52.68260955810547,1213.4212646484375,84.2416000366211,1203.0429077148438,68.46210479736328,uvh26
24,33,2,car,0.8258851766586304,1254.977294921875,108.92708587646484,1314.9815673828125,160.34837341308594,1284.9794311523438,134.6377296447754,uvh26
24,34,3,bike,0.8220499753952026,699.1328125,294.0583801269531,743.5905151367188,348.3895568847656,721.3616638183594,321.2239685058594,uvh26
24,35,8,auto,0.8574973940849304,900.94921875,123.0476303100586,947.625,168.05599975585938,924.287109375,145.55181503295898,uvh26
24,37,2,car,0.639994740486145,1089.2353515625,55.7170524597168,1137.962890625,88.43965911865234,1113.59912109375,72.07835578918457,uvh26
24,40,2,car,0.5512834787368774,292.1462097167969,109.6612548828125,345.0311584472656,149.28466796875,318.58868408203125,129.47296142578125,uvh26
24,42,3,bike,0.7310373783111572,259.298828125,82.5732192993164,278.63885498046875,114.49838256835938,268.9688415527344,98.53580093383789,uvh26
24,45,2,car,0.42313069105148315,1078.85498046875,102.04305267333984,1149.8668212890625,146.9426727294922,1114.3609008789062,124.49286270141602,uvh26
24,47,3,bike,0.6316400170326233,1306.115478515625,190.48880004882812,1348.1143798828125,253.06484985351562,1327.1149291992188,221.77682495117188,uvh26
24,48,2,car,0.7068044543266296,1372.322021484375,22.994098663330078,1415.279052734375,57.30960464477539,1393.800537109375,40.151851654052734,uvh26
24,41,3,bike,0.8071142435073853,981.4768676757812,126.34028625488281,1010.1326293945312,163.36224365234375,995.8047485351562,144.85126495361328,uvh26
24,58,3,bike,0.6259370446205139,677.705810546875,266.9568786621094,715.0941162109375,318.27545166015625,696.3999633789062,292.6161651611328,uvh26
24,38,2,car,0.4804624915122986,1140.175048828125,169.1066436767578,1216.650634765625,222.65924072265625,1178.412841796875,195.88294219970703,uvh26
24,77,3,bike,0.46899735927581787,1323.194580078125,10.791704177856445,1344.566650390625,39.24067687988281,1333.880615234375,25.01619052886963,uvh26
24,92,3,bike,0.7545769810676575,627.5346069335938,304.3017883300781,681.8070678710938,359.85430908203125,654.6708374023438,332.0780487060547,uvh26
24,98,3,bike,0.35271576046943665,596.58642578125,285.9382629394531,639.6367797851562,346.5986633300781,618.1116027832031,316.2684631347656,uvh26
24,139,2,car,0.4481036067008972,1077.8583984375,101.52352905273438,1148.7108154296875,147.53273010253906,1113.2846069335938,124.52812957763672,uvh26
24,89,3,bike,0.525393545627594,282.23529052734375,89.26354217529297,299.6286926269531,120.54518127441406,290.93199157714844,104.90436172485352,uvh26
24,148,2,car,0.5473816394805908,291.45855712890625,110.21875762939453,345.19512939453125,149.1772918701172,318.32684326171875,129.69802474975586,uvh26
24,155,8,auto,0.33044081926345825,392.9263000488281,109.17507934570312,426.57940673828125,145.7005615234375,409.7528533935547,127.43782043457031,uvh26
24,3,0,pedestrian,0.561166524887085,1172.440673828125,635.5442504882812,1200.9410400390625,690.5772094726562,1186.6908569335938,663.0607299804688,coco_person
24,8,0,pedestrian,0.296355664730072,1381.5306396484375,182.23345947265625,1398.987548828125,213.4615936279297,1390.2590942382812,197.84752655029297,coco_person
24,11,0,pedestrian,0.3467544615268707,1346.8734130859375,187.8295440673828,1363.36474609375,232.21762084960938,1355.1190795898438,210.0235824584961,coco_person
24,15,0,pedestrian,0.2903677523136139,1339.53076171875,187.44091796875,1362.9808349609375,233.09886169433594,1351.2557983398438,210.26988983154297,coco_person
24,38,0,pedestrian,0.3161628246307373,440.8255310058594,204.19032287597656,461.6562805175781,244.05125427246094,451.24090576171875,224.12078857421875,coco_person
24,123,0,pedestrian,0.38487985730171204,1260.215576171875,497.17694091796875,1284.711669921875,566.27001953125,1272.463623046875,531.7234802246094,coco_person
24,2,0,pedestrian,0.3184993267059326,953.2771606445312,220.49893188476562,980.3280639648438,260.60809326171875,966.8026123046875,240.5535125732422,coco_person
24,4,0,pedestrian,0.2715126872062683,1377.420166015625,207.21572875976562,1395.549560546875,253.19903564453125,1386.48486328125,230.20738220214844,coco_person
25,1,8,auto,0.9213454723358154,787.3096313476562,567.0711669921875,916.1238403320312,687.0565795898438,851.7167358398438,627.0638732910156,uvh26
25,2,8,auto,0.9293501377105713,1138.0155029296875,121.96286010742188,1185.00537109375,170.02830505371094,1161.5104370117188,145.9955825805664,uvh26
25,3,8,auto,0.9079942107200623,201.2264862060547,161.6797332763672,260.6913146972656,213.0743408203125,230.95890045166016,187.37703704833984,uvh26
25,4,8,auto,0.9035038948059082,669.2263793945312,599.0327758789062,796.547607421875,713.6631469726562,732.8869934082031,656.3479614257812,uvh26
25,5,8,auto,0.8953733444213867,600.7000122070312,630.5261840820312,734.2378540039062,720.0,667.4689331054688,675.2630920410156,uvh26
25,6,8,auto,0.9281188249588013,964.7266235351562,308.8709411621094,1039.6373291015625,389.0431213378906,1002.1819763183594,348.95703125,uvh26
25,7,3,bike,0.8782415986061096,966.284912109375,175.08685302734375,1003.8070678710938,221.77020263671875,985.0459899902344,198.42852783203125,uvh26
25,8,3,bike,0.8771160244941711,1032.5958251953125,392.72772216796875,1102.6435546875,460.379150390625,1067.6196899414062,426.5534362792969,uvh26
25,10,3,bike,0.8205674886703491,141.38531494140625,228.55319213867188,191.78875732421875,275.684814453125,166.5870361328125,252.11900329589844,uvh26
25,12,3,bike,0.6754773855209351,223.19566345214844,109.04823303222656,244.11325073242188,144.19602966308594,233.65445709228516,126.62213134765625,uvh26
25,13,8,auto,0.8298934102058411,925.658203125,572.5106811523438,1045.4720458984375,684.7130126953125,985.5651245117188,628.6118469238281,uvh26
25,14,8,auto,0.845475435256958,540.4984130859375,309.57537841796875,619.78466796875,379.8436279296875,580.1415405273438,344.7095031738281,uvh26
25,15,3,bike,0.8555062413215637,895.4049072265625,177.41973876953125,929.01123046875,222.2216339111328,912.2080688476562,199.82068634033203,uvh26
25,16,2,car,0.7459973096847534,1211.2152099609375,102.95286560058594,1271.8143310546875,147.8137969970703,1241.5147705078125,125.38333129882812,uvh26
25,17,3,bike,0.873782217502594,772.9241943359375,223.87222290039062,809.4498291015625,274.08282470703125,791.18701171875,248.97752380371094,uvh26
25,18,3,bike,0.8694384098052979,351.6936950683594,210.49708557128906,398.5130615234375,256.4313659667969,375.10337829589844,233.46422576904297,uvh26
25,19,8,auto,0.8435983061790466,802.350830078125,262.6546325683594,889.2848510742188,359.9583435058594,845.8178405761719,311.3064880371094,uvh26
25,20,3,bike,0.7901942133903503,1082.0025634765625,162.8675079345703,1116.706298828125,207.72804260253906,1099.3544311523438,185.2977752685547,uvh26
25,21,3,bike,0.8631807565689087,826.735107421875,176.88018798828125,862.435546875,223.14288330078125,844.5853271484375,200.01153564453125,uvh26
25,22,3,bike,0.6515385508537292,1096.4638671875,143.78611755371094,1129.945068359375,185.4622039794922,1113.2044677734375,164.62416076660156,uvh26
25,23,8,auto,0.45724236965179443,412.4844055175781,111.73014831542969,467.8836364746094,152.39663696289062,440.18402099609375,132.06339263916016,uvh26
25,25,3,bike,0.6508951783180237,1332.864990234375,13.082172393798828,1351.28564453125,42.359004974365234,1342.0753173828125,27.72058868408203,uvh26
25,26,3,bike,0.8308653831481934,1005.2457275390625,131.35287475585938,1035.2225341796875,171.0720977783203,1020.234130859375,151.21248626708984,uvh26
25,27,3,bike,0.7164078950881958,868.9961547851562,548.9694213867188,943.66943359375,626.3114624023438,906.3327941894531,587.6404418945312,uvh26
25,29,3,bike,0.8024031519889832,582.48583984375,221.12071228027344,633.786376953125,265.4058837890625,608.1361083984375,243.26329803466797,uvh26
25,31,8,auto,0.846287727355957,1049.787353515625,75.6762924194336,1086.12109375,115.30806732177734,1067.9542236328125,95.49217987060547,uvh26
25,32,3,bike,0.7668266296386719,1193.8280029296875,52.36185073852539,1214.4954833984375,83.320556640625,1204.1617431640625,67.8412036895752,uvh26
25,33,2,car,0.8116388320922852,1252.8809814453125,109.76307678222656,1313.40380859375,161.47630310058594,1283.1423950195312,135.61968994140625,uvh26
25,34,3,bike,0.7913480997085571,697.1388549804688,293.26116943359375,741.36181640625,347.3731689453125,719.2503356933594,320.3171691894531,uvh26
25,35,8,auto,0.8572256565093994,900.9678344726562,123.04422760009766,947.5663452148438,168.03831481933594,924.26708984375,145.5412712097168,uvh26
25,37,2,car,0.6484529376029968,1089.173828125,55.74612808227539,1137.99658203125,88.53723907470703,1113.585205078125,72.14168357849121,uvh26
25,40,2,car,0.5041124820709229,292.9645690917969,110.72544860839844,345.7290954589844,150.0909423828125,319.3468322753906,130.40819549560547,uvh26
25,42,3,bike,0.4718998074531555,260.1240539550781,83.12210083007812,279.7671203613281,115.8602066040039,269.9455871582031,99.49115371704102,uvh26
25,45,2,car,0.5543019771575928,1081.1470947265625,101.00198364257812,1151.9024658203125,145.752685546875,1116.5247802734375,123.37733459472656,uvh26
25,47,3,bike,0.6270439624786377,1306.1826171875,190.25645446777344,1348.2818603515625,253.09237670898438,1327.2322387695312,221.6744155883789,uvh26
25,48,2,car,0.6983395218849182,1371.27490234375,23.628175735473633,1414.3314208984375,57.866764068603516,1392.8031616210938,40.747469902038574,uvh26
25,41,3,bike,0.8037295341491699,984.894775390625,125.25912475585938,1013.6930541992188,162.46621704101562,999.2939147949219,143.8626708984375,uvh26
25,58,3,bike,0.76060950756073,674.859375,265.9727783203125,712.4158325195312,317.759521484375,693.6376037597656,291.86614990234375,uvh26
25,38,2,car,0.609768807888031,1137.8006591796875,170.46856689453125,1214.39990234375,224.0358428955078,1176.1002807617188,197.25220489501953,uvh26
25,77,3,bike,0.5609038472175598,1323.9556884765625,9.958142280578613,1345.518310546875,38.44197463989258,1334.7369995117188,24.200058460235596,uvh26
25,92,3,bike,0.731468141078949,626.0032348632812,304.0281982421875,680.037109375,359.502685546875,653.0201721191406,331.76544189453125,uvh26
25,98,3,bike,0.4020030200481415,593.3270874023438,285.5325927734375,636.38330078125,345.8833923339844,614.8551940917969,315.70799255371094,uvh26
25,89,3,bike,0.39490067958831787,283.2227783203125,89.89090728759766,300.45941162109375,120.90396881103516,291.8410949707031,105.3974380493164,uvh26
25,148,2,car,0.5771163702011108,292.150390625,111.33709716796875,345.5439453125,150.0123291015625,318.84716796875,130.67471313476562,uvh26
25,155,8,auto,0.3264823853969574,392.9391174316406,109.24556732177734,426.7405090332031,145.94503784179688,409.8398132324219,127.59530258178711,uvh26
25,163,2,car,0.41837024688720703,1137.6021728515625,169.94801330566406,1215.775634765625,223.8049774169922,1176.6889038085938,196.87649536132812,uvh26
25,165,3,bike,0.3841971158981323,1126.8819580078125,83.6543197631836,1164.6881103515625,121.4486083984375,1145.7850341796875,102.55146408081055,uvh26
25,28,2,car,0.70655757188797,1332.767578125,64.25126647949219,1379.6689453125,103.39413452148438,1356.21826171875,83.82270050048828,uvh26
25,3,0,pedestrian,0.5538368821144104,1172.4688720703125,635.6796264648438,1200.9053955078125,690.57177734375,1186.6871337890625,663.1257019042969,coco_person
25,8,0,pedestrian,0.2727660536766052,1381.103515625,182.32952880859375,1399.0230712890625,213.9451141357422,1390.0632934570312,198.13732147216797,coco_person
25,11,0,pedestrian,0.32961609959602356,1346.8128662109375,187.8737335205078,1363.380615234375,232.42771911621094,1355.0967407226562,210.15072631835938,coco_person
25,38,0,pedestrian,0.3806166350841522,439.80255126953125,204.11367797851562,460.7816162109375,244.02883911132812,450.2920837402344,224.07125854492188,coco_person
25,123,0,pedestrian,0.49211758375167847,1258.9398193359375,495.7066650390625,1284.516845703125,568.0299682617188,1271.7283325195312,531.8683166503906,coco_person
25,2,0,pedestrian,0.3255053758621216,951.1739501953125,220.45208740234375,978.15283203125,260.2084045410156,964.6633911132812,240.3302459716797,coco_person
25,4,0,pedestrian,0.33812248706817627,1377.9600830078125,207.9764862060547,1395.9732666015625,253.0211944580078,1386.9666748046875,230.49884033203125,coco_person
26,1,8,auto,0.922174870967865,787.33447265625,567.280029296875,916.0318603515625,687.13525390625,851.6831665039062,627.2076416015625,uvh26
26,2,8,auto,0.9314764738082886,1137.1318359375,122.88204956054688,1184.037353515625,170.63055419921875,1160.5845947265625,146.7563018798828,uvh26
26,3,8,auto,0.9070703387260437,201.1959686279297,161.6837158203125,260.75439453125,213.1679229736328,230.97518157958984,187.42581939697266,uvh26
26,4,8,auto,0.9046647548675537,669.2159423828125,599.0625,796.6321411132812,713.7891235351562,732.9240417480469,656.4258117675781,uvh26
26,5,8,auto,0.8979713916778564,600.689208984375,630.548828125,734.232421875,720.0,667.4608154296875,675.2744140625,uvh26
26,6,8,auto,0.9232308864593506,961.7012939453125,309.0009765625,1037.4683837890625,390.36688232421875,999.5848388671875,349.6839294433594,uvh26
26,7,3,bike,0.8574828505516052,964.1179809570312,175.43690490722656,1001.9478759765625,222.14035034179688,983.0329284667969,198.78862762451172,uvh26
26,8,3,bike,0.8770614862442017,1031.14697265625,392.3471984863281,1100.93115234375,459.8728942871094,1066.0390625,426.11004638671875,uvh26
26,10,3,bike,0.8547415733337402,137.50436401367188,228.48716735839844,187.6687774658203,275.6309509277344,162.5865707397461,252.0590591430664,uvh26
26,12,3,bike,0.7383779287338257,222.62864685058594,108.52115631103516,243.38912963867188,143.2945098876953,233.0088882446289,125.90783309936523,uvh26
26,13,8,auto,0.8268097043037415,925.7353515625,572.5693969726562,1045.2850341796875,684.5452880859375,985.5101928710938,628.5573425292969,uvh26
26,14,8,auto,0.8399694561958313,537.6646118164062,309.14886474609375,616.7005004882812,379.224609375,577.1825561523438,344.1867370605469,uvh26
26,15,3,bike,0.853286623954773,899.3502807617188,175.3966522216797,933.265380859375,220.6991729736328,916.3078308105469,198.04791259765625,uvh26
26,16,2,car,0.6467593908309937,1209.581298828125,103.27418518066406,1270.4071044921875,148.3912353515625,1239.9942016601562,125.83271026611328,uvh26
26,17,3,bike,0.8693406581878662,776.9196166992188,222.35336303710938,813.2621459960938,272.4610900878906,795.0908813476562,247.4072265625,uvh26
26,18,3,bike,0.8660663962364197,356.06036376953125,211.00390625,403.0333251953125,257.214599609375,379.5468444824219,234.1092529296875,uvh26
26,19,8,auto,0.8490548133850098,800.4578857421875,263.78558349609375,887.0379028320312,360.6227111816406,843.7478942871094,312.2041473388672,uvh26
26,20,3,bike,0.7900923490524292,1078.7125244140625,156.6621551513672,1117.973876953125,208.18902587890625,1098.3432006835938,182.42559051513672,uvh26
26,21,3,bike,0.8783632516860962,829.2859497070312,176.62295532226562,864.5061645507812,222.34841918945312,846.8960571289062,199.48568725585938,uvh26
26,22,3,bike,0.3838498890399933,1093.6600341796875,144.75047302246094,1127.696533203125,186.30406188964844,1110.6782836914062,165.5272674560547,uvh26
26,23,8,auto,0.4714299738407135,412.8463439941406,111.82628631591797,468.2315673828125,152.39186096191406,440.53895568847656,132.10907363891602,uvh26
26,25,3,bike,0.6241056323051453,1334.765380859375,12.128744125366211,1352.9876708984375,41.29969024658203,1343.8765258789062,26.71421718597412,uvh26
26,26,3,bike,0.8079643845558167,1008.3111572265625,130.1217041015625,1038.2906494140625,170.18931579589844,1023.3009033203125,150.15550994873047,uvh26
26,27,3,bike,0.7103985548019409,868.892822265625,549.0982666015625,943.556640625,626.410400390625,906.2247314453125,587.7543334960938,uvh26
26,29,3,bike,0.8129031658172607,585.3519287109375,221.49998474121094,636.8797607421875,265.68365478515625,611.1158447265625,243.5918197631836,uvh26
26,31,8,auto,0.8323930501937866,1050.4207763671875,75.26995086669922,1086.815673828125,114.96835327148438,1068.6182250976562,95.1191520690918,uvh26
26,32,3,bike,0.6623079776763916,1194.4808349609375,51.74977493286133,1215.656494140625,82.83429718017578,1205.0686645507812,67.29203605651855,uvh26
26,33,2,car,0.8641460537910461,1250.383544921875,110.58592224121094,1310.9580078125,162.32904052734375,1280.6707763671875,136.45748138427734,uvh26
26,34,3,bike,0.7648725509643555,694.1860961914062,292.7778015136719,738.2717895507812,346.7976379394531,716.2289428710938,319.7877197265625,uvh26
26,35,8,auto,0.860515832901001,900.9202880859375,123.04022216796875,947.4655151367188,168.02114868164062,924.1929016113281,145.5306854248047,uvh26
26,37,2,car,0.6442868113517761,1089.2176513671875,55.77699661254883,1138.009765625,88.53602600097656,1113.6137084960938,72.1565113067627,uvh26
26,40,2,car,0.559933066368103,293.951416015625,111.67574310302734,346.844970703125,150.97702026367188,320.398193359375,131.3263816833496,uvh26
26,42,3,bike,0.5783964395523071,260.9451599121094,83.35574340820312,280.66168212890625,116.40221405029297,270.8034210205078,99.87897872924805,uvh26
26,45,2,car,0.5911397933959961,1083.5396728515625,100.10633087158203,1154.1065673828125,144.7521209716797,1118.8231201171875,122.42922592163086,uvh26
26,47,3,bike,0.5520616173744202,1306.2374267578125,190.12091064453125,1348.40380859375,253.1315155029297,1327.3206176757812,221.62621307373047,uvh26
26,48,2,car,0.6387073993682861,1370.1663818359375,24.351806640625,1413.4620361328125,58.593753814697266,1391.814208984375,41.47278022766113,uvh26
26,41,3,bike,0.7801172733306885,988.2020874023438,124.35665130615234,1016.823974609375,161.3389892578125,1002.5130310058594,142.84782028198242,uvh26
26,58,3,bike,0.7704398036003113,672.2120361328125,265.68701171875,709.6402587890625,317.1639404296875,690.9261474609375,291.42547607421875,uvh26
26,38,2,car,0.6234171986579895,1135.0533447265625,171.34388732910156,1212.081298828125,225.21583557128906,1173.5673217773438,198.2798614501953,uvh26
26,77,3,bike,0.5760835409164429,1323.4542236328125,9.285533905029297,1344.1966552734375,37.124603271484375,1333.825439453125,23.205068588256836,uvh26
26,92,3,bike,0.8306090235710144,624.34130859375,303.9673767089844,677.8463745117188,358.8839111328125,651.0938415527344,331.42564392089844,uvh26
26,98,3,bike,0.427442342042923,590.360107421875,285.24951171875,635.080322265625,347.60101318359375,612.72021484375,316.4252624511719,uvh26
26,89,3,bike,0.33413565158843994,283.56561279296875,89.84233093261719,301.4095153808594,122.11457824707031,292.48756408691406,105.97845458984375,uvh26
26,148,2,car,0.5454684495925903,293.1930847167969,112.1960678100586,346.4870910644531,150.74795532226562,319.840087890625,131.4720115661621,uvh26
26,155,8,auto,0.3477782607078552,392.8387756347656,109.46060943603516,426.6803283691406,146.2305145263672,409.7595520019531,127.84556198120117,uvh26
26,163,2,car,0.4456186890602112,1136.14501953125,172.24984741210938,1212.452392578125,224.80697631835938,1174.2987060546875,198.52841186523438,uvh26
26,165,3,bike,0.3278299868106842,1127.63427734375,83.2215576171875,1165.80810546875,121.4944839477539,1146.72119140625,102.3580207824707,uvh26
26,172,2,car,0.5461380481719971,1209.7694091796875,102.79371643066406,1270.8470458984375,148.9341278076172,1240.3082275390625,125.86392211914062,uvh26
26,28,2,car,0.7383219003677368,1331.4215087890625,65.09593963623047,1378.60546875,104.52227020263672,1355.0134887695312,84.8091049194336,uvh26
26,3,0,pedestrian,0.5541658401489258,1172.5299072265625,635.69921875,1200.9642333984375,690.6009521484375,1186.7470703125,663.1500854492188,coco_person
26,8,0,pedestrian,0.26048800349235535,1380.587890625,182.33535766601562,1398.9188232421875,214.1957550048828,1389.7533569335938,198.26555633544922,coco_person
26,11,0,pedestrian,0.3343992233276367,1346.699462890625,187.97225952148438,1363.1942138671875,232.42398071289062,1354.9468383789062,210.1981201171875,coco_person
26,38,0,pedestrian,0.24755914509296417,438.03619384765625,204.62814331054688,458.81854248046875,244.05398559570312,448.4273681640625,224.341064453125,coco_person
26,123,0,pedestrian,0.46475911140441895,1257.327880859375,494.67071533203125,1283.539306640625,568.5075073242188,1270.43359375,531.589111328125,coco_person
26,2,0,pedestrian,0.3958132565021515,948.2237548828125,220.5542755126953,974.7189331054688,260.37982177734375,961.4713439941406,240.46704864501953,coco_person
26,4,0,pedestrian,0.33196327090263367,1377.5916748046875,207.997802734375,1395.623779296875,252.81883239746094,1386.6077270507812,230.40831756591797,coco_person
27,1,8,auto,0.9213640689849854,787.3645629882812,567.24609375,916.1278076171875,687.1734619140625,851.7461853027344,627.2097778320312,uvh26
27,2,8,auto,0.9365860819816589,1135.9969482421875,123.3067855834961,1182.9033203125,170.8649444580078,1159.4501342773438,147.08586502075195,uvh26
27,3,8,auto,0.907339334487915,201.07373046875,161.71231079101562,260.57171630859375,213.14077758789062,230.82272338867188,187.42654418945312,uvh26
27,4,8,auto,0.9049169421195984,669.2263793945312,599.1016845703125,796.6360473632812,713.8372192382812,732.9312133789062,656.4694519042969,uvh26
27,5,8,auto,0.8964170217514038,600.7047729492188,630.5562744140625,734.28369140625,720.0,667.4942321777344,675.2781372070312,uvh26
27,6,8,auto,0.9140905141830444,958.9793701171875,310.1133117675781,1034.70556640625,391.569580078125,996.8424682617188,350.84144592285156,uvh26
27,7,3,bike,0.8486539125442505,962.2970581054688,175.83413696289062,1000.3360595703125,222.69583129882812,981.3165588378906,199.26498413085938,uvh26
27,8,3,bike,0.8868496417999268,1029.79150390625,391.8628234863281,1099.0838623046875,459.121337890625,1064.4376831054688,425.49208068847656,uvh26
27,10,3,bike,0.8219802975654602,132.232421875,226.52134704589844,183.9972686767578,275.5328674316406,158.1148452758789,251.02710723876953,uvh26
27,12,3,bike,0.6489603519439697,221.4788055419922,108.05069732666016,242.1564178466797,142.59988403320312,231.81761169433594,125.32529067993164,uvh26
27,13,8,auto,0.8248454332351685,925.7753295898438,572.5170288085938,1045.2396240234375,684.4364624023438,985.5074768066406,628.4767456054688,uvh26
27,14,8,auto,0.8506314754486084,534.396240234375,307.98687744140625,613.6377563476562,378.3203430175781,574.0169982910156,343.1536102294922,uvh26
27,15,3,bike,0.8509206175804138,903.7059936523438,174.33981323242188,937.145263671875,219.00233459472656,920.4256286621094,196.67107391357422,uvh26
27,16,2,car,0.5118345618247986,1208.361572265625,103.84542083740234,1269.582275390625,149.3355712890625,1238.971923828125,126.59049606323242,uvh26
27,17,3,bike,0.8543915152549744,780.7088012695312,221.02635192871094,816.7739868164062,270.8315124511719,798.7413940429688,245.9289321899414,uvh26
27,18,3,bike,0.8989976048469543,360.6742858886719,212.15249633789062,406.6446838378906,257.3314514160156,383.65948486328125,234.74197387695312,uvh26
27,19,8,auto,0.7997048497200012,798.0787353515625,264.41937255859375,885.1255493164062,361.8647766113281,841.6021423339844,313.14207458496094,uvh26
27,20,3,bike,0.7953197360038757,1077.3070068359375,156.4546661376953,1116.7257080078125,208.66201782226562,1097.016357421875,182.55834197998047,uvh26
27,21,3,bike,0.8582174777984619,831.7847900390625,176.17831420898438,866.692138671875,221.47702026367188,849.2384643554688,198.82766723632812,uvh26
27,22,3,bike,0.5621470808982849,1092.67138671875,145.10267639160156,1126.5926513671875,186.0700225830078,1109.6320190429688,165.5863494873047,uvh26
27,23,8,auto,0.5384106636047363,412.5331726074219,111.83649444580078,467.9458923339844,152.3217010498047,440.2395324707031,132.07909774780273,uvh26
27,25,3,bike,0.5825755000114441,1335.943359375,10.884384155273438,1354.049560546875,40.00728225708008,1344.9964599609375,25.445833206176758,uvh26
27,26,3,bike,0.8095614910125732,1011.6793823242188,128.85328674316406,1041.2825927734375,168.64013671875,1026.4809875488281,148.74671173095703,uvh26
27,27,3,bike,0.7123569250106812,868.6446533203125,549.0322875976562,943.3759765625,626.4132690429688,906.0103149414062,587.7227783203125,uvh26
27,29,3,bike,0.8436048030853271,588.0042724609375,220.79977416992188,641.1099243164062,265.9927062988281,614.5570983886719,243.396240234375,uvh26
27,31,8,auto,0.8563408851623535,1051.1240234375,74.89064025878906,1087.57666015625,114.63410949707031,1069.350341796875,94.76237487792969,uvh26
27,32,3,bike,0.6512643694877625,1195.8619384765625,50.83431625366211,1217.5218505859375,82.27143096923828,1206.69189453125,66.5528736114502,uvh26
27,33,2,car,0.8761076331138611,1248.5780029296875,111.41759490966797,1309.1971435546875,163.1441192626953,1278.8875732421875,137.28085708618164,uvh26
27,34,3,bike,0.8444111347198486,692.0884399414062,292.5144958496094,736.4099731445312,347.0312805175781,714.2492065429688,319.77288818359375,uvh26
27,35,8,auto,0.855948269367218,900.9113159179688,123.02910614013672,947.3877563476562,167.96324157714844,924.1495361328125,145.49617385864258,uvh26
27,37,2,car,0.6535746455192566,1089.2335205078125,55.71371078491211,1137.9554443359375,88.41902160644531,1113.594482421875,72.06636619567871,uvh26
27,40,2,car,0.5685856342315674,294.6554870605469,112.19511413574219,348.0143737792969,151.70974731445312,321.3349304199219,131.95243072509766,uvh26
27,42,3,bike,0.5676741003990173,262.40167236328125,83.39025115966797,281.72332763671875,115.83438873291016,272.0625,99.61231994628906,uvh26
27,45,2,car,0.6772260069847107,1085.926513671875,98.96177673339844,1156.8607177734375,143.8074493408203,1121.3936157226562,121.38461303710938,uvh26
27,47,3,bike,0.5182641744613647,1306.0755615234375,189.365234375,1348.660400390625,253.1526641845703,1327.3679809570312,221.25894927978516,uvh26
27,48,2,car,0.5618835687637329,1368.81201171875,24.923429489135742,1412.413818359375,59.20852279663086,1390.6129150390625,42.0659761428833,uvh26
27,41,3,bike,0.8405529260635376,991.771728515625,123.34447479248047,1019.9926147460938,159.82818603515625,1005.8821716308594,141.58633041381836,uvh26
27,58,3,bike,0.8075131177902222,668.8417358398438,264.89605712890625,706.237548828125,316.3849182128906,687.5396423339844,290.64048767089844,uvh26
27,38,2,car,0.5829516053199768,1132.073974609375,171.99130249023438,1210.0081787109375,226.55711364746094,1171.0410766601562,199.27420806884766,uvh26
27,77,3,bike,0.5594099164009094,1324.61279296875,8.687887191772461,1344.773681640625,35.9842643737793,1334.6932373046875,22.33607578277588,uvh26
27,92,3,bike,0.8346239328384399,622.78173828125,303.4696044921875,676.0726928710938,358.317138671875,649.4272155761719,330.89337158203125,uvh26
27,98,3,bike,0.41310736536979675,587.6491088867188,284.7884216308594,632.0432739257812,346.1475524902344,609.84619140625,315.4679870605469,uvh26
27,89,3,bike,0.36537352204322815,284.07293701171875,89.96624755859375,302.0111083984375,122.50312042236328,293.0420227050781,106.23468399047852,uvh26
27,148,2,car,0.528443455696106,294.21954345703125,112.4800033569336,347.7419128417969,151.13526916503906,320.98072814941406,131.80763626098633,uvh26
27,155,8,auto,0.3504179120063782,392.7552185058594,109.34349822998047,426.8642272949219,146.43443298339844,409.8097229003906,127.88896560668945,uvh26
27,163,2,car,0.4203867018222809,1133.192138671875,173.55142211914062,1209.9605712890625,226.42250061035156,1171.5763549804688,199.9869613647461,uvh26
27,165,3,bike,0.30008363723754883,1128.9127197265625,82.3083267211914,1166.747314453125,120.45819091796875,1147.8300170898438,101.38325881958008,uvh26
27,172,2,car,0.7431982755661011,1209.4029541015625,103.82109069824219,1269.62060546875,149.3212890625,1239.5117797851562,126.5711898803711,uvh26
27,28,2,car,0.7762463092803955,1330.4871826171875,65.8047866821289,1377.7645263671875,105.3887939453125,1354.1258544921875,85.5967903137207,uvh26
27,3,0,pedestrian,0.552654504776001,1172.481201171875,635.6512451171875,1200.95849609375,690.5994262695312,1186.7198486328125,663.1253356933594,coco_person
27,8,0,pedestrian,0.21783912181854248,1380.1051025390625,182.32298278808594,1398.652587890625,214.181640625,1389.3788452148438,198.25231170654297,coco_person
27,11,0,pedestrian,0.32444167137145996,1346.56787109375,187.96412658691406,1363.0377197265625,232.35833740234375,1354.8027954101562,210.1612319946289,coco_person
27,38,0,pedestrian,0.22476212680339813,436.4817810058594,204.93756103515625,457.61773681640625,245.00608825683594,447.0497589111328,224.9718246459961,coco_person
27,123,0,pedestrian,0.3900145888328552,1256.0679931640625,494.28509521484375,1282.5792236328125,568.6585693359375,1269.3236083984375,531.4718322753906,coco_person
27,2,0,pedestrian,0.29255926609039307,946.48095703125,220.23959350585938,972.4658813476562,259.8915710449219,959.4734191894531,240.06558227539062,coco_person
27,4,0,pedestrian,0.2712304890155792,1377.3436279296875,207.33441162109375,1395.7325439453125,252.9319610595703,1386.5380859375,230.13318634033203,coco_person
27,181,0,pedestrian,0.3948362171649933,1054.9075927734375,146.966552734375,1072.732666015625,181.5904541015625,1063.8201293945312,164.27850341796875,coco_person
28,1,8,auto,0.9214468598365784,787.3751220703125,567.2844848632812,916.09033203125,687.159423828125,851.7327270507812,627.2219543457031,uvh26
28,2,8,auto,0.9362947344779968,1134.6529541015625,123.67990112304688,1181.787841796875,171.32611083984375,1158.2203979492188,147.5030059814453,uvh26
28,3,8,auto,0.9083228707313538,200.9653778076172,161.6177520751953,260.6455383300781,213.2303466796875,230.80545806884766,187.4240493774414,uvh26
28,4,8,auto,0.9031996726989746,669.1227416992188,599.0903930664062,796.6130981445312,713.9112548828125,732.867919921875,656.5008239746094,uvh26
28,5,8,auto,0.8963858485221863,600.6315307617188,630.5178833007812,734.291259765625,720.0,667.4613952636719,675.2589416503906,uvh26
28,6,8,auto,0.9148667454719543,956.6732788085938,312.5403747558594,1031.3961181640625,392.9580383300781,994.0346984863281,352.74920654296875,uvh26
28,7,3,bike,0.8639077544212341,960.4376831054688,176.20042419433594,998.6466064453125,223.28921508789062,979.5421447753906,199.74481964111328,uvh26
28,8,3,bike,0.8840616345405579,1028.077392578125,391.11492919921875,1097.1563720703125,458.4165954589844,1062.6168823242188,424.76576232910156,uvh26
28,10,3,bike,0.8234288096427917,127.97257232666016,225.78836059570312,179.72947692871094,275.19525146484375,153.85102462768555,250.49180603027344,uvh26
28,12,3,bike,0.571121871471405,220.67555236816406,107.6611557006836,241.31414794921875,142.16131591796875,230.9948501586914,124.91123580932617,uvh26
28,13,8,auto,0.8249830007553101,925.804931640625,572.520263671875,1045.23095703125,684.4140014648438,985.5179443359375,628.4671325683594,uvh26
28,14,8,auto,0.8348519802093506,531.2483520507812,307.2978210449219,610.6690673828125,377.8264465332031,570.9587097167969,342.5621337890625,uvh26
28,15,3,bike,0.8624510765075684,907.7401733398438,172.79408264160156,941.0419921875,217.39031982421875,924.3910827636719,195.09220123291016,uvh26
28,16,2,car,0.4013303220272064,1207.16357421875,104.52767944335938,1268.365966796875,150.0985565185547,1237.7647705078125,127.31311798095703,uvh26
28,17,3,bike,0.8461164832115173,784.7924194335938,219.41990661621094,820.4957275390625,268.69964599609375,802.6440734863281,244.05977630615234,uvh26
28,18,3,bike,0.8646705150604248,365.5231018066406,212.91400146484375,411.2860107421875,257.7823181152344,388.40455627441406,235.34815979003906,uvh26
28,19,8,auto,0.7774648666381836,795.9437866210938,265.03839111328125,883.5333251953125,363.131591796875,839.7385559082031,314.0849914550781,uvh26
28,20,3,bike,0.8155019879341125,1076.783203125,159.79647827148438,1114.21435546875,209.3243865966797,1095.498779296875,184.56043243408203,uvh26
28,21,3,bike,0.8633104562759399,834.5654296875,176.29701232910156,868.8865966796875,220.72023010253906,851.7260131835938,198.5086212158203,uvh26
28,22,3,bike,0.6630291938781738,1091.56201171875,145.12037658691406,1125.7952880859375,186.28582763671875,1108.6786499023438,165.7031021118164,uvh26
28,23,8,auto,0.49185800552368164,412.7117919921875,111.86518096923828,468.0872802734375,152.30087280273438,440.3995361328125,132.08302688598633,uvh26
28,25,3,bike,0.6066411137580872,1337.397705078125,9.94897174835205,1355.695068359375,39.55918884277344,1346.54638671875,24.754080295562744,uvh26
28,26,3,bike,0.8428862690925598,1014.660888671875,127.69995880126953,1044.237548828125,167.6536407470703,1029.44921875,147.67679977416992,uvh26
28,27,3,bike,0.7109239101409912,868.4121704101562,548.82080078125,943.383056640625,626.3828125,905.8976135253906,587.601806640625,uvh26
28,29,3,bike,0.843745231628418,590.5242309570312,221.18875122070312,643.9766845703125,266.4198913574219,617.2504577636719,243.8043212890625,uvh26
28,31,8,auto,0.8606821298599243,1052.1048583984375,74.67899322509766,1088.6431884765625,114.35742950439453,1070.3740234375,94.5182113647461,uvh26
28,32,3,bike,0.6492071151733398,1198.385009765625,49.734134674072266,1220.2039794921875,81.61048126220703,1209.2944946289062,65.67230796813965,uvh26
28,33,2,car,0.8383076786994934,1246.3243408203125,112.15947723388672,1307.3463134765625,164.25262451171875,1276.8353271484375,138.20605087280273,uvh26
28,34,3,bike,0.8707984685897827,689.6129150390625,291.96734619140625,734.1358642578125,346.9281921386719,711.8743896484375,319.44776916503906,uvh26
28,35,8,auto,0.8639612793922424,900.8133544921875,123.00517272949219,947.3103637695312,167.9771270751953,924.0618591308594,145.49114990234375,uvh26
28,37,2,car,0.6551609039306641,1088.8819580078125,55.715702056884766,1137.646728515625,88.46084594726562,1113.2643432617188,72.0882740020752,uvh26
28,40,2,car,0.6024146676063538,295.6962585449219,112.42048645019531,349.97943115234375,152.408203125,322.8378448486328,132.41434478759766,uvh26
28,42,3,bike,0.3275826871395111,262.43310546875,84.30992889404297,282.8050842285156,118.90105438232422,272.6190948486328,101.6054916381836,uvh26
28,45,2,car,0.4930168092250824,1087.8260498046875,98.024658203125,1159.1033935546875,143.0975799560547,1123.4647216796875,120.56111907958984,uvh26
28,47,3,bike,0.5592800378799438,1306.835205078125,186.9178009033203,1351.2139892578125,253.20159912109375,1329.0245971679688,220.05970001220703,uvh26
28,48,2,car,0.5781635046005249,1367.4671630859375,25.547754287719727,1411.4862060546875,60.05523681640625,1389.4766845703125,42.80149555206299,uvh26
28,41,3,bike,0.8266613483428955,994.5361938476562,122.0398178100586,1022.76220703125,158.60865783691406,1008.6492004394531,140.32423782348633,uvh26
28,58,3,bike,0.7951274514198303,665.5914916992188,264.4970397949219,702.9973754882812,316.0284118652344,684.29443359375,290.2627258300781,uvh26
28,38,2,car,0.4311917722225189,1129.453857421875,172.98280334472656,1208.1083984375,228.08522033691406,1168.7811279296875,200.5340118408203,uvh26
28,77,3,bike,0.5973265767097473,1325.382568359375,8.162358283996582,1345.2041015625,35.32372283935547,1335.2933349609375,21.743040561676025,uvh26
28,92,3,bike,0.8044806122779846,621.145751953125,303.0774841308594,674.3436889648438,357.88238525390625,647.7447204589844,330.4799346923828,uvh26
28,98,3,bike,0.44666993618011475,585.1145629882812,285.04534912109375,628.6087036132812,344.4734191894531,606.8616333007812,314.75938415527344,uvh26
28,89,3,bike,0.31170985102653503,286.2038269042969,90.67218017578125,303.8484191894531,122.79126739501953,295.026123046875,106.73172378540039,uvh26
28,148,2,car,0.4851303994655609,295.9271240234375,112.66534423828125,350.1373596191406,151.6386260986328,323.03224182128906,132.15198516845703,uvh26
28,155,8,auto,0.2924501299858093,392.6315002441406,109.68684387207031,426.7609558105469,146.86166381835938,409.69622802734375,128.27425384521484,uvh26
28,163,2,car,0.5113936066627502,1130.031005859375,174.54244995117188,1207.7623291015625,228.07290649414062,1168.8966674804688,201.30767822265625,uvh26
28,165,3,bike,0.33681806921958923,1129.412353515625,79.98426055908203,1167.85888671875,119.14562225341797,1148.6356201171875,99.56494140625,uvh26
28,172,2,car,0.7676252126693726,1208.0235595703125,104.72303009033203,1268.1309814453125,150.17063903808594,1238.0772705078125,127.44683456420898,uvh26
28,28,2,car,0.6985887885093689,1329.11474609375,66.60807800292969,1376.535888671875,106.386474609375,1352.8253173828125,86.49727630615234,uvh26
28,3,0,pedestrian,0.5619797706604004,1172.5255126953125,635.5185546875,1201.0853271484375,690.6361694335938,1186.805419921875,663.0773620605469,coco_person
28,11,0,pedestrian,0.3419009745121002,1346.44482421875,188.07806396484375,1362.82568359375,232.2386474609375,1354.63525390625,210.15835571289062,coco_person
28,123,0,pedestrian,0.408378928899765,1253.163818359375,494.23187255859375,1280.4302978515625,569.0465087890625,1266.7970581054688,531.6391906738281,coco_person
28,2,0,pedestrian,0.3595566153526306,945.1567993164062,220.1392059326172,971.0558471679688,260.35101318359375,958.1063232421875,240.24510955810547,coco_person
28,181,0,pedestrian,0.4866028130054474,1054.4580078125,146.87094116210938,1072.3702392578125,181.6575164794922,1063.4141235351562,164.26422882080078,coco_person
29,1,8,auto,0.9213180541992188,787.2940063476562,567.23193359375,916.054443359375,687.1488647460938,851.6742248535156,627.1903991699219,uvh26
29,2,8,auto,0.9379923343658447,1133.4000244140625,123.87080383300781,1180.877197265625,171.67088317871094,1157.1386108398438,147.77084350585938,uvh26
29,3,8,auto,0.9094218611717224,200.9482421875,161.72792053222656,260.5086364746094,213.2221221923828,230.7284393310547,187.4750213623047,uvh26
29,4,8,auto,0.9035977721214294,669.0860595703125,599.0821533203125,796.5906982421875,713.9337158203125,732.83837890625,656.5079345703125,uvh26
29,5,8,auto,0.8967283964157104,600.6036376953125,630.5104370117188,734.299560546875,720.0,667.4515991210938,675.2552185058594,uvh26
29,6,8,auto,0.9127202033996582,954.835205078125,314.9007873535156,1028.4356689453125,394.0488586425781,991.6354370117188,354.4748229980469,uvh26
29,7,3,bike,0.8523973226547241,958.4535522460938,176.3693389892578,997.2054443359375,224.0482177734375,977.8294982910156,200.20877838134766,uvh26
29,8,3,bike,0.8894523978233337,1026.8372802734375,390.390625,1095.6597900390625,457.6766662597656,1061.24853515625,424.0336456298828,uvh26
29,10,3,bike,0.8050809502601624,124.18849182128906,226.20362854003906,175.41607666015625,275.31951904296875,149.80228424072266,250.7615737915039,uvh26
29,12,3,bike,0.46202728152275085,219.6746826171875,107.22379302978516,240.1757049560547,141.52127075195312,229.9251937866211,124.37253189086914,uvh26
29,13,8,auto,0.8265002965927124,925.832763671875,572.51708984375,1045.134033203125,684.2988891601562,985.4833984375,628.4079895019531,uvh26
29,14,8,auto,0.8521566390991211,528.5640258789062,306.7212829589844,607.9539184570312,377.1812744140625,568.2589721679688,341.95127868652344,uvh26
29,15,3,bike,0.8523440361022949,912.0582275390625,171.6880645751953,944.668701171875,215.27305603027344,928.3634643554688,193.48056030273438,uvh26
29,17,3,bike,0.8693664073944092,788.828857421875,217.61618041992188,824.42333984375,266.89630126953125,806.6260986328125,242.25624084472656,uvh26
29,18,3,bike,0.8905775547027588,369.7253112792969,213.22740173339844,415.5523681640625,258.1119689941406,392.6388397216797,235.66968536376953,uvh26
29,19,8,auto,0.6928516626358032,794.5675048828125,265.7998046875,881.9459838867188,363.59161376953125,838.2567443847656,314.6957092285156,uvh26
29,20,3,bike,0.8009129166603088,1075.1055908203125,160.59225463867188,1112.2119140625,209.8369903564453,1093.6587524414062,185.2146224975586,uvh26
29,21,3,bike,0.8589230179786682,837.2741088867188,175.604736328125,871.5580444335938,219.8375244140625,854.4160766601562,197.72113037109375,uvh26
29,22,3,bike,0.6631866097450256,1089.9384765625,145.0832061767578,1124.5435791015625,186.43849182128906,1107.2410278320312,165.76084899902344,uvh26
29,23,8,auto,0.4544796943664551,412.58642578125,111.66976928710938,468.27685546875,152.2909393310547,440.431640625,131.98035430908203,uvh26
29,25,3,bike,0.642711341381073,1339.5216064453125,9.796159744262695,1357.33642578125,38.882911682128906,1348.4290161132812,24.3395357131958,uvh26
29,26,3,bike,0.8471951484680176,1017.732666015625,126.0653076171875,1047.423828125,166.40875244140625,1032.5782470703125,146.23703002929688,uvh26
29,27,3,bike,0.7072195410728455,868.1032104492188,548.7615966796875,943.120361328125,626.3533935546875,905.6117858886719,587.5574951171875,uvh26
29,29,3,bike,0.8442964553833008,592.5213623046875,221.496337890625,646.050537109375,266.6250305175781,619.2859497070312,244.06068420410156,uvh26
29,31,8,auto,0.8627877831459045,1053.0059814453125,74.38043212890625,1089.6671142578125,114.00177764892578,1071.3365478515625,94.19110488891602,uvh26
29,32,3,bike,0.7213103175163269,1200.572265625,49.630069732666016,1221.8212890625,80.77545166015625,1211.19677734375,65.20276069641113,uvh26
29,33,2,car,0.8435249924659729,1244.4376220703125,112.99077606201172,1305.7039794921875,165.39816284179688,1275.07080078125,139.1944694519043,uvh26
29,34,3,bike,0.8491262197494507,687.538330078125,291.64697265625,731.8167724609375,346.4465026855469,709.6775512695312,319.04673767089844,uvh26
29,35,8,auto,0.8675017356872559,900.8675537109375,123.00052642822266,947.2625122070312,167.8851776123047,924.0650329589844,145.44285202026367,uvh26
29,37,2,car,0.6681731343269348,1088.8447265625,55.65452194213867,1137.7547607421875,88.54304504394531,1113.2997436523438,72.09878349304199,uvh26
29,40,2,car,0.5264403223991394,296.1863708496094,112.65740966796875,350.9820861816406,152.92283630371094,323.584228515625,132.79012298583984,uvh26
29,42,3,bike,0.37957870960235596,263.450439453125,84.3493423461914,284.0177307128906,119.44267272949219,273.7340850830078,101.8960075378418,uvh26
29,45,2,car,0.4748832881450653,1089.368408203125,96.6252212524414,1160.8995361328125,142.05734252929688,1125.1339721679688,119.34128189086914,uvh26
29,47,3,bike,0.5746371150016785,1306.287841796875,187.8806915283203,1349.835693359375,253.0943603515625,1328.061767578125,220.4875259399414,uvh26
29,48,2,car,0.5639153122901917,1366.4072265625,26.366010665893555,1410.533447265625,60.79978942871094,1388.4703369140625,43.582900047302246,uvh26
29,41,3,bike,0.8082832098007202,997.5271606445312,120.85597229003906,1025.8282470703125,157.54141235351562,1011.6777038574219,139.19869232177734,uvh26
29,58,3,bike,0.7971885800361633,663.1478271484375,264.16375732421875,700.4164428710938,315.305419921875,681.7821350097656,289.7345886230469,uvh26
29,38,2,car,0.534445583820343,1126.9036865234375,174.46986389160156,1205.8544921875,229.677490234375,1166.3790893554688,202.07367706298828,uvh26
29,77,3,bike,0.5998592376708984,1325.6910400390625,7.419232368469238,1344.750732421875,34.281829833984375,1335.2208862304688,20.850531101226807,uvh26
29,92,3,bike,0.7951821684837341,620.5256958007812,302.5531921386719,674.0037841796875,357.5216979980469,647.2647399902344,330.0374450683594,uvh26
29,98,3,bike,0.572213351726532,581.2852783203125,284.6877136230469,626.7601318359375,346.3067321777344,604.022705078125,315.4972229003906,uvh26
29,89,3,bike,0.2342825084924698,287.12335205078125,90.7172622680664,304.8924865722656,123.19588470458984,296.00791931152344,106.95657348632812,uvh26
29,148,2,car,0.5038325190544128,295.8496398925781,112.96162414550781,351.0080871582031,152.62965393066406,323.4288635253906,132.79563903808594,uvh26
29,155,8,auto,0.29559704661369324,392.4908142089844,109.57721710205078,426.7767333984375,146.98558044433594,409.63377380371094,128.28139877319336,uvh26
29,165,3,bike,0.3766581416130066,1130.5791015625,78.79691314697266,1168.2491455078125,117.68276977539062,1149.4141235351562,98.23984146118164,uvh26
29,28,2,car,0.7769204378128052,1327.6480712890625,67.31904602050781,1375.22119140625,107.24858856201172,1351.4346313476562,87.28381729125977,uvh26
29,187,3,bike,0.5241369605064392,431.4685974121094,203.86927795410156,459.3902587890625,246.92601013183594,445.42942810058594,225.39764404296875,uvh26
29,3,0,pedestrian,0.5608790516853333,1172.3865966796875,635.3981323242188,1201.02099609375,690.6511840820312,1186.7037963867188,663.024658203125,coco_person
29,11,0,pedestrian,0.31662508845329285,1346.4625244140625,188.1989288330078,1362.7650146484375,232.17449951171875,1354.61376953125,210.18671417236328,coco_person
29,123,0,pedestrian,0.30210739374160767,1251.1055908203125,495.25933837890625,1278.3890380859375,568.2139892578125,1264.747314453125,531.7366638183594,coco_person
29,2,0,pedestrian,0.3642769753932953,944.2294921875,220.08363342285156,969.7320556640625,260.4422607421875,956.9807739257812,240.26294708251953,coco_person
29,181,0,pedestrian,0.5106410384178162,1054.310791015625,146.5918731689453,1072.3665771484375,181.71670532226562,1063.3386840820312,164.15428924560547,coco_person
29,4,0,pedestrian,0.277222216129303,1376.980712890625,207.66366577148438,1394.7462158203125,251.46180725097656,1385.8634643554688,229.56273651123047,coco_person
30,1,8,auto,0.9251236915588379,786.9155883789062,566.9039306640625,916.0172119140625,687.1914672851562,851.4664001464844,627.0476989746094,uvh26
30,2,8,auto,0.9350911974906921,1131.7354736328125,124.15084075927734,1179.5706787109375,172.30734252929688,1155.653076171875,148.2290916442871,uvh26
30,3,8,auto,0.9062778949737549,201.05479431152344,161.61724853515625,260.68768310546875,213.14964294433594,230.8712387084961,187.3834457397461,uvh26
30,4,8,auto,0.903052568435669,669.3055419921875,599.478759765625,796.4467163085938,713.9899291992188,732.8761291503906,656.7343444824219,uvh26
30,5,8,auto,0.8955041170120239,600.568115234375,630.673095703125,734.0176391601562,720.0,667.2928771972656,675.3365478515625,uvh26
30,6,8,auto,0.9063957333564758,952.2080078125,317.4355773925781,1025.2054443359375,395.78216552734375,988.7067260742188,356.60887145996094,uvh26
30,7,3,bike,0.8557394742965698,956.4776611328125,176.57456970214844,995.410400390625,224.52066040039062,975.9440307617188,200.54761505126953,uvh26
30,8,3,bike,0.878424882888794,1025.73388671875,389.9190673828125,1094.29638671875,457.09417724609375,1060.01513671875,423.5066223144531,uvh26
30,10,3,bike,0.8338623642921448,120.53112030029297,226.13314819335938,171.66050720214844,275.3268737792969,146.0958137512207,250.73001098632812,uvh26
30,12,3,bike,0.675153911113739,218.6597442626953,106.64662170410156,238.8703155517578,140.63287353515625,228.76502990722656,123.6397476196289,uvh26
30,13,8,auto,0.8329076766967773,925.8309326171875,572.4450073242188,1044.843017578125,683.9519653320312,985.3369750976562,628.198486328125,uvh26
30,14,8,auto,0.8537237048149109,526.130859375,306.59344482421875,604.7096557617188,376.35931396484375,565.4202575683594,341.47637939453125,uvh26
30,15,3,bike,0.8444881439208984,916.3600463867188,170.35792541503906,948.8106689453125,213.6763153076172,932.5853576660156,192.01712036132812,uvh26
30,17,3,bike,0.8812000751495361,792.9785766601562,215.86082458496094,828.365234375,264.9171447753906,810.6719055175781,240.38898468017578,uvh26
30,18,3,bike,0.8669983744621277,374.5666809082031,213.51280212402344,420.4453430175781,258.27667236328125,397.5060119628906,235.89473724365234,uvh26
30,19,8,auto,0.6899828910827637,792.6527709960938,266.75018310546875,880.1646118164062,364.46295166015625,836.40869140625,315.6065673828125,uvh26
30,20,3,bike,0.7849922776222229,1073.27880859375,159.13351440429688,1111.54931640625,210.3264617919922,1092.4140625,184.72998809814453,uvh26
30,21,3,bike,0.8586685657501221,839.6097412109375,174.714599609375,873.868896484375,219.03543090820312,856.7393188476562,196.87501525878906,uvh26
30,22,3,bike,0.5036702752113342,1084.8128662109375,145.38970947265625,1120.3775634765625,187.50802612304688,1102.59521484375,166.44886779785156,uvh26
30,23,8,auto,0.5513328909873962,413.3553161621094,111.54458618164062,469.1167907714844,152.27943420410156,441.2360534667969,131.9120101928711,uvh26
30,25,3,bike,0.677887499332428,1341.3824462890625,9.850541114807129,1358.539306640625,38.067657470703125,1349.9608764648438,23.959099292755127,uvh26
30,26,3,bike,0.8408981561660767,1021.0189208984375,124.83216857910156,1050.5081787109375,165.23593139648438,1035.7635498046875,145.03404998779297,uvh26
30,27,3,bike,0.7167484164237976,867.7417602539062,548.7994384765625,942.2620239257812,626.0113525390625,905.0018920898438,587.4053955078125,uvh26
30,29,3,bike,0.8294045925140381,594.9286499023438,222.07191467285156,648.5198364257812,267.14404296875,621.7242431640625,244.60797882080078,uvh26
30,31,8,auto,0.87459397315979,1054.0843505859375,74.19628143310547,1090.8568115234375,113.76097869873047,1072.4705810546875,93.97863006591797,uvh26
30,32,3,bike,0.754897952079773,1202.239990234375,49.22159194946289,1223.1148681640625,79.95061492919922,1212.6774291992188,64.58610343933105,uvh26
30,33,2,car,0.7974215745925903,1242.0682373046875,114.14077758789062,1303.29052734375,166.4747314453125,1272.6793823242188,140.30775451660156,uvh26
30,34,3,bike,0.8588074445724487,685.1617431640625,291.0316162109375,728.9664916992188,345.342041015625,707.0641174316406,318.18682861328125,uvh26
30,35,8,auto,0.864757776260376,900.8623046875,122.87010955810547,947.2689819335938,167.77276611328125,924.0656433105469,145.32143783569336,uvh26
30,37,2,car,0.6229562759399414,1088.9833984375,55.58351516723633,1137.850341796875,88.50347900390625,1113.4168701171875,72.04349708557129,uvh26
30,40,2,car,0.5188015699386597,296.6744079589844,113.37628173828125,351.3071594238281,153.46449279785156,323.99078369140625,133.4203872680664,uvh26
30,42,3,bike,0.5682826638221741,265.0438232421875,85.5706787109375,285.4941711425781,120.73324584960938,275.2689971923828,103.15196228027344,uvh26
30,45,2,car,0.549462616443634,1091.68505859375,95.97811889648438,1162.5330810546875,141.07342529296875,1127.1090698242188,118.52577209472656,uvh26
30,47,3,bike,0.6319898962974548,1306.970703125,186.17599487304688,1351.8936767578125,253.1951446533203,1329.4321899414062,219.6855697631836,uvh26
30,48,2,car,0.6137964129447937,1365.2470703125,27.67003631591797,1409.009765625,61.55644607543945,1387.12841796875,44.61324119567871,uvh26
30,41,3,bike,0.8169962763786316,1000.8694458007812,119.99777221679688,1028.8988037109375,156.35438537597656,1014.8841247558594,138.17607879638672,uvh26
30,58,3,bike,0.789655864238739,660.40625,263.7168884277344,697.8866577148438,314.7844543457031,679.1464538574219,289.25067138671875,uvh26
30,38,2,car,0.5458531379699707,1123.99462890625,176.6195526123047,1201.9144287109375,231.1295166015625,1162.9545288085938,203.8745346069336,uvh26
30,77,3,bike,0.6017672419548035,1326.5819091796875,7.400025367736816,1344.5770263671875,33.37425231933594,1335.5794677734375,20.387138843536377,uvh26
30,92,3,bike,0.8315894603729248,618.4144897460938,302.5592041015625,671.6088256835938,357.4068298339844,645.0116577148438,329.98301696777344,uvh26
30,98,3,bike,0.5922232270240784,578.8164672851562,284.31121826171875,622.7142944335938,342.8934631347656,600.765380859375,313.6023406982422,uvh26
30,89,3,bike,0.32750213146209717,288.1091613769531,90.86857604980469,306.0481872558594,123.68700408935547,297.07867431640625,107.27779006958008,uvh26
30,148,2,car,0.5927467346191406,297.1116638183594,113.7485122680664,351.80792236328125,153.001953125,324.4597930908203,133.3752326965332,uvh26
30,155,8,auto,0.4950585663318634,391.94146728515625,109.1246109008789,426.60791015625,147.0054168701172,409.2746887207031,128.06501388549805,uvh26
30,28,2,car,0.8116466999053955,1326.2470703125,68.21731567382812,1373.8831787109375,108.2587890625,1350.0651245117188,88.23805236816406,uvh26
30,187,3,bike,0.4478437006473541,430.8199462890625,204.12904357910156,458.5437316894531,246.82611083984375,444.6818389892578,225.47757720947266,uvh26
30,191,3,bike,0.3891664147377014,1075.493896484375,146.3828125,1117.9847412109375,206.77386474609375,1096.7393188476562,176.57833862304688,uvh26
30,192,2,car,0.4133284389972687,1092.346435546875,96.04763793945312,1160.4798583984375,141.20236206054688,1126.4131469726562,118.625,uvh26
30,24,3,bike,0.33357688784599304,1138.09130859375,77.0597915649414,1163.3116455078125,110.92198181152344,1150.7014770507812,93.99088668823242,uvh26
30,16,2,car,0.7498219609260559,1205.3433837890625,105.63796997070312,1266.2525634765625,151.0524444580078,1235.7979736328125,128.34520721435547,uvh26
30,3,0,pedestrian,0.5226212739944458,1172.205322265625,635.058837890625,1200.9012451171875,690.6702270507812,1186.5532836914062,662.8645324707031,coco_person
30,11,0,pedestrian,0.28065043687820435,1346.300537109375,188.10479736328125,1362.6865234375,232.1414794921875,1354.4935302734375,210.12313842773438,coco_person
30,123,0,pedestrian,0.40682169795036316,1248.8802490234375,492.8224792480469,1276.3797607421875,565.9102783203125,1262.6300048828125,529.3663787841797,coco_person
30,2,0,pedestrian,0.38369104266166687,943.4097290039062,220.39039611816406,968.0928955078125,260.1824035644531,955.7513122558594,240.2863998413086,coco_person
30,181,0,pedestrian,0.5077280402183533,1053.8511962890625,146.49716186523438,1071.8868408203125,181.7100067138672,1062.8690185546875,164.10358428955078,coco_person
30,4,0,pedestrian,0.32399171590805054,1378.7364501953125,206.6658172607422,1397.6572265625,252.17266845703125,1388.1968383789062,229.41924285888672,coco_person
31,1,8,auto,0.925201952457428,786.7734375,566.7887573242188,915.9716796875,687.20947265625,851.37255859375,626.9991149902344,uvh26
31,2,8,auto,0.935137927532196,1130.133544921875,124.29617309570312,1178.328857421875,172.84759521484375,1154.231201171875,148.57188415527344,uvh26
31,3,8,auto,0.904043972492218,201.22164916992188,161.60601806640625,260.89935302734375,213.15650939941406,231.0605010986328,187.38126373291016,uvh26
31,4,8,auto,0.9034688472747803,669.3728637695312,599.6199951171875,796.38818359375,714.0028076171875,732.8805236816406,656.8114013671875,uvh26
31,5,8,auto,0.895483672618866,600.5621337890625,630.753173828125,733.8934326171875,720.0,667.227783203125,675.3765869140625,uvh26
31,6,8,auto,0.9034174680709839,949.3724975585938,318.72698974609375,1022.9530029296875,397.6998291015625,986.1627502441406,358.2134094238281,uvh26
31,7,3,bike,0.8576522469520569,954.8579711914062,176.63075256347656,993.8772583007812,224.8261260986328,974.3676147460938,200.7284393310547,uvh26
31,8,3,bike,0.8817813396453857,1024.821044921875,389.671142578125,1092.99072265625,456.5252685546875,1058.9058837890625,423.09820556640625,uvh26
31,10,3,bike,0.8170883655548096,117.56214141845703,227.5765380859375,167.2151641845703,275.3536682128906,142.38865280151367,251.46510314941406,uvh26
31,12,3,bike,0.7391220331192017,217.4549102783203,105.85641479492188,237.76853942871094,140.04324340820312,227.61172485351562,122.9498291015625,uvh26
31,13,8,auto,0.8339370489120483,925.89794921875,572.4213256835938,1044.7540283203125,683.7582397460938,985.3259887695312,628.0897827148438,uvh26
31,14,8,auto,0.8155863285064697,523.1337280273438,306.1477355957031,601.3860473632812,375.66632080078125,562.2598876953125,340.9070281982422,uvh26
31,15,3,bike,0.8387503623962402,919.74462890625,166.69215393066406,953.3065185546875,211.8655548095703,936.5255737304688,189.2788543701172,uvh26
31,17,3,bike,0.8722504377365112,797.328369140625,214.61572265625,832.249267578125,263.0002136230469,814.788818359375,238.80796813964844,uvh26
31,18,3,bike,0.886870265007019,378.61944580078125,213.61160278320312,424.71954345703125,258.465087890625,401.66949462890625,236.03834533691406,uvh26
31,19,8,auto,0.750665009021759,790.045654296875,267.771728515625,878.0834350585938,366.0256652832031,834.0645446777344,316.89869689941406,uvh26
31,20,3,bike,0.7807171940803528,1072.2269287109375,161.31619262695312,1109.01171875,210.58560180664062,1090.6193237304688,185.95089721679688,uvh26
31,21,3,bike,0.843829870223999,841.8692016601562,174.1073455810547,875.9655151367188,218.34986877441406,858.9173583984375,196.22860717773438,uvh26
31,22,3,bike,0.5613473653793335,1084.575927734375,145.4018096923828,1120.244384765625,188.00576782226562,1102.41015625,166.70378875732422,uvh26
31,23,8,auto,0.5576162934303284,413.7843017578125,111.37550354003906,469.6930847167969,152.32029724121094,441.7386932373047,131.847900390625,uvh26
31,25,3,bike,0.6653424501419067,1342.8050537109375,9.427619934082031,1359.71533203125,37.27360916137695,1351.2601928710938,23.350614547729492,uvh26
31,26,3,bike,0.8407738208770752,1024.1654052734375,123.88265991210938,1053.131591796875,163.7587890625,1038.6484985351562,143.8207244873047,uvh26
31,27,3,bike,0.7149010300636292,867.35009765625,548.5925903320312,941.7778930664062,625.8798217773438,904.5639953613281,587.2362060546875,uvh26
31,29,3,bike,0.8259438872337341,596.978759765625,222.74325561523438,650.2933959960938,267.5235900878906,623.6360778808594,245.1334228515625,uvh26
31,31,8,auto,0.86790531873703,1054.73095703125,74.12156677246094,1091.6748046875,113.71694946289062,1073.202880859375,93.91925811767578,uvh26
31,32,3,bike,0.7541338801383972,1203.20703125,48.890785217285156,1223.9393310546875,79.43144989013672,1213.5731811523438,64.16111755371094,uvh26
31,33,2,car,0.6744215488433838,1239.755615234375,115.31891632080078,1300.90869140625,167.54849243164062,1270.3321533203125,141.4337043762207,uvh26
31,34,3,bike,0.8518251776695251,683.0140991210938,290.3116149902344,726.5206909179688,344.3541259765625,704.7673950195312,317.33287048339844,uvh26
31,35,8,auto,0.856963038444519,900.8742065429688,122.80987548828125,947.2119140625,167.63136291503906,924.0430603027344,145.22061920166016,uvh26
31,37,2,car,0.6055008769035339,1089.189208984375,55.56620407104492,1138.008056640625,88.5340347290039,1113.5986328125,72.05011940002441,uvh26
31,40,2,car,0.3992811441421509,297.5170593261719,113.99565887451172,352.5142517089844,154.31837463378906,325.0156555175781,134.1570167541504,uvh26
31,42,3,bike,0.6671074628829956,266.22747802734375,86.07953643798828,286.4647216796875,121.09168243408203,276.3460998535156,103.58560943603516,uvh26
31,45,2,car,0.519791305065155,1094.4647216796875,95.68833923339844,1163.546875,139.71099853515625,1129.0057983398438,117.69966888427734,uvh26
31,47,3,bike,0.6414440870285034,1307.1219482421875,185.57191467285156,1352.6285400390625,253.21871948242188,1329.875244140625,219.39531707763672,uvh26
31,48,2,car,0.6633713841438293,1363.9364013671875,28.6652889251709,1407.6416015625,62.345054626464844,1385.7890014648438,45.50517177581787,uvh26
31,41,3,bike,0.8054781556129456,1003.5272827148438,118.91905212402344,1031.4388427734375,155.261962890625,1017.4830627441406,137.09050750732422,uvh26
31,58,3,bike,0.8040745258331299,657.9312133789062,263.49664306640625,695.3532104492188,313.8946228027344,676.6422119140625,288.6956329345703,uvh26
31,38,2,car,0.5015888214111328,1120.8182373046875,177.81533813476562,1199.24072265625,232.7602996826172,1160.0294799804688,205.2878189086914,uvh26
31,77,3,bike,0.5305368900299072,1327.9239501953125,6.987758159637451,1345.5106201171875,32.91633224487305,1336.71728515625,19.95204520225525,uvh26
31,92,3,bike,0.830679714679718,616.3109130859375,302.2236328125,669.5284423828125,357.1722106933594,642.919677734375,329.6979217529297,uvh26
31,98,3,bike,0.44740381836891174,576.663330078125,284.0535888671875,619.0980224609375,339.972412109375,597.8806762695312,312.01300048828125,uvh26
31,89,3,bike,0.4267220199108124,288.9028015136719,90.80217742919922,306.8544921875,123.6807861328125,297.87864685058594,107.24148178100586,uvh26
31,148,2,car,0.6800286173820496,297.8471374511719,114.43775177001953,353.221435546875,154.14097595214844,325.53428649902344,134.28936386108398,uvh26
31,155,8,auto,0.49777212738990784,391.79705810546875,109.30792236328125,426.38299560546875,147.1909942626953,409.09002685546875,128.24945831298828,uvh26
31,28,2,car,0.7207868099212646,1325.2716064453125,69.35556030273438,1372.4288330078125,108.95040893554688,1348.8502197265625,89.15298461914062,uvh26
31,187,3,bike,0.3212323784828186,430.08575439453125,204.40170288085938,457.73956298828125,246.89109802246094,443.91265869140625,225.64640045166016,uvh26
31,192,2,car,0.4072829782962799,1094.996826171875,95.98198699951172,1161.459228515625,140.00270080566406,1128.22802734375,117.99234390258789,uvh26
31,194,2,car,0.43239569664001465,1121.5740966796875,177.7345428466797,1199.5491943359375,232.60691833496094,1160.5616455078125,205.1707305908203,uvh26
31,24,3,bike,0.2275036871433258,1140.3876953125,76.67201232910156,1164.2928466796875,108.6554946899414,1152.3402709960938,92.66375350952148,uvh26
31,16,2,car,0.8011809587478638,1204.0108642578125,106.13245391845703,1264.7640380859375,151.56857299804688,1234.387451171875,128.85051345825195,uvh26
31,3,0,pedestrian,0.5330150723457336,1172.0574951171875,634.9114990234375,1200.763916015625,690.7166748046875,1186.4107055664062,662.8140869140625,coco_person
31,123,0,pedestrian,0.46474435925483704,1246.169921875,491.5470275878906,1272.919677734375,563.3075561523438,1259.5447998046875,527.4272918701172,coco_person
31,2,0,pedestrian,0.39134132862091064,943.2382202148438,220.89938354492188,967.1275634765625,260.0042419433594,955.1828918457031,240.45181274414062,coco_person
31,181,0,pedestrian,0.46097588539123535,1053.3671875,146.36167907714844,1071.4927978515625,181.87091064453125,1062.4299926757812,164.11629486083984,coco_person
31,4,0,pedestrian,0.4774990677833557,1375.8699951171875,192.17721557617188,1400.26123046875,252.34207153320312,1388.0656127929688,222.2596435546875,coco_person
32,1,8,auto,0.9263903498649597,786.7457275390625,566.7975463867188,915.9205932617188,687.2139892578125,851.3331604003906,627.0057678222656,uvh26
32,2,8,auto,0.9256920218467712,1128.6270751953125,124.80188751220703,1177.1231689453125,173.721923828125,1152.8751220703125,149.26190567016602,uvh26
32,3,8,auto,0.9016715884208679,201.27490234375,161.59652709960938,260.99334716796875,213.16973876953125,231.13412475585938,187.3831329345703,uvh26
32,4,8,auto,0.9035851359367371,669.4236450195312,599.6755981445312,796.33203125,713.950927734375,732.8778381347656,656.8132629394531,uvh26
32,5,8,auto,0.8954930305480957,600.543212890625,630.7923583984375,733.812744140625,720.0,667.177978515625,675.3961791992188,uvh26
32,6,8,auto,0.9043391942977905,946.7532348632812,320.3647766113281,1020.2598266601562,399.2590637207031,983.5065307617188,359.8119201660156,uvh26
32,7,3,bike,0.8637701869010925,953.740966796875,177.27203369140625,992.3466186523438,224.98345947265625,973.0437927246094,201.12774658203125,uvh26
32,8,3,bike,0.8899244070053101,1023.7831420898438,389.5372314453125,1091.68603515625,456.19244384765625,1057.7345886230469,422.8648376464844,uvh26
32,10,3,bike,0.7876631617546082,113.53434753417969,226.5442352294922,163.5789794921875,274.8980712890625,138.5566635131836,250.72115325927734,uvh26
32,12,3,bike,0.7237852215766907,216.27435302734375,105.40663146972656,236.74130249023438,139.69117736816406,226.50782775878906,122.54890441894531,uvh26
32,13,8,auto,0.8344168663024902,925.9295654296875,572.4113159179688,1044.7623291015625,683.7000122070312,985.345947265625,628.0556640625,uvh26
32,14,8,auto,0.7525398135185242,518.9729614257812,304.9765930175781,597.77734375,374.9128112792969,558.3751525878906,339.9447021484375,uvh26
32,15,3,bike,0.8354800939559937,924.0313720703125,166.72569274902344,956.339599609375,210.2786865234375,940.1854858398438,188.50218963623047,uvh26
32,17,3,bike,0.8655258417129517,801.2752685546875,213.28787231445312,835.6720581054688,261.0862121582031,818.4736633300781,237.18704223632812,uvh26
32,18,3,bike,0.8486847281455994,382.9679870605469,213.9078369140625,429.0739440917969,258.6265869140625,406.0209655761719,236.2672119140625,uvh26
32,19,8,auto,0.7881473898887634,787.7769775390625,268.9866943359375,876.0408935546875,367.4681701660156,831.908935546875,318.22743225097656,uvh26
32,20,3,bike,0.8004977703094482,1071.0216064453125,162.1177978515625,1107.546630859375,211.06883239746094,1089.2841186523438,186.59331512451172,uvh26
32,21,3,bike,0.8561770915985107,844.4755859375,173.9425811767578,878.1994018554688,217.74298095703125,861.3374938964844,195.84278106689453,uvh26
32,22,3,bike,0.5652662515640259,1082.799560546875,145.7293243408203,1118.3116455078125,188.32244873046875,1100.5556030273438,167.02588653564453,uvh26
32,23,8,auto,0.5786468982696533,414.6773681640625,111.63522338867188,470.0987243652344,152.3814239501953,442.38804626464844,132.0083236694336,uvh26
32,25,3,bike,0.6737956404685974,1344.37109375,8.602437019348145,1361.251220703125,36.50769805908203,1352.8111572265625,22.555067539215088,uvh26
32,26,3,bike,0.8569339513778687,1027.1824951171875,123.18753051757812,1055.6937255859375,162.7460174560547,1041.4381103515625,142.9667739868164,uvh26
32,27,3,bike,0.7044101357460022,868.406005859375,548.5587158203125,943.3697509765625,625.9326171875,905.8878784179688,587.2456665039062,uvh26
32,29,3,bike,0.8373926281929016,597.5266723632812,222.9275360107422,650.512451171875,267.878173828125,624.0195617675781,245.4028549194336,uvh26
32,31,8,auto,0.8740670084953308,1055.4193115234375,74.04521179199219,1092.3980712890625,113.5632095336914,1073.90869140625,93.8042106628418,uvh26
32,32,3,bike,0.7685230374336243,1204.7017822265625,47.715606689453125,1225.611572265625,78.53884887695312,1215.1566772460938,63.127227783203125,uvh26
32,33,2,car,0.6648806929588318,1237.8917236328125,116.6058578491211,1299.375,168.99847412109375,1268.6333618164062,142.80216598510742,uvh26
32,34,3,bike,0.8246317505836487,680.5446166992188,289.6726379394531,723.7130737304688,343.31396484375,702.1288452148438,316.49330139160156,uvh26
32,35,8,auto,0.848892867565155,900.9509887695312,122.97283935546875,947.2217407226562,167.71498107910156,924.0863647460938,145.34391021728516,uvh26
32,37,2,car,0.6282984018325806,1089.286376953125,55.63344192504883,1138.0526123046875,88.65066528320312,1113.6694946289062,72.14205360412598,uvh26
32,40,2,car,0.6683471202850342,298.3482666015625,114.52301788330078,353.9773864746094,155.32797241210938,326.16282653808594,134.92549514770508,uvh26
32,42,3,bike,0.7056646347045898,267.52459716796875,86.62662506103516,287.3626403808594,121.0512924194336,277.44361877441406,103.83895874023438,uvh26
32,45,2,car,0.4088955223560333,1096.499755859375,94.78414154052734,1164.979736328125,138.51795959472656,1130.73974609375,116.65105056762695,uvh26
32,47,3,bike,0.6446073651313782,1307.948486328125,185.12930297851562,1354.19775390625,253.28065490722656,1331.0731201171875,219.2049789428711,uvh26
32,48,2,car,0.6250015497207642,1362.8043212890625,29.30529022216797,1406.3507080078125,62.75278854370117,1384.5775146484375,46.02903938293457,uvh26
32,41,3,bike,0.8023285865783691,1006.5350341796875,117.85889434814453,1034.2230224609375,154.1101837158203,1020.3790283203125,135.98453903198242,uvh26
32,58,3,bike,0.7537230849266052,655.018798828125,263.1496887207031,692.239013671875,312.8474426269531,673.62890625,287.9985656738281,uvh26
32,38,2,car,0.4855484664440155,1118.8118896484375,179.2476806640625,1197.324951171875,234.2323455810547,1158.0684204101562,206.7400131225586,uvh26
32,77,3,bike,0.5196220278739929,1330.341064453125,6.44309139251709,1347.765869140625,32.31542205810547,1339.053466796875,19.37925672531128,uvh26
32,92,3,bike,0.879984974861145,614.3889770507812,301.8918762207031,667.644775390625,357.0618896484375,641.0168762207031,329.4768829345703,uvh26
32,98,3,bike,0.4738754630088806,573.7510375976562,283.8453369140625,616.1621704101562,338.9446105957031,594.9566040039062,311.3949737548828,uvh26
32,89,3,bike,0.481550008058548,291.0421447753906,92.80826568603516,307.7455749511719,123.45063018798828,299.39385986328125,108.12944793701172,uvh26
32,148,2,car,0.37364915013313293,298.3404235839844,114.57022094726562,354.8533935546875,155.14535522460938,326.59690856933594,134.8577880859375,uvh26
32,155,8,auto,0.514358401298523,391.7655029296875,109.44623565673828,426.31048583984375,147.38621520996094,409.0379943847656,128.4162254333496,uvh26
32,28,2,car,0.6656089425086975,1323.9910888671875,70.34187316894531,1371.24658203125,109.9881362915039,1347.6188354492188,90.16500473022461,uvh26
32,187,3,bike,0.28958117961883545,429.0481872558594,204.59959411621094,456.8029479980469,247.03932189941406,442.9255676269531,225.8194580078125,uvh26
32,192,2,car,0.4018952250480652,1097.06396484375,95.08406066894531,1162.9361572265625,138.67962646484375,1130.0000610351562,116.88184356689453,uvh26
32,194,2,car,0.37935370206832886,1119.587158203125,179.03387451171875,1197.836669921875,234.1052703857422,1158.7119140625,206.56957244873047,uvh26
32,16,2,car,0.7789859175682068,1203.302490234375,106.58944702148438,1263.949462890625,152.0272979736328,1233.6259765625,129.3083724975586,uvh26
32,199,2,car,0.499228835105896,1324.171630859375,70.25992584228516,1371.6912841796875,109.91271209716797,1347.9314575195312,90.08631896972656,uvh26
32,200,3,bike,0.35924217104911804,253.97299194335938,72.27679443359375,268.8675231933594,101.98319244384766,261.4202575683594,87.1299934387207,uvh26
32,3,0,pedestrian,0.5398127436637878,1172.03515625,634.7459716796875,1200.702880859375,690.6879272460938,1186.3690185546875,662.7169494628906,coco_person
32,123,0,pedestrian,0.3829086422920227,1245.55224609375,491.2915954589844,1271.1943359375,561.0663452148438,1258.373291015625,526.1789703369141,coco_person
32,2,0,pedestrian,0.2768392264842987,943.7437133789062,220.97618103027344,967.5322875976562,260.04644775390625,955.6380004882812,240.51131439208984,coco_person
32,181,0,pedestrian,0.29381173849105835,1053.048095703125,146.91978454589844,1070.908935546875,181.95864868164062,1061.978515625,164.43921661376953,coco_person
32,4,0,pedestrian,0.4250381886959076,1375.162109375,187.1901092529297,1401.1346435546875,252.70428466796875,1388.1483764648438,219.94719696044922,coco_person
33,1,8,auto,0.9264539480209351,786.7263793945312,566.8114624023438,915.8909912109375,687.2233276367188,851.3086853027344,627.0173950195312,uvh26
33,2,8,auto,0.927005410194397,1127.4354248046875,125.27410125732422,1175.9605712890625,174.26678466796875,1151.697998046875,149.77044296264648,uvh26
33,3,8,auto,0.9024105072021484,201.2873992919922,161.57949829101562,261.04132080078125,213.18275451660156,231.16436004638672,187.3811264038086,uvh26
33,4,8,auto,0.9038453102111816,669.385009765625,599.7069702148438,796.21484375,713.8815307617188,732.7999267578125,656.7942504882812,uvh26
33,5,8,auto,0.8972287774085999,600.5408325195312,630.7597045898438,733.8759155273438,720.0,667.2083740234375,675.3798522949219,uvh26
33,6,8,auto,0.9048041701316833,944.2747192382812,322.04425048828125,1017.476806640625,400.3486022949219,980.8757629394531,361.19642639160156,uvh26
33,7,3,bike,0.8479948043823242,952.233642578125,177.7379150390625,990.5477294921875,225.0790557861328,971.3906860351562,201.40848541259766,uvh26
33,8,3,bike,0.8897191286087036,1022.5620727539062,389.0824279785156,1090.5260009765625,455.8992004394531,1056.5440368652344,422.4908142089844,uvh26
33,10,3,bike,0.8455284833908081,109.3726806640625,226.02342224121094,159.72732543945312,275.06488037109375,134.5500030517578,250.54415130615234,uvh26
33,12,3,bike,0.7201205492019653,215.23887634277344,104.73567962646484,235.78611755371094,138.8527069091797,225.5124969482422,121.79419326782227,uvh26
33,13,8,auto,0.8240642547607422,925.862548828125,572.1396484375,1044.7030029296875,683.4371337890625,985.2827758789062,627.7883911132812,uvh26
33,14,8,auto,0.7083781361579895,515.0626220703125,304.02630615234375,594.1021728515625,374.07611083984375,554.5823974609375,339.05120849609375,uvh26
33,15,3,bike,0.8009148836135864,928.3721923828125,165.7230224609375,960.4678955078125,209.02670288085938,944.4200439453125,187.37486267089844,uvh26
33,17,3,bike,0.8806485533714294,805.3329467773438,211.4623565673828,839.9083862304688,259.5554504394531,822.6206665039062,235.50890350341797,uvh26
33,18,3,bike,0.8235334157943726,387.46453857421875,213.70114135742188,434.1081237792969,258.88262939453125,410.7863311767578,236.29188537597656,uvh26
33,19,8,auto,0.7921563982963562,785.4546508789062,269.7235107421875,874.251708984375,368.77874755859375,829.8531799316406,319.2511291503906,uvh26
33,20,3,bike,0.8164212107658386,1069.62890625,162.34588623046875,1106.266845703125,211.51918029785156,1087.9478759765625,186.93253326416016,uvh26
33,21,3,bike,0.8705780506134033,846.9357299804688,173.29978942871094,880.395751953125,216.75662231445312,863.6657409667969,195.02820587158203,uvh26
33,22,3,bike,0.6282116174697876,1081.61279296875,146.23268127441406,1117.140625,188.70643615722656,1099.376708984375,167.4695587158203,uvh26
33,23,8,auto,0.5154996514320374,415.36578369140625,111.57362365722656,470.5673522949219,152.21005249023438,442.96656799316406,131.89183807373047,uvh26
33,25,3,bike,0.7528512477874756,1346.0467529296875,7.9617109298706055,1362.6939697265625,35.53515625,1354.370361328125,21.748433589935303,uvh26
33,26,3,bike,0.8293450474739075,1030.453125,122.00442504882812,1058.81103515625,161.81845092773438,1044.632080078125,141.91143798828125,uvh26
33,27,3,bike,0.7126235365867615,868.9894409179688,548.607421875,944.31884765625,625.9838256835938,906.6541442871094,587.2956237792969,uvh26
33,29,3,bike,0.8235776424407959,600.7817993164062,223.4744873046875,653.5669555664062,268.3100280761719,627.1743774414062,245.8922576904297,uvh26
33,31,8,auto,0.8847808241844177,1056.0284423828125,73.86056518554688,1093.0191650390625,113.29549407958984,1074.5238037109375,93.57802963256836,uvh26
33,32,3,bike,0.7870534062385559,1206.6063232421875,46.771480560302734,1227.6143798828125,77.83306121826172,1217.1103515625,62.30227088928223,uvh26
33,33,2,car,0.7410034537315369,1235.5928955078125,117.483642578125,1297.5950927734375,170.31556701660156,1266.593994140625,143.89960479736328,uvh26
33,34,3,bike,0.784171998500824,678.4959716796875,289.2530517578125,721.2894897460938,342.34893798828125,699.8927307128906,315.8009948730469,uvh26
33,35,8,auto,0.8502637147903442,900.91064453125,122.91633605957031,947.2782592773438,167.7634735107422,924.0944519042969,145.33990478515625,uvh26
33,37,2,car,0.6237652897834778,1089.4591064453125,55.55630111694336,1138.1871337890625,88.6373291015625,1113.8231201171875,72.09681510925293,uvh26
33,40,2,car,0.5940664410591125,299.2803955078125,114.95278930664062,355.81451416015625,156.52542114257812,327.5474548339844,135.73910522460938,uvh26
33,42,3,bike,0.7119240164756775,268.84051513671875,86.7931900024414,288.5162048339844,121.1541976928711,278.67835998535156,103.97369384765625,uvh26
33,45,2,car,0.46430984139442444,1098.09033203125,93.64860534667969,1166.3328857421875,137.3824920654297,1132.2116088867188,115.51554870605469,uvh26
33,47,3,bike,0.6895763278007507,1309.1776123046875,184.8602752685547,1356.2786865234375,253.21853637695312,1332.7281494140625,219.0394058227539,uvh26
33,48,2,car,0.6397433876991272,1361.6871337890625,29.74751091003418,1405.6551513671875,63.48112487792969,1383.671142578125,46.614317893981934,uvh26
33,41,3,bike,0.8009259700775146,1009.384033203125,116.37554931640625,1037.3023681640625,153.208984375,1023.3432006835938,134.79226684570312,uvh26
33,58,3,bike,0.7153996825218201,651.95361328125,262.4029541015625,689.6280517578125,312.1061706542969,670.7908325195312,287.2545623779297,uvh26
33,38,2,car,0.4618454575538635,1115.9273681640625,180.7300567626953,1194.3199462890625,235.5717315673828,1155.1236572265625,208.15089416503906,uvh26
33,77,3,bike,0.5255295634269714,1332.310791015625,5.701053142547607,1349.5728759765625,31.62156867980957,1340.9418334960938,18.66131091117859,uvh26
33,92,3,bike,0.860077977180481,612.782958984375,301.5181884765625,665.6336669921875,356.4368591308594,639.2083129882812,328.97752380371094,uvh26
33,98,3,bike,0.547353982925415,571.0474243164062,283.22955322265625,613.80126953125,338.1990051269531,592.4243469238281,310.7142791748047,uvh26
33,89,3,bike,0.5588101148605347,292.2314147949219,93.58930969238281,308.8732604980469,124.1458511352539,300.5523376464844,108.86758041381836,uvh26
33,148,2,car,0.5281305909156799,299.6413269042969,114.86506652832031,356.88604736328125,156.07273864746094,328.26368713378906,135.46890258789062,uvh26
33,155,8,auto,0.4628656804561615,391.7912292480469,109.37517547607422,426.3278503417969,147.4244384765625,409.0595397949219,128.39980697631836,uvh26
33,28,2,car,0.5611692070960999,1322.560791015625,71.21395111083984,1370.10009765625,111.11009216308594,1346.3304443359375,91.16202163696289,uvh26
33,192,2,car,0.263478547334671,1098.4227294921875,93.15483093261719,1164.8465576171875,137.18209838867188,1131.6346435546875,115.16846466064453,uvh26
33,194,2,car,0.4640844762325287,1116.734375,180.11672973632812,1195.564453125,235.5947723388672,1156.1494140625,207.85575103759766,uvh26
33,16,2,car,0.797003448009491,1202.4840087890625,107.03898620605469,1262.958984375,152.32591247558594,1232.7214965820312,129.6824493408203,uvh26
33,199,2,car,0.5140279531478882,1322.9879150390625,70.81237030029297,1370.777587890625,110.69856262207031,1346.8827514648438,90.75546646118164,uvh26
33,200,3,bike,0.5167334675788879,254.90740966796875,73.06124114990234,269.7819519042969,102.69895935058594,262.3446807861328,87.88010025024414,uvh26
33,3,0,pedestrian,0.5379123091697693,1172.172119140625,634.6338500976562,1200.7772216796875,690.6758422851562,1186.4746704101562,662.6548461914062,coco_person
33,123,0,pedestrian,0.4532696604728699,1242.646728515625,491.6053771972656,1268.461669921875,561.8628540039062,1255.55419921875,526.7341156005859,coco_person
33,181,0,pedestrian,0.35303276777267456,1052.9443359375,147.40379333496094,1070.5919189453125,182.1353302001953,1061.7681274414062,164.76956176757812,coco_person
33,4,0,pedestrian,0.4077892303466797,1374.995361328125,185.8599090576172,1400.9361572265625,252.47857666015625,1387.9657592773438,219.16924285888672,coco_person
33,207,0,pedestrian,0.3144502639770508,1377.7406005859375,207.3835906982422,1402.4639892578125,252.7332763671875,1390.102294921875,230.05843353271484,coco_person
34,1,8,auto,0.9266571998596191,786.7117309570312,566.7971801757812,915.8798828125,687.22998046875,851.2958068847656,627.0135803222656,uvh26
34,2,8,auto,0.9239776134490967,1126.2730712890625,125.60293579101562,1174.8463134765625,174.64891052246094,1150.5596923828125,150.12592315673828,uvh26
34,3,8,auto,0.9032621383666992,201.24124145507812,161.4595489501953,261.1586608886719,213.21424865722656,231.199951171875,187.33689880371094,uvh26
34,4,8,auto,0.9047713875770569,669.4151000976562,599.7091064453125,796.2530517578125,713.8491821289062,732.8340759277344,656.7791442871094,uvh26
34,5,8,auto,0.8968333601951599,600.532958984375,630.744384765625,733.9048461914062,720.0,667.2189025878906,675.3721923828125,uvh26
34,6,8,auto,0.9002050757408142,941.17236328125,323.3377685546875,1014.7675170898438,401.8745422363281,977.9699401855469,362.6061553955078,uvh26
34,7,3,bike,0.8333856463432312,950.3245239257812,178.0049591064453,988.4895629882812,225.2107391357422,969.4070434570312,201.60784912109375,uvh26
34,8,3,bike,0.8881951570510864,1021.2350463867188,388.5310974121094,1089.2218017578125,455.5751647949219,1055.2284240722656,422.0531311035156,uvh26
34,10,3,bike,0.7834339737892151,105.89962005615234,226.1308135986328,155.79515075683594,275.1528015136719,130.84738540649414,250.64180755615234,uvh26
34,12,3,bike,0.6161981225013733,214.19903564453125,104.25467681884766,234.8524932861328,138.37420654296875,224.52576446533203,121.3144416809082,uvh26
34,13,8,auto,0.8281692862510681,925.93310546875,572.0448608398438,1044.7220458984375,683.2630615234375,985.3275756835938,627.6539611816406,uvh26
34,14,8,auto,0.7813045978546143,512.2227172851562,303.4796447753906,590.8978881835938,373.0807800292969,551.560302734375,338.28021240234375,uvh26
34,15,3,bike,0.7925342917442322,932.4913940429688,164.3052978515625,964.2780151367188,207.3080596923828,948.3847045898438,185.80667877197266,uvh26
34,17,3,bike,0.851686418056488,809.2263793945312,209.0087432861328,844.2058715820312,257.894287109375,826.7161254882812,233.4515151977539,uvh26
34,18,3,bike,0.7370676398277283,391.544677734375,211.68829345703125,440.52899169921875,259.1845703125,416.0368347167969,235.43643188476562,uvh26
34,19,8,auto,0.7753010988235474,783.3395385742188,270.0508728027344,872.5516357421875,369.5552978515625,827.9455871582031,319.80308532714844,uvh26
34,20,3,bike,0.8361506462097168,1067.6949462890625,161.5520782470703,1105.1241455078125,211.94778442382812,1086.4095458984375,186.74993133544922,uvh26
34,21,3,bike,0.8670605421066284,849.72412109375,172.69789123535156,882.8903198242188,215.8509063720703,866.3072204589844,194.27439880371094,uvh26
34,22,3,bike,0.6515631675720215,1079.955322265625,146.52044677734375,1115.7525634765625,189.3989715576172,1097.8539428710938,167.95970916748047,uvh26
34,23,8,auto,0.5147120356559753,416.0701599121094,111.62419128417969,470.98748779296875,152.1053009033203,443.52882385253906,131.86474609375,uvh26
34,25,3,bike,0.7670279145240784,1347.159423828125,7.287736892700195,1363.6463623046875,34.559810638427734,1355.4028930664062,20.923773765563965,uvh26
34,26,3,bike,0.8287259936332703,1033.4599609375,120.32781982421875,1061.987548828125,160.89447021484375,1047.7237548828125,140.61114501953125,uvh26
34,27,3,bike,0.7235791683197021,868.9973754882812,548.5595092773438,944.5479736328125,625.93212890625,906.7726745605469,587.2458190917969,uvh26
34,29,3,bike,0.8134298324584961,603.7128295898438,223.75892639160156,656.7484741210938,268.80242919921875,630.2306518554688,246.28067779541016,uvh26
34,31,8,auto,0.8794494867324829,1056.7098388671875,73.70645141601562,1093.66943359375,113.000732421875,1075.1896362304688,93.35359191894531,uvh26
34,32,3,bike,0.7812129855155945,1208.330810546875,45.85139083862305,1229.5152587890625,77.44544982910156,1218.9230346679688,61.648420333862305,uvh26
34,33,2,car,0.7978924512863159,1233.163818359375,118.14836120605469,1295.3135986328125,171.08302307128906,1264.2387084960938,144.61569213867188,uvh26
34,34,3,bike,0.5414449572563171,676.41796875,288.9365234375,719.0963745117188,341.6507263183594,697.7571716308594,315.2936248779297,uvh26
34,35,8,auto,0.8563952445983887,900.8848876953125,122.85154724121094,947.362060546875,167.83531188964844,924.1234741210938,145.3434295654297,uvh26
34,37,2,car,0.6250545978546143,1089.6192626953125,55.55329132080078,1138.263916015625,88.66027069091797,1113.9415893554688,72.10678100585938,uvh26
34,40,2,car,0.5890910029411316,300.7741394042969,115.43717956542969,357.7828369140625,157.40830993652344,329.2784881591797,136.42274475097656,uvh26
34,42,3,bike,0.663787305355072,270.243408203125,87.40177917480469,289.6122741699219,121.39370727539062,279.92784118652344,104.39774322509766,uvh26
34,47,3,bike,0.6358672380447388,1308.5457763671875,184.9162139892578,1355.9093017578125,253.17628479003906,1332.2275390625,219.04624938964844,uvh26
34,48,2,car,0.6376631259918213,1360.3228759765625,30.159414291381836,1404.9144287109375,64.36880493164062,1382.61865234375,47.26410961151123,uvh26
34,41,3,bike,0.8293018341064453,1012.7297973632812,115.50791931152344,1040.51513671875,152.28125,1026.6224670410156,133.89458465576172,uvh26
34,58,3,bike,0.7187806367874146,648.7324829101562,261.6047668457031,686.6915893554688,310.9776306152344,667.7120361328125,286.29119873046875,uvh26
34,38,2,car,0.5582793354988098,1113.151123046875,182.02711486816406,1191.468017578125,236.75376892089844,1152.3095703125,209.39044189453125,uvh26
34,77,3,bike,0.5247923731803894,1333.5892333984375,4.599942207336426,1350.9150390625,31.001819610595703,1342.2521362304688,17.800880908966064,uvh26
34,92,3,bike,0.8332266807556152,611.556884765625,300.84197998046875,664.1890869140625,355.77606201171875,637.8729858398438,328.30902099609375,uvh26
34,98,3,bike,0.6635569930076599,568.5848999023438,282.9960021972656,610.99169921875,336.791015625,589.7882995605469,309.8935089111328,uvh26
34,89,3,bike,0.46241816878318787,293.235107421875,93.94496154785156,309.9405517578125,124.6039047241211,301.58782958984375,109.27443313598633,uvh26
34,148,2,car,0.47589823603630066,301.34918212890625,115.24243927001953,359.03033447265625,156.8059844970703,330.18975830078125,136.02421188354492,uvh26
34,155,8,auto,0.494182288646698,391.8602294921875,109.31454467773438,426.46148681640625,147.5503387451172,409.1608581542969,128.43244171142578,uvh26
34,28,2,car,0.6569887399673462,1321.521484375,71.78177642822266,1369.183837890625,111.7939453125,1345.3526611328125,91.78786087036133,uvh26
34,194,2,car,0.4176243543624878,1114.0435791015625,181.80596923828125,1192.512451171875,236.98757934570312,1153.2780151367188,209.3967742919922,uvh26
34,16,2,car,0.7901724576950073,1201.518310546875,107.38009643554688,1261.919921875,152.630859375,1231.7191162109375,130.00547790527344,uvh26
34,200,3,bike,0.6377550959587097,256.1776428222656,73.86231231689453,270.9275207519531,103.21304321289062,263.5525817871094,88.53767776489258,uvh26
34,3,0,pedestrian,0.5390177965164185,1172.060791015625,634.3816528320312,1200.666748046875,690.6038208007812,1186.36376953125,662.4927368164062,coco_person
34,123,0,pedestrian,0.5866079330444336,1240.4422607421875,490.10821533203125,1266.8140869140625,561.453857421875,1253.628173828125,525.7810363769531,coco_person
34,181,0,pedestrian,0.3394191861152649,1052.8990478515625,147.63072204589844,1070.380859375,182.1797332763672,1061.6399536132812,164.9052276611328,coco_person
34,4,0,pedestrian,0.4915226101875305,1374.855712890625,184.7290496826172,1400.734619140625,252.1927490234375,1387.795166015625,218.46089935302734,coco_person
34,207,0,pedestrian,0.3160274922847748,1377.6263427734375,208.71908569335938,1401.369384765625,252.23602294921875,1389.4978637695312,230.47755432128906,coco_person
35,1,8,auto,0.926831066608429,786.72119140625,566.699951171875,915.98974609375,687.244140625,851.35546875,626.9720458984375,uvh26
35,2,8,auto,0.9250417351722717,1125.11083984375,126.0869369506836,1173.6817626953125,175.08432006835938,1149.3963012695312,150.58562850952148,uvh26
35,3,8,auto,0.9045438170433044,201.25315856933594,161.54534912109375,261.104736328125,213.2460174560547,231.17894744873047,187.39568328857422,uvh26
35,4,8,auto,0.9042873382568359,669.4503784179688,599.7070922851562,796.299560546875,713.8348388671875,732.8749694824219,656.7709655761719,uvh26
35,5,8,auto,0.8972088694572449,600.504150390625,630.7180786132812,733.915283203125,720.0,667.209716796875,675.3590393066406,uvh26
35,6,8,auto,0.8940788507461548,937.98193359375,324.8190002441406,1011.9027099609375,403.6674499511719,974.9423217773438,364.24322509765625,uvh26
35,7,3,bike,0.785869300365448,947.828125,176.3735809326172,987.5752563476562,225.92547607421875,967.7016906738281,201.14952850341797,uvh26
35,8,3,bike,0.8956723809242249,1019.9515380859375,387.9149169921875,1088.1322021484375,455.3494873046875,1054.0418701171875,421.6322021484375,uvh26
35,10,3,bike,0.7039333581924438,102.6428451538086,225.6698760986328,152.33615112304688,274.8365173339844,127.48949813842773,250.2531967163086,uvh26
35,12,3,bike,0.6060730218887329,213.53358459472656,104.11824035644531,234.0031280517578,137.7902069091797,223.7683563232422,120.9542236328125,uvh26
35,13,8,auto,0.8265729546546936,926.0186767578125,572.0889892578125,1044.7423095703125,683.1950073242188,985.3804931640625,627.6419982910156,uvh26
35,14,8,auto,0.7506261467933655,510.32611083984375,302.8945617675781,589.01708984375,372.6526794433594,549.6716003417969,337.77362060546875,uvh26
35,15,3,bike,0.7135080099105835,936.665771484375,163.42616271972656,968.1480102539062,205.96693420410156,952.4068908691406,184.69654846191406,uvh26
35,17,3,bike,0.8750324249267578,812.9503173828125,207.30685424804688,847.8312377929688,256.178466796875,830.3907775878906,231.74266052246094,uvh26
35,18,3,bike,0.8116289377212524,395.9788818359375,211.4541778564453,445.58038330078125,259.4691467285156,420.7796325683594,235.46166229248047,uvh26
35,19,8,auto,0.7778175473213196,781.4013671875,271.0739440917969,870.0857543945312,369.8328857421875,825.7435607910156,320.4534149169922,uvh26
35,20,3,bike,0.8385539054870605,1066.3876953125,161.92214965820312,1104.0543212890625,212.60736083984375,1085.2210083007812,187.26475524902344,uvh26
35,21,3,bike,0.8567295074462891,852.3451538085938,171.77256774902344,885.1840209960938,214.59210205078125,868.7645874023438,193.18233489990234,uvh26
35,22,3,bike,0.548687219619751,1078.289794921875,147.0347442626953,1113.9398193359375,189.91067504882812,1096.1148071289062,168.47270965576172,uvh26
35,23,8,auto,0.487842857837677,416.40625,111.6943588256836,471.2189636230469,152.08717346191406,443.81260681152344,131.89076614379883,uvh26
35,25,3,bike,0.7538561224937439,1349.289306640625,6.955806255340576,1365.5460205078125,33.83295822143555,1357.4176635742188,20.39438223838806,uvh26
35,26,3,bike,0.8344495892524719,1037.0576171875,119.55138397216797,1064.8955078125,159.4276123046875,1050.9765625,139.48949813842773,uvh26
35,27,3,bike,0.7131966948509216,869.1177368164062,548.6416015625,944.7955932617188,625.8958129882812,906.9566650390625,587.2687072753906,uvh26
35,29,3,bike,0.8144513964653015,607.1681518554688,224.22879028320312,660.4426879882812,269.23138427734375,633.805419921875,246.73008728027344,uvh26
35,31,8,auto,0.8594430685043335,1057.185546875,73.58771514892578,1094.034912109375,112.68523406982422,1075.6102294921875,93.136474609375,uvh26
35,32,3,bike,0.8078708648681641,1210.060791015625,45.34263610839844,1230.9163818359375,76.66458129882812,1220.4885864257812,61.00360870361328,uvh26
35,33,2,car,0.821992039680481,1231.135986328125,119.0171890258789,1293.6697998046875,172.17245483398438,1262.4028930664062,145.59482192993164,uvh26
35,34,3,bike,0.6988372802734375,673.526611328125,288.82073974609375,716.20361328125,341.3047180175781,694.8651123046875,315.06272888183594,uvh26
35,35,8,auto,0.863357424736023,900.8291625976562,122.84803771972656,947.4268798828125,167.98828125,924.1280212402344,145.41815948486328,uvh26
35,37,2,car,0.6472023129463196,1089.6904296875,55.562870025634766,1138.2994384765625,88.7322769165039,1113.9949340820312,72.14757347106934,uvh26
35,40,2,car,0.599155604839325,301.36865234375,115.88220977783203,358.3250427246094,157.98178100585938,329.8468475341797,136.9319953918457,uvh26
35,42,3,bike,0.6690948605537415,271.2295837402344,87.851318359375,290.1866149902344,121.29114532470703,280.7080993652344,104.57123184204102,uvh26
35,47,3,bike,0.6195846199989319,1307.8306884765625,184.95834350585938,1355.3609619140625,253.18397521972656,1331.5958251953125,219.07115936279297,uvh26
35,48,2,car,0.6419693231582642,1359.2054443359375,30.719741821289062,1404.249267578125,65.2579345703125,1381.7273559570312,47.98883819580078,uvh26
35,41,3,bike,0.8371922969818115,1015.8909301757812,114.46417999267578,1043.4620361328125,151.03440856933594,1029.6764831542969,132.74929428100586,uvh26
35,58,3,bike,0.7802611589431763,644.0123901367188,258.69830322265625,683.5404663085938,309.962646484375,663.7764282226562,284.3304748535156,uvh26
35,38,2,car,0.5886568427085876,1110.1455078125,183.09555053710938,1189.2376708984375,238.30723571777344,1149.6915893554688,210.7013931274414,uvh26
35,77,3,bike,0.7067365050315857,1334.9041748046875,3.9683103561401367,1352.1251220703125,30.574260711669922,1343.5146484375,17.27128553390503,uvh26
35,92,3,bike,0.8267290592193604,610.1470947265625,300.3352966308594,662.234130859375,355.0506591796875,636.1906127929688,327.69297790527344,uvh26
35,98,3,bike,0.5318753123283386,565.6991577148438,283.085205078125,608.441650390625,336.4598388671875,587.0704040527344,309.77252197265625,uvh26
35,89,3,bike,0.6328653693199158,293.96826171875,94.03739166259766,311.3115234375,125.69356536865234,302.639892578125,109.865478515625,uvh26
35,148,2,car,0.477104514837265,301.3262634277344,115.6256103515625,359.10528564453125,157.449951171875,330.2157745361328,136.53778076171875,uvh26
35,155,8,auto,0.4915233552455902,392.0142517089844,109.13114166259766,426.6362609863281,147.49771118164062,409.32525634765625,128.31442642211914,uvh26
35,28,2,car,0.6590033769607544,1320.5867919921875,72.44224548339844,1368.2237548828125,112.42711639404297,1344.4052734375,92.4346809387207,uvh26
35,194,2,car,0.43838000297546387,1111.2496337890625,183.1063995361328,1189.5235595703125,238.09829711914062,1150.3865966796875,210.60234832763672,uvh26
35,16,2,car,0.7743332982063293,1200.5201416015625,107.86873626708984,1260.64990234375,152.9379119873047,1230.5850219726562,130.40332412719727,uvh26
35,200,3,bike,0.6325747966766357,256.78759765625,74.2210464477539,271.51068115234375,103.4825668334961,264.1491394042969,88.851806640625,uvh26
35,213,3,bike,0.38271456956863403,1306.355224609375,193.7421875,1345.70947265625,253.43331909179688,1326.0323486328125,223.58775329589844,uvh26
35,45,2,car,0.4223847985267639,1101.1448974609375,91.14685821533203,1168.4866943359375,134.7987060546875,1134.8157958984375,112.97278213500977,uvh26
35,3,0,pedestrian,0.5496676564216614,1171.970458984375,634.1941528320312,1200.577392578125,690.59375,1186.27392578125,662.3939514160156,coco_person
35,123,0,pedestrian,0.45639103651046753,1240.2015380859375,490.0526123046875,1265.1090087890625,557.0591430664062,1252.6552734375,523.5558776855469,coco_person
35,181,0,pedestrian,0.3134673833847046,1052.9832763671875,147.25466918945312,1070.576171875,182.0225067138672,1061.7797241210938,164.63858795166016,coco_person
35,4,0,pedestrian,0.5217222571372986,1374.5264892578125,183.8006591796875,1400.203369140625,251.74879455566406,1387.3649291992188,217.77472686767578,coco_person
35,207,0,pedestrian,0.3373933732509613,1376.8306884765625,208.69248962402344,1400.478759765625,252.07350158691406,1388.6547241210938,230.38299560546875,coco_person
36,1,8,auto,0.9277319312095642,786.7282104492188,566.6027221679688,916.0870361328125,687.2754516601562,851.4076232910156,626.9390869140625,uvh26
36,2,8,auto,0.920787513256073,1124.043701171875,126.52892303466797,1172.6453857421875,175.46414184570312,1148.3445434570312,150.99653244018555,uvh26
36,3,8,auto,0.9063431024551392,201.3100128173828,161.73162841796875,260.98004150390625,213.27220153808594,231.14502716064453,187.50191497802734,uvh26
36,4,8,auto,0.9035969972610474,669.4389038085938,599.5784301757812,796.4354248046875,713.8390502929688,732.9371643066406,656.708740234375,uvh26
36,5,8,auto,0.8956522941589355,600.45751953125,630.6929931640625,733.9030151367188,720.0,667.1802673339844,675.3464965820312,uvh26
36,6,8,auto,0.9033187627792358,935.353759765625,326.2336730957031,1009.4677124023438,405.17083740234375,972.4107360839844,365.70225524902344,uvh26
36,7,3,bike,0.7615445256233215,944.386474609375,174.4904022216797,985.9765014648438,226.62887573242188,965.1814880371094,200.55963897705078,uvh26
36,8,3,bike,0.885624885559082,1018.8945922851562,387.6266784667969,1086.7281494140625,454.9147033691406,1052.8113708496094,421.27069091796875,uvh26
36,10,3,bike,0.6814084053039551,99.79170227050781,225.99327087402344,147.7049102783203,273.7217102050781,123.74830627441406,249.85749053955078,uvh26
36,12,3,bike,0.7589845657348633,212.68251037597656,103.53086853027344,233.1602020263672,137.24261474609375,222.92135620117188,120.3867416381836,uvh26
36,13,8,auto,0.8248728513717651,925.9735107421875,572.1405639648438,1044.7852783203125,683.2947998046875,985.37939453125,627.7176818847656,uvh26
36,14,8,auto,0.8217813372612,508.7504577636719,302.7163391113281,586.508544921875,371.9027404785156,547.6295013427734,337.3095397949219,uvh26
36,15,3,bike,0.6101613640785217,940.5126342773438,162.47500610351562,971.7282104492188,204.7567138671875,956.1204223632812,183.61585998535156,uvh26
36,17,3,bike,0.8681395053863525,817.3074340820312,205.984130859375,851.8663330078125,254.3986358642578,834.5868835449219,230.1913833618164,uvh26
36,18,3,bike,0.8273608684539795,399.1318664550781,207.98072814941406,452.47802734375,259.9643249511719,425.80494689941406,233.97252655029297,uvh26
36,19,8,auto,0.7234257459640503,779.0559692382812,272.2794189453125,867.4312133789062,370.56646728515625,823.2435913085938,321.4229431152344,uvh26
36,20,3,bike,0.8217766284942627,1064.0406494140625,160.01788330078125,1103.3876953125,213.22975158691406,1083.7141723632812,186.62381744384766,uvh26
36,21,3,bike,0.8628582954406738,854.74609375,171.12954711914062,887.25634765625,213.56764221191406,871.001220703125,192.34859466552734,uvh26
36,22,3,bike,0.5119673013687134,1077.0810546875,147.42037963867188,1112.746826171875,190.4346466064453,1094.9139404296875,168.9275131225586,uvh26
36,23,8,auto,0.5086674094200134,416.7388610839844,111.56380462646484,471.6891784667969,152.1172637939453,444.2140197753906,131.84053421020508,uvh26
36,25,3,bike,0.6978996992111206,1351.3984375,6.987102031707764,1367.3175048828125,33.26572799682617,1359.3579711914062,20.126415014266968,uvh26
36,26,3,bike,0.8066832423210144,1040.5931396484375,118.29948425292969,1068.082763671875,157.968994140625,1054.3379516601562,138.13423919677734,uvh26
36,27,3,bike,0.7396395802497864,869.0706176757812,548.64111328125,944.9646606445312,625.8342895507812,907.0176391601562,587.2377014160156,uvh26
36,29,3,bike,0.7874838709831238,608.467041015625,224.4510498046875,661.4407958984375,269.35186767578125,634.9539184570312,246.90145874023438,uvh26
36,31,8,auto,0.8508540987968445,1057.6690673828125,73.4725570678711,1094.412353515625,112.37783813476562,1076.0407104492188,92.92519760131836,uvh26
36,32,3,bike,0.8083250522613525,1211.5596923828125,45.22515869140625,1232.009765625,76.05989074707031,1221.7847290039062,60.64252471923828,uvh26
36,33,2,car,0.847658634185791,1228.8154296875,120.16725158691406,1291.1748046875,173.1912841796875,1259.9951171875,146.67926788330078,uvh26
36,34,3,bike,0.7919332981109619,670.3729248046875,287.6361389160156,713.5457153320312,340.755615234375,691.9593200683594,314.1958770751953,uvh26
36,35,8,auto,0.8664329648017883,900.8742065429688,122.90816497802734,947.4524536132812,168.08450317382812,924.163330078125,145.49633407592773,uvh26
36,37,2,car,0.6622925400733948,1089.77880859375,55.59921646118164,1138.3321533203125,88.80752563476562,1114.0554809570312,72.20337104797363,uvh26
36,40,2,car,0.6007639169692993,302.27618408203125,116.42158508300781,358.88458251953125,158.4366912841797,330.58038330078125,137.42913818359375,uvh26
36,42,3,bike,0.5891130566596985,272.3106689453125,88.263916015625,291.4056701660156,122.1613998413086,281.85816955566406,105.2126579284668,uvh26
36,47,3,bike,0.6292794942855835,1307.526123046875,184.89671325683594,1355.279541015625,253.18507385253906,1331.40283203125,219.0408935546875,uvh26
36,48,2,car,0.6395046710968018,1358.0892333984375,31.616470336914062,1403.0177001953125,65.99142456054688,1380.553466796875,48.80394744873047,uvh26
36,41,3,bike,0.8288294076919556,1019.0798950195312,113.6913070678711,1046.1971435546875,149.76039123535156,1032.6385192871094,131.72584915161133,uvh26
36,58,3,bike,0.8063948750495911,639.5232543945312,256.0590515136719,680.2705688476562,308.9544372558594,659.8969116210938,282.5067443847656,uvh26
36,38,2,car,0.47642600536346436,1107.5498046875,184.1066131591797,1187.846435546875,240.06605529785156,1147.6981201171875,212.08633422851562,uvh26
36,77,3,bike,0.7322322726249695,1336.0880126953125,3.5804543495178223,1353.0189208984375,30.088546752929688,1344.553466796875,16.834500551223755,uvh26
36,92,3,bike,0.8281709551811218,608.9600830078125,300.0375671386719,660.551513671875,354.5055236816406,634.7557983398438,327.27154541015625,uvh26
36,98,3,bike,0.6725379824638367,561.8433227539062,282.62396240234375,605.0545654296875,335.7530822753906,583.4489440917969,309.1885223388672,uvh26
36,89,3,bike,0.7094072103500366,295.18603515625,94.8526840209961,312.76434326171875,126.64822387695312,303.9751892089844,110.75045394897461,uvh26
36,148,2,car,0.4400099217891693,302.6244201660156,116.184814453125,360.08209228515625,157.849365234375,331.35325622558594,137.01708984375,uvh26
36,155,8,auto,0.5198755264282227,392.0144958496094,109.16651916503906,426.5569152832031,147.59902954101562,409.28570556640625,128.38277435302734,uvh26
36,28,2,car,0.6235997676849365,1319.4674072265625,73.55304718017578,1366.67138671875,113.11144256591797,1343.0693969726562,93.33224487304688,uvh26
36,194,2,car,0.5096313953399658,1108.7152099609375,184.1980743408203,1187.5504150390625,239.47384643554688,1148.1328125,211.8359603881836,uvh26
36,16,2,car,0.753687858581543,1199.740234375,108.5734634399414,1259.53857421875,153.39816284179688,1229.639404296875,130.98581314086914,uvh26
36,200,3,bike,0.3124847114086151,257.63037109375,74.36115264892578,272.36590576171875,103.59191131591797,264.9981384277344,88.97653198242188,uvh26
36,213,3,bike,0.40740329027175903,1306.3392333984375,193.4613800048828,1345.882080078125,253.443115234375,1326.1106567382812,223.4522476196289,uvh26
36,45,2,car,0.44713443517684937,1101.9918212890625,90.30079650878906,1168.0308837890625,133.76358032226562,1135.0113525390625,112.03218841552734,uvh26
36,3,0,pedestrian,0.5611879229545593,1171.7373046875,634.0983276367188,1200.40185546875,690.657470703125,1186.069580078125,662.3778991699219,coco_person
36,123,0,pedestrian,0.4421412944793701,1237.5054931640625,489.9375305175781,1263.984375,561.3076782226562,1250.7449340820312,525.6226043701172,coco_person
36,181,0,pedestrian,0.273907333612442,1052.4739990234375,145.9726104736328,1070.6605224609375,181.87991333007812,1061.5672607421875,163.92626190185547,coco_person
36,4,0,pedestrian,0.5304492115974426,1375.2069091796875,184.046875,1400.7552490234375,251.70126342773438,1387.9810791015625,217.8740692138672,coco_person
36,207,0,pedestrian,0.38437941670417786,1376.136962890625,206.50770568847656,1401.0069580078125,252.24176025390625,1388.5719604492188,229.3747329711914,coco_person
37,1,8,auto,0.9275271892547607,786.720947265625,566.5145874023438,916.1273803710938,687.296142578125,851.4241638183594,626.9053649902344,uvh26
37,2,8,auto,0.9164478182792664,1122.893798828125,127.13715362548828,1171.4942626953125,175.86892700195312,1147.1940307617188,151.5030403137207,uvh26
37,3,8,auto,0.9057783484458923,201.3768768310547,161.8400421142578,260.9676818847656,213.3136444091797,231.17227935791016,187.57684326171875,uvh26
37,4,8,auto,0.9032402634620667,669.364990234375,599.5196533203125,796.5932006835938,714.0115356445312,732.9790954589844,656.7655944824219,uvh26
37,5,8,auto,0.8962274193763733,600.4525756835938,630.71142578125,733.8709716796875,720.0,667.1617736816406,675.355712890625,uvh26
37,6,8,auto,0.9118186831474304,931.6685180664062,327.271484375,1006.8042602539062,407.3110656738281,969.2363891601562,367.29127502441406,uvh26
37,7,3,bike,0.7709081768989563,943.352783203125,174.32125854492188,985.1813354492188,227.06924438476562,964.2670593261719,200.69525146484375,uvh26
37,8,3,bike,0.886087954044342,1017.7548828125,387.3616027832031,1085.2169189453125,454.48785400390625,1051.4859008789062,420.9247283935547,uvh26
37,10,3,bike,0.253978431224823,96.85379028320312,226.906005859375,143.6832275390625,274.00390625,120.26850891113281,250.4549560546875,uvh26
37,12,3,bike,0.6356877088546753,212.20335388183594,103.41934204101562,232.5645294189453,136.98780822753906,222.38394165039062,120.20357513427734,uvh26
37,13,8,auto,0.8321701288223267,925.9096069335938,572.2050170898438,1044.802490234375,683.3980102539062,985.3560485839844,627.801513671875,uvh26
37,14,8,auto,0.8278788328170776,505.6778259277344,302.1861267089844,582.58984375,370.76312255859375,544.1338348388672,336.47462463378906,uvh26
37,15,3,bike,0.5169098377227783,943.4178466796875,160.47940063476562,974.40869140625,202.93321228027344,958.9132690429688,181.70630645751953,uvh26
37,17,3,bike,0.8694146275520325,821.4400634765625,204.65158081054688,855.4459838867188,252.38623046875,838.4430236816406,228.51890563964844,uvh26
37,18,3,bike,0.8737030029296875,402.452880859375,206.4771270751953,457.1192932128906,260.5321044921875,429.7860870361328,233.5046157836914,uvh26
37,19,8,auto,0.7151044011116028,777.3751220703125,274.3998107910156,864.3739624023438,370.86334228515625,820.8745422363281,322.63157653808594,uvh26
37,20,3,bike,0.7487204670906067,1062.7333984375,162.62741088867188,1100.619140625,213.610595703125,1081.67626953125,188.11900329589844,uvh26
37,21,3,bike,0.8601011633872986,856.959716796875,169.88897705078125,889.7144165039062,212.7755889892578,873.3370666503906,191.33228302001953,uvh26
37,22,3,bike,0.5459447503089905,1075.0115966796875,148.2971649169922,1110.7017822265625,191.06765747070312,1092.856689453125,169.68241119384766,uvh26
37,23,8,auto,0.47707727551460266,416.45721435546875,111.5076904296875,471.441162109375,152.03953552246094,443.9491882324219,131.77361297607422,uvh26
37,25,3,bike,0.5565398931503296,1352.8677978515625,7.048232555389404,1368.517333984375,32.811771392822266,1360.6925659179688,19.930001974105835,uvh26
37,26,3,bike,0.8370722532272339,1043.4891357421875,117.01860809326172,1070.9195556640625,156.816162109375,1057.204345703125,136.91738510131836,uvh26
37,27,3,bike,0.7643001079559326,868.2575073242188,548.5054931640625,943.9259033203125,625.9075317382812,906.0917053222656,587.2065124511719,uvh26
37,29,3,bike,0.7840691804885864,610.7110595703125,224.57177734375,663.3116455078125,269.32562255859375,637.0113525390625,246.94869995117188,uvh26
37,31,8,auto,0.8568398952484131,1058.1864013671875,73.37867736816406,1094.86279296875,112.15804290771484,1076.5245971679688,92.76836013793945,uvh26
37,32,3,bike,0.8332847356796265,1213.2255859375,44.841522216796875,1233.3431396484375,75.28082275390625,1223.2843627929688,60.06117248535156,uvh26
37,33,2,car,0.8597709536552429,1226.66552734375,121.38397216796875,1289.276123046875,174.5168914794922,1257.9708251953125,147.95043182373047,uvh26
37,34,3,bike,0.7424687743186951,668.338623046875,286.99029541015625,711.74951171875,340.431640625,690.0440673828125,313.7109680175781,uvh26
37,35,8,auto,0.8686218857765198,900.948486328125,122.96826934814453,947.49267578125,168.15130615234375,924.2205810546875,145.55978775024414,uvh26
37,37,2,car,0.6404336094856262,1089.7447509765625,55.623226165771484,1138.2347412109375,88.85103607177734,1113.98974609375,72.23713111877441,uvh26
37,40,2,car,0.3459767699241638,304.84326171875,116.11878204345703,362.3848571777344,158.6195526123047,333.6140594482422,137.36916732788086,uvh26
37,42,3,bike,0.600406289100647,273.3544921875,88.76454162597656,292.45794677734375,122.82572174072266,282.9062194824219,105.79513168334961,uvh26
37,47,3,bike,0.6205410361289978,1307.675537109375,184.81478881835938,1355.6907958984375,253.099365234375,1331.6831665039062,218.9570770263672,uvh26
37,48,2,car,0.6205723285675049,1356.7872314453125,32.21249771118164,1401.959228515625,66.72366333007812,1379.3732299804688,49.46808052062988,uvh26
37,41,3,bike,0.8632704615592957,1022.0713500976562,112.84147644042969,1048.792236328125,148.5610809326172,1035.4317932128906,130.70127868652344,uvh26
37,58,3,bike,0.7993965744972229,636.269287109375,254.85043334960938,677.711669921875,308.48834228515625,656.990478515625,281.6693878173828,uvh26
37,38,2,car,0.461683452129364,1104.2276611328125,185.29971313476562,1184.887451171875,241.52963256835938,1144.5575561523438,213.4146728515625,uvh26
37,77,3,bike,0.5842472314834595,1337.4168701171875,3.151599168777466,1353.9862060546875,29.491161346435547,1345.7015380859375,16.321380257606506,uvh26
37,92,3,bike,0.8278042078018188,607.57080078125,299.6101379394531,659.1283569335938,354.2066650390625,633.3495788574219,326.9084014892578,uvh26
37,98,3,bike,0.5468520522117615,558.0628051757812,281.86370849609375,602.2061767578125,335.8864440917969,580.1344909667969,308.8750762939453,uvh26
37,89,3,bike,0.6003789901733398,296.1463623046875,95.3671875,313.75830078125,126.99921417236328,304.95233154296875,111.18320083618164,uvh26
37,148,2,car,0.5741273760795593,304.00042724609375,116.34310913085938,362.14324951171875,158.5516357421875,333.07183837890625,137.44737243652344,uvh26
37,155,8,auto,0.49626174569129944,392.0735778808594,109.1291275024414,426.52252197265625,147.5886993408203,409.2980499267578,128.35891342163086,uvh26
37,28,2,car,0.6688356995582581,1318.27783203125,74.54876708984375,1365.7117919921875,114.26365661621094,1341.9948120117188,94.40621185302734,uvh26
37,194,2,car,0.5160574913024902,1105.6671142578125,185.37850952148438,1184.8143310546875,240.7440643310547,1145.24072265625,213.06128692626953,uvh26
37,16,2,car,0.7682569026947021,1198.6990966796875,108.73719787597656,1259.030517578125,153.8681640625,1228.8648071289062,131.30268096923828,uvh26
37,200,3,bike,0.2654876112937927,258.5377502441406,74.81802368164062,273.1655578613281,103.72660064697266,265.8516540527344,89.27231216430664,uvh26
37,213,3,bike,0.400039941072464,1306.29248046875,193.51939392089844,1345.8289794921875,253.49827575683594,1326.0607299804688,223.5088348388672,uvh26
37,45,2,car,0.4330378472805023,1104.9061279296875,89.11151885986328,1170.8370361328125,132.86029052734375,1137.87158203125,110.98590469360352,uvh26
37,221,2,car,0.40724876523017883,1318.683349609375,73.90225219726562,1366.1434326171875,114.23150634765625,1342.4133911132812,94.06687927246094,uvh26
37,3,0,pedestrian,0.553545355796814,1171.77783203125,634.1334228515625,1200.464111328125,690.873779296875,1186.1209716796875,662.5036010742188,coco_person
37,123,0,pedestrian,0.5475448966026306,1234.495361328125,489.2877502441406,1261.5966796875,563.1011352539062,1248.0460205078125,526.1944427490234,coco_person
37,4,0,pedestrian,0.504212498664856,1375.148193359375,184.47323608398438,1400.6640625,252.13319396972656,1387.9061279296875,218.30321502685547,coco_person
37,207,0,pedestrian,0.3803945481777191,1375.6104736328125,206.16748046875,1400.7120361328125,252.35848999023438,1388.1612548828125,229.2629852294922,coco_person
38,1,8,auto,0.9268509149551392,786.7542724609375,566.5189819335938,916.0753173828125,687.268798828125,851.414794921875,626.8938903808594,uvh26
38,2,8,auto,0.9211734533309937,1121.6087646484375,127.49172973632812,1170.4786376953125,176.33328247070312,1146.043701171875,151.91250610351562,uvh26
38,3,8,auto,0.9019386768341064,201.3538055419922,161.86973571777344,260.9113464355469,213.29641723632812,231.13257598876953,187.58307647705078,uvh26
38,4,8,auto,0.9041357040405273,669.30712890625,599.5098266601562,796.5408325195312,714.0379028320312,732.9239807128906,656.7738647460938,uvh26
38,5,8,auto,0.8957555890083313,600.4210815429688,630.7454223632812,733.7936401367188,720.0,667.1073608398438,675.3727111816406,uvh26
38,6,8,auto,0.9137114882469177,928.237548828125,328.0182189941406,1004.4185791015625,409.2848815917969,966.3280639648438,368.65155029296875,uvh26
38,7,3,bike,0.7581675052642822,942.5023803710938,174.38699340820312,984.0930786132812,227.189453125,963.2977294921875,200.78822326660156,uvh26
38,8,3,bike,0.8942692875862122,1017.1428833007812,387.2621765136719,1083.82275390625,453.665771484375,1050.4828186035156,420.46397399902344,uvh26
38,10,3,bike,0.26541072130203247,93.61830139160156,226.905517578125,139.8515625,274.0619201660156,116.73493194580078,250.4837188720703,uvh26
38,12,3,bike,0.4111068546772003,211.7587890625,103.44300842285156,231.61941528320312,136.19540405273438,221.68910217285156,119.81920623779297,uvh26
38,13,8,auto,0.8323038816452026,925.8484497070312,572.3259887695312,1044.8465576171875,683.600341796875,985.3475036621094,627.9631652832031,uvh26
38,14,8,auto,0.740242063999176,504.2039489746094,302.0467529296875,578.922119140625,368.7469482421875,541.5630340576172,335.3968505859375,uvh26
38,15,3,bike,0.45139580965042114,948.9376831054688,158.94529724121094,979.076171875,199.61216735839844,964.0069274902344,179.2787322998047,uvh26
38,17,3,bike,0.8799864649772644,825.6201782226562,203.369140625,859.4120483398438,250.73597717285156,842.51611328125,227.05255889892578,uvh26
38,18,3,bike,0.8438613414764404,406.2507629394531,205.3481903076172,461.2711181640625,260.6439514160156,433.7609405517578,232.9960708618164,uvh26
38,19,8,auto,0.6795909404754639,775.9254150390625,275.0099792480469,862.9247436523438,371.1176452636719,819.4250793457031,323.0638122558594,uvh26
38,20,3,bike,0.7636681199073792,1061.1820068359375,163.86764526367188,1098.5609130859375,214.0137481689453,1079.8714599609375,188.9406967163086,uvh26
38,21,3,bike,0.8483544588088989,859.0913696289062,168.50271606445312,891.99560546875,211.71865844726562,875.5434875488281,190.11068725585938,uvh26
38,22,3,bike,0.6366549730300903,1073.9090576171875,148.88543701171875,1109.2452392578125,190.96995544433594,1091.5771484375,169.92769622802734,uvh26
38,23,8,auto,0.4944899082183838,416.528564453125,111.26924133300781,471.5114440917969,151.7943115234375,444.02000427246094,131.53177642822266,uvh26
38,25,3,bike,0.5488232374191284,1353.939208984375,6.466076850891113,1369.54150390625,32.21158981323242,1361.7403564453125,19.338833332061768,uvh26
38,26,3,bike,0.8139538764953613,1046.7225341796875,115.58148956298828,1074.0557861328125,155.32334899902344,1060.38916015625,135.45241928100586,uvh26
38,27,3,bike,0.7456771731376648,867.9236450195312,548.334716796875,943.4166259765625,625.9301147460938,905.6701354980469,587.1324157714844,uvh26
38,29,3,bike,0.7877794504165649,614.2824096679688,224.69528198242188,667.2274780273438,269.6236572265625,640.7549438476562,247.1594696044922,uvh26
38,31,8,auto,0.8864038586616516,1058.7996826171875,73.02295684814453,1095.2850341796875,111.54645538330078,1077.0423583984375,92.28470611572266,uvh26
38,32,3,bike,0.8470852375030518,1214.49169921875,44.125770568847656,1234.5716552734375,74.57613372802734,1224.5316772460938,59.3509521484375,uvh26
38,33,2,car,0.855363130569458,1224.726318359375,122.34464263916016,1287.4627685546875,175.56332397460938,1256.0945434570312,148.95398330688477,uvh26
38,34,3,bike,0.7578561305999756,665.888916015625,286.7795104980469,708.982666015625,339.74017333984375,687.435791015625,313.2598419189453,uvh26
38,35,8,auto,0.8717122077941895,900.9554443359375,122.98167419433594,947.4939575195312,168.19509887695312,924.2247009277344,145.58838653564453,uvh26
38,37,2,car,0.652559757232666,1089.7572021484375,55.61236572265625,1138.2662353515625,88.91156005859375,1114.01171875,72.261962890625,uvh26
38,40,2,car,0.34643828868865967,305.92584228515625,116.0889663696289,364.25390625,159.0577850341797,335.0898742675781,137.5733757019043,uvh26
38,42,3,bike,0.5185340046882629,274.3907470703125,89.55110931396484,293.57861328125,123.93484497070312,283.98468017578125,106.74297714233398,uvh26
38,47,3,bike,0.37277743220329285,1310.3687744140625,184.68536376953125,1358.325927734375,251.69468688964844,1334.3473510742188,218.19002532958984,uvh26
38,48,2,car,0.6591106057167053,1355.7510986328125,32.99407196044922,1400.7877197265625,67.31564331054688,1378.2694091796875,50.15485763549805,uvh26
38,41,3,bike,0.8387089371681213,1024.8055419921875,111.54878997802734,1051.83349609375,147.7379608154297,1038.3195190429688,129.64337539672852,uvh26
38,58,3,bike,0.7407793402671814,633.2027587890625,255.32901000976562,673.9205932617188,307.6659851074219,653.5616760253906,281.49749755859375,uvh26
38,38,2,car,0.433961421251297,1101.4114990234375,186.59564208984375,1182.3482666015625,243.04856872558594,1141.8798828125,214.82210540771484,uvh26
38,77,3,bike,0.5027180910110474,1338.83984375,3.4304072856903076,1354.630615234375,28.721139907836914,1346.7352294921875,16.07577359676361,uvh26
38,92,3,bike,0.8628420233726501,605.8240356445312,299.23138427734375,657.0082397460938,353.6412658691406,631.4161376953125,326.4363250732422,uvh26
38,98,3,bike,0.5603498220443726,555.1832885742188,281.64495849609375,599.3008422851562,335.37786865234375,577.2420654296875,308.51141357421875,uvh26
38,89,3,bike,0.3871069550514221,297.5157470703125,96.13338470458984,314.8401184082031,127.18057250976562,306.1779327392578,111.65697860717773,uvh26
38,148,2,car,0.5400423407554626,304.1969299316406,116.3337631225586,362.794189453125,159.03958129882812,333.4955596923828,137.68667221069336,uvh26
38,155,8,auto,0.515056848526001,392.1082458496094,109.18604278564453,426.50006103515625,147.69912719726562,409.3041534423828,128.44258499145508,uvh26
38,28,2,car,0.7528904676437378,1316.79052734375,75.25130462646484,1364.6627197265625,115.35106658935547,1340.7266235351562,95.30118560791016,uvh26
38,194,2,car,0.4887402057647705,1102.5015869140625,186.70956420898438,1182.0545654296875,242.24838256835938,1142.278076171875,214.47897338867188,uvh26
38,16,2,car,0.7913401126861572,1197.696044921875,109.10464477539062,1257.9581298828125,154.0146484375,1227.8270874023438,131.5596466064453,uvh26
38,200,3,bike,0.2252916842699051,260.6952209472656,76.29161071777344,275.3163757324219,105.04106903076172,268.00579833984375,90.66633987426758,uvh26
38,213,3,bike,0.6123515367507935,1305.867919921875,189.50730895996094,1347.9644775390625,253.43052673339844,1326.9161987304688,221.4689178466797,uvh26
38,45,2,car,0.436091810464859,1110.076416015625,88.48419189453125,1176.1187744140625,132.04925537109375,1143.0975952148438,110.2667236328125,uvh26
38,24,3,bike,0.4711531102657318,1157.0301513671875,71.76720428466797,1178.3043212890625,100.56803894042969,1167.667236328125,86.16762161254883,uvh26
38,3,0,pedestrian,0.5634596347808838,1171.81787109375,634.174560546875,1200.4605712890625,690.9678955078125,1186.1392211914062,662.5712280273438,coco_person
38,123,0,pedestrian,0.5742644667625427,1231.7225341796875,487.8106384277344,1259.3603515625,563.2958374023438,1245.5414428710938,525.5532379150391,coco_person
38,4,0,pedestrian,0.527675449848175,1375.003662109375,184.78292846679688,1400.4267578125,252.15809631347656,1387.7152099609375,218.47051239013672,coco_person
38,207,0,pedestrian,0.37748488783836365,1375.596923828125,206.65467834472656,1400.534423828125,252.4021759033203,1388.065673828125,229.52842712402344,coco_person
39,1,8,auto,0.9277989864349365,786.800537109375,566.5669555664062,916.0285034179688,687.2720336914062,851.4145202636719,626.9194946289062,uvh26
39,2,8,auto,0.9058855772018433,1119.9906005859375,127.93141174316406,1169.0936279296875,176.90711975097656,1144.5421142578125,152.4192657470703,uvh26
39,3,8,auto,0.9054621458053589,201.4390869140625,161.88897705078125,261.0185852050781,213.316162109375,231.2288360595703,187.60256958007812,uvh26
39,4,8,auto,0.9049878120422363,669.3189086914062,599.5198974609375,796.4763793945312,714.0064086914062,732.8976440429688,656.7631530761719,uvh26
39,5,8,auto,0.8950943946838379,600.3927612304688,630.7451171875,733.7631225585938,720.0,667.0779418945312,675.37255859375,uvh26
39,6,8,auto,0.9132425785064697,925.3280029296875,329.3032531738281,1001.7365112304688,410.7134094238281,963.5322570800781,370.0083312988281,uvh26
39,7,3,bike,0.7629702091217041,941.3550415039062,173.7389373779297,983.2617797851562,227.381591796875,962.3084106445312,200.56026458740234,uvh26
39,8,3,bike,0.8968917727470398,1016.2704467773438,387.1421203613281,1082.3270263671875,452.8702392578125,1049.2987365722656,420.0061798095703,uvh26
39,10,3,bike,0.22794605791568756,91.68338775634766,226.65696716308594,136.91090393066406,273.7583923339844,114.29714584350586,250.20767974853516,uvh26
39,12,3,bike,0.38252779841423035,211.5138397216797,103.39390563964844,231.1006622314453,135.7265167236328,221.3072509765625,119.56021118164062,uvh26
39,13,8,auto,0.836962878704071,925.9406127929688,572.3870239257812,1044.751220703125,683.4421997070312,985.3459167480469,627.9146118164062,uvh26
39,14,8,auto,0.6289272904396057,500.8833923339844,300.7919616699219,575.8374633789062,367.7728576660156,538.3604278564453,334.28240966796875,uvh26
39,15,3,bike,0.3208952844142914,953.7327270507812,156.99398803710938,982.8563232421875,195.88966369628906,968.2945251464844,176.44182586669922,uvh26
39,17,3,bike,0.8653704524040222,829.35791015625,201.36163330078125,863.44921875,249.19735717773438,846.403564453125,225.2794952392578,uvh26
39,18,3,bike,0.8746047616004944,410.7904052734375,204.9713134765625,465.8750305175781,261.1425476074219,438.3327178955078,233.0569305419922,uvh26
39,19,8,auto,0.6974392533302307,773.8388061523438,275.78509521484375,860.8053588867188,371.5859375,817.3220825195312,323.6855163574219,uvh26
39,20,3,bike,0.8154791593551636,1059.74853515625,165.08514404296875,1096.835205078125,214.63816833496094,1078.2918701171875,189.86165618896484,uvh26
39,21,3,bike,0.8293624520301819,861.4834594726562,167.68833923339844,894.1822509765625,210.7163848876953,877.8328552246094,189.20236206054688,uvh26
39,22,3,bike,0.7047953009605408,1072.941650390625,149.222412109375,1108.4014892578125,191.1736297607422,1090.6715698242188,170.1980209350586,uvh26
39,23,8,auto,0.522562563419342,417.20098876953125,111.11507415771484,472.2987060546875,151.88641357421875,444.7498474121094,131.5007438659668,uvh26
39,25,3,bike,0.555596649646759,1355.5133056640625,5.868156433105469,1370.891357421875,31.329086303710938,1363.2023315429688,18.598621368408203,uvh26
39,26,3,bike,0.7905080318450928,1050.24462890625,115.10869598388672,1076.357666015625,153.2121124267578,1063.3011474609375,134.16040420532227,uvh26
39,27,3,bike,0.7503578662872314,868.1124877929688,548.4680786132812,943.189697265625,625.9447021484375,905.6510925292969,587.2063903808594,uvh26
39,29,3,bike,0.7784547805786133,617.2369384765625,224.93106079101562,670.8911743164062,270.3338623046875,644.0640563964844,247.63246154785156,uvh26
39,31,8,auto,0.8957698941230774,1059.3525390625,72.8299560546875,1095.7513427734375,111.18566131591797,1077.5519409179688,92.00780868530273,uvh26
39,32,3,bike,0.851857602596283,1216.021484375,43.40401077270508,1236.1424560546875,73.88236236572266,1226.0819702148438,58.64318656921387,uvh26
39,33,2,car,0.8286934494972229,1223.062255859375,123.64208221435547,1285.7901611328125,176.7960205078125,1254.4262084960938,150.21905136108398,uvh26
39,34,3,bike,0.6022448539733887,663.36962890625,286.46527099609375,706.4771728515625,339.289306640625,684.9234008789062,312.8772888183594,uvh26
39,35,8,auto,0.8654623627662659,900.9525756835938,122.95960235595703,947.4888916015625,168.21148681640625,924.2207336425781,145.58554458618164,uvh26
39,37,2,car,0.664039671421051,1089.7275390625,55.600677490234375,1138.2125244140625,88.92805480957031,1113.9700317382812,72.26436614990234,uvh26
39,42,3,bike,0.511102020740509,275.3479919433594,90.19669342041016,294.511962890625,124.76200103759766,284.9299774169922,107.4793472290039,uvh26
39,47,3,bike,0.23587337136268616,1311.596923828125,184.68731689453125,1359.67919921875,250.974365234375,1335.6380615234375,217.83084106445312,uvh26
39,48,2,car,0.6377272605895996,1354.905517578125,33.808448791503906,1399.8570556640625,67.99491882324219,1377.3812866210938,50.90168380737305,uvh26
39,41,3,bike,0.8084046244621277,1027.9613037109375,110.2486343383789,1055.0150146484375,146.5001983642578,1041.4881591796875,128.37441635131836,uvh26
39,58,3,bike,0.7457240223884583,630.3170776367188,256.012451171875,670.3509521484375,306.6258544921875,650.3340148925781,281.31915283203125,uvh26
39,38,2,car,0.5542059540748596,1098.80419921875,187.54441833496094,1180.1748046875,244.27590942382812,1139.489501953125,215.91016387939453,uvh26
39,77,3,bike,0.5162972807884216,1340.8201904296875,3.2300937175750732,1356.4088134765625,28.0279541015625,1348.614501953125,15.629023909568787,uvh26
39,92,3,bike,0.8644198179244995,604.5074462890625,299.1637878417969,655.0590209960938,352.9431457519531,629.7832336425781,326.053466796875,uvh26
39,98,3,bike,0.5146464109420776,551.6323852539062,280.7652282714844,596.23095703125,334.8880615234375,573.9316711425781,307.82664489746094,uvh26
39,89,3,bike,0.4189644157886505,298.9402160644531,96.67830657958984,316.0846862792969,127.10346984863281,307.512451171875,111.89088821411133,uvh26
39,155,8,auto,0.5417779684066772,392.1894226074219,109.1153793334961,426.608642578125,147.7667999267578,409.39903259277344,128.44108963012695,uvh26
39,28,2,car,0.6636927723884583,1315.204833984375,75.94273376464844,1363.571533203125,116.47078704833984,1339.38818359375,96.20676040649414,uvh26
39,16,2,car,0.7832379937171936,1196.7320556640625,109.63485717773438,1256.9918212890625,154.4080352783203,1226.8619384765625,132.02144622802734,uvh26
39,200,3,bike,0.4626408815383911,261.2679748535156,75.99712371826172,276.7942199707031,106.33721160888672,269.0310974121094,91.16716766357422,uvh26
39,213,3,bike,0.6109704375267029,1305.8167724609375,188.92222595214844,1348.229736328125,253.39100646972656,1327.0232543945312,221.1566162109375,uvh26
39,45,2,car,0.47993355989456177,1113.422607421875,87.8533706665039,1179.364501953125,131.10760498046875,1146.3935546875,109.48048782348633,uvh26
39,24,3,bike,0.5477743148803711,1158.1231689453125,70.37049102783203,1179.9295654296875,99.93352508544922,1169.0263671875,85.15200805664062,uvh26
39,3,0,pedestrian,0.5698941349983215,1171.822265625,634.128173828125,1200.4063720703125,690.9046020507812,1186.1143188476562,662.5163879394531,coco_person
39,123,0,pedestrian,0.6058835387229919,1230.11083984375,487.3446350097656,1257.6806640625,562.6788940429688,1243.895751953125,525.0117645263672,coco_person
39,4,0,pedestrian,0.5097076296806335,1374.4468994140625,185.02001953125,1399.7900390625,251.98826599121094,1387.1184692382812,218.50414276123047,coco_person
39,207,0,pedestrian,0.3974655270576477,1375.152587890625,206.66888427734375,1400.1622314453125,252.3435516357422,1387.6574096679688,229.50621795654297,coco_person
39,2,0,pedestrian,0.44330137968063354,934.7166137695312,220.26071166992188,957.702392578125,259.2254943847656,946.2095031738281,239.74310302734375,coco_person
40,1,8,auto,0.9281307458877563,786.9813232421875,566.6988525390625,916.0128173828125,687.2660522460938,851.4970703125,626.9824523925781,uvh26
40,2,8,auto,0.8997088074684143,1118.6783447265625,128.4411163330078,1167.6787109375,177.20664978027344,1143.1785278320312,152.82388305664062,uvh26
40,3,8,auto,0.9047698378562927,201.24978637695312,161.83729553222656,260.81805419921875,213.27206420898438,231.03392028808594,187.55467987060547,uvh26
40,4,8,auto,0.9046552181243896,669.3790893554688,599.5585327148438,796.4741821289062,713.9905395507812,732.9266357421875,656.7745361328125,uvh26
40,5,8,auto,0.8952817320823669,600.4468994140625,630.7587280273438,733.8115234375,720.0,667.1292114257812,675.3793640136719,uvh26
40,6,8,auto,0.9090551137924194,922.4757690429688,330.62060546875,999.3479614257812,412.2308654785156,960.911865234375,371.4257354736328,uvh26
40,7,3,bike,0.8068372011184692,940.525146484375,176.98533630371094,980.2455444335938,227.96778869628906,960.3853454589844,202.4765625,uvh26
40,8,3,bike,0.896608293056488,1014.8582153320312,386.6883544921875,1080.7972412109375,452.2963562011719,1047.8277282714844,419.4923553466797,uvh26
40,12,3,bike,0.26282355189323425,210.90318298339844,102.43470001220703,230.5258026123047,134.99896240234375,220.71449279785156,118.71683120727539,uvh26
40,13,8,auto,0.840165913105011,925.9068603515625,572.3670043945312,1044.7362060546875,683.4197387695312,985.321533203125,627.8933715820312,uvh26
40,14,8,auto,0.6047559380531311,497.5475769042969,299.723876953125,572.9933471679688,367.52020263671875,535.2704620361328,333.6220397949219,uvh26
40,15,3,bike,0.7470755577087402,957.3754272460938,155.10887145996094,986.5846557617188,194.1781005859375,971.9800415039062,174.64348602294922,uvh26
40,17,3,bike,0.8443936705589294,833.1911010742188,200.05612182617188,867.1311645507812,247.62277221679688,850.1611328125,223.83944702148438,uvh26
40,18,3,bike,0.8788872361183167,415.1239929199219,205.1947021484375,469.65167236328125,261.4864807128906,442.38783264160156,233.34059143066406,uvh26
40,19,8,auto,0.7451098561286926,771.2918701171875,276.6057434082031,858.7523803710938,372.69842529296875,815.0221252441406,324.65208435058594,uvh26
40,20,3,bike,0.8246051669120789,1057.891357421875,165.4783477783203,1095.2899169921875,215.3061065673828,1076.5906372070312,190.39222717285156,uvh26
40,21,3,bike,0.8599091172218323,863.7521362304688,167.3126220703125,896.3473510742188,210.2043914794922,880.0497436523438,188.75850677490234,uvh26
40,22,3,bike,0.6139163970947266,1071.0643310546875,149.71856689453125,1106.474853515625,191.2790069580078,1088.7695922851562,170.49878692626953,uvh26
40,23,8,auto,0.42055565118789673,416.64239501953125,110.98495483398438,471.6124572753906,151.79811096191406,444.12742614746094,131.39153289794922,uvh26
40,25,3,bike,0.5785706043243408,1356.894775390625,4.418355941772461,1372.28173828125,29.984710693359375,1364.5882568359375,17.201533317565918,uvh26
40,26,3,bike,0.8124518990516663,1053.3428955078125,113.6166763305664,1079.5244140625,151.91566467285156,1066.4336547851562,132.76617050170898,uvh26
40,27,3,bike,0.764750063419342,868.093017578125,548.4328002929688,942.9326171875,625.9830322265625,905.5128173828125,587.2079162597656,uvh26
40,29,3,bike,0.7492064237594604,619.72021484375,225.2860565185547,673.8090209960938,271.04443359375,646.7646179199219,248.16524505615234,uvh26
40,31,8,auto,0.8869811296463013,1059.9730224609375,72.63804626464844,1096.310791015625,110.83399200439453,1078.1419067382812,91.73601913452148,uvh26
40,32,3,bike,0.8530808091163635,1217.8399658203125,42.81991195678711,1237.7718505859375,72.9898910522461,1227.805908203125,57.9049015045166,uvh26
40,33,2,car,0.7132593989372253,1220.9754638671875,124.66541290283203,1284.1131591796875,177.93777465820312,1252.5443115234375,151.30159378051758,uvh26
40,34,3,bike,0.7939774990081787,660.5075073242188,285.5987243652344,703.8622436523438,338.6185302734375,682.1848754882812,312.10862731933594,uvh26
40,35,8,auto,0.871087908744812,901.0316772460938,122.98677062988281,947.50927734375,168.23260498046875,924.2704772949219,145.60968780517578,uvh26
40,37,2,car,0.6687523126602173,1089.93701171875,55.594486236572266,1138.2955322265625,88.8984375,1114.1162719726562,72.24646186828613,uvh26
40,42,3,bike,0.7014585137367249,276.5760192871094,90.45647430419922,296.2537841796875,126.12847137451172,286.41490173339844,108.29247283935547,uvh26
40,47,3,bike,0.29626548290252686,1312.0467529296875,184.69308471679688,1360.243896484375,250.24417114257812,1336.1453247070312,217.4686279296875,uvh26
40,48,2,car,0.6025034189224243,1354.0589599609375,34.63631820678711,1398.890380859375,68.60492706298828,1376.4746704101562,51.620622634887695,uvh26
40,41,3,bike,0.8313756585121155,1031.255126953125,109.36212158203125,1057.80029296875,145.0616455078125,1044.5277099609375,127.21188354492188,uvh26
40,58,3,bike,0.7678810954093933,626.857177734375,255.24795532226562,667.3456420898438,305.7375183105469,647.1014099121094,280.49273681640625,uvh26
40,38,2,car,0.5474849939346313,1096.19189453125,188.58834838867188,1178.091796875,245.63197326660156,1137.141845703125,217.11016082763672,uvh26
40,77,3,bike,0.6429917812347412,1342.4136962890625,2.792663812637329,1357.633056640625,27.064619064331055,1350.0233764648438,14.928641438484192,uvh26
40,92,3,bike,0.8581790328025818,602.8295288085938,298.4114074707031,653.8140258789062,352.877197265625,628.32177734375,325.64430236816406,uvh26
40,98,3,bike,0.5754612684249878,548.9701538085938,280.4110107421875,593.1043090820312,333.78179931640625,571.0372314453125,307.0964050292969,uvh26
40,89,3,bike,0.47554072737693787,300.33544921875,96.69720458984375,317.5817565917969,127.07648468017578,308.95860290527344,111.88684463500977,uvh26
40,155,8,auto,0.4979798495769501,391.7871398925781,109.0660400390625,426.12255859375,147.8621826171875,408.95484924316406,128.464111328125,uvh26
40,28,2,car,0.5654776692390442,1313.6983642578125,76.46599578857422,1362.743896484375,117.63221740722656,1338.2211303710938,97.04910659790039,uvh26
40,16,2,car,0.7274225354194641,1196.2547607421875,110.01687622070312,1256.892333984375,154.8756866455078,1226.5735473632812,132.44628143310547,uvh26
40,200,3,bike,0.4751364290714264,262.29168701171875,76.518310546875,278.0047302246094,107.1681137084961,270.14820861816406,91.84321212768555,uvh26
40,213,3,bike,0.5699204802513123,1305.8270263671875,188.68333435058594,1348.3414306640625,253.37445068359375,1327.084228515625,221.02889251708984,uvh26
40,45,2,car,0.4783492386341095,1115.71337890625,86.53014373779297,1182.5343017578125,130.2510986328125,1149.1238403320312,108.39062118530273,uvh26
40,24,3,bike,0.49121591448783875,1160.072509765625,69.83477783203125,1181.2938232421875,98.19136810302734,1170.6831665039062,84.0130729675293,uvh26
40,242,2,car,0.39280596375465393,1272.4805908203125,377.07684326171875,1349.4466552734375,440.4671630859375,1310.963623046875,408.7720031738281,uvh26
40,40,2,car,0.6305577754974365,305.9552001953125,116.69611358642578,364.39093017578125,160.00906372070312,335.1730651855469,138.35258865356445,uvh26
40,3,0,pedestrian,0.5690430402755737,1171.894287109375,634.11083984375,1200.3966064453125,690.81591796875,1186.1454467773438,662.46337890625,coco_person
40,123,0,pedestrian,0.6096973419189453,1229.2498779296875,487.1620788574219,1257.0018310546875,562.7339477539062,1243.1258544921875,524.9480133056641,coco_person
40,4,0,pedestrian,0.5173532366752625,1373.970947265625,185.34921264648438,1399.0888671875,251.83377075195312,1386.5299072265625,218.59149169921875,coco_person
40,207,0,pedestrian,0.4024697542190552,1375.1348876953125,208.41537475585938,1399.1085205078125,251.98837280273438,1387.1217041015625,230.20187377929688,coco_person
40,2,0,pedestrian,0.34386560320854187,933.7835693359375,220.62750244140625,956.1839599609375,259.1777038574219,944.9837646484375,239.90260314941406,coco_person
41,1,8,auto,0.928020179271698,787.0945434570312,566.75732421875,916.0068969726562,687.2587280273438,851.5507202148438,627.0080261230469,uvh26
41,2,8,auto,0.9085448384284973,1117.3822021484375,128.94873046875,1166.575439453125,177.801025390625,1141.9788208007812,153.3748779296875,uvh26
41,3,8,auto,0.9030927419662476,201.26881408691406,161.79904174804688,260.83636474609375,213.262939453125,231.0525894165039,187.53099060058594,uvh26
41,4,8,auto,0.9043262600898743,669.4078369140625,599.5286865234375,796.4598388671875,713.9279174804688,732.933837890625,656.7283020019531,uvh26
41,5,8,auto,0.8953070640563965,600.4116821289062,630.6699829101562,733.9124755859375,720.0,667.1620788574219,675.3349914550781,uvh26
41,6,8,auto,0.8895528316497803,918.845947265625,331.6373596191406,996.2734375,413.8258056640625,957.5596923828125,372.73158264160156,uvh26
41,7,3,bike,0.8339660167694092,939.6123657226562,179.49343872070312,977.7908325195312,228.3607177734375,958.7015991210938,203.9270782470703,uvh26
41,8,3,bike,0.8968484997749329,1013.4761962890625,386.2700500488281,1079.29052734375,451.80218505859375,1046.3833618164062,419.03611755371094,uvh26
41,12,3,bike,0.3416879177093506,210.6204376220703,102.50735473632812,229.78346252441406,134.52276611328125,220.2019500732422,118.51506042480469,uvh26
41,13,8,auto,0.8386256694793701,925.8970336914062,572.3873901367188,1044.7164306640625,683.4071044921875,985.3067321777344,627.8972473144531,uvh26
41,14,8,auto,0.5791682004928589,497.1876525878906,299.51654052734375,572.1703491210938,367.778564453125,534.6790008544922,333.6475524902344,uvh26
41,15,3,bike,0.8191323280334473,960.4174194335938,153.7545166015625,990.3800659179688,193.8539581298828,975.3987426757812,173.80423736572266,uvh26
41,17,3,bike,0.8839715719223022,837.4657592773438,198.064697265625,871.3699340820312,245.55618286132812,854.4178466796875,221.81044006347656,uvh26
41,18,3,bike,0.8689970970153809,419.6559753417969,205.02305603027344,474.1348571777344,261.9053649902344,446.8954162597656,233.4642105102539,uvh26
41,19,8,auto,0.7093880772590637,768.8848266601562,277.73590087890625,856.6132202148438,373.9007568359375,812.7490234375,325.8183288574219,uvh26
41,20,3,bike,0.8120973706245422,1056.5401611328125,165.68994140625,1094.0943603515625,215.60279846191406,1075.3172607421875,190.64636993408203,uvh26
41,21,3,bike,0.8553451895713806,865.971923828125,166.26345825195312,898.7310791015625,209.39068603515625,882.3515014648438,187.8270721435547,uvh26
41,22,3,bike,0.5785598158836365,1069.75146484375,150.71910095214844,1104.8558349609375,191.42723083496094,1087.3036499023438,171.0731658935547,uvh26
41,23,8,auto,0.43970566987991333,417.33367919921875,110.85421752929688,472.2707824707031,151.83120727539062,444.80223083496094,131.34271240234375,uvh26
41,25,3,bike,0.439990758895874,1358.4566650390625,4.385636329650879,1373.645263671875,29.446964263916016,1366.0509643554688,16.916300296783447,uvh26
41,26,3,bike,0.7849095463752747,1056.58740234375,112.80782318115234,1082.4591064453125,150.5041961669922,1069.5232543945312,131.65600967407227,uvh26
41,27,3,bike,0.7770716547966003,868.1331176757812,548.4906616210938,942.6392822265625,626.0421142578125,905.3861999511719,587.2663879394531,uvh26
41,29,3,bike,0.7474567294120789,622.0386962890625,225.33912658691406,676.11474609375,271.1344909667969,649.0767211914062,248.23680877685547,uvh26
41,31,8,auto,0.8808403015136719,1060.3768310546875,72.55717468261719,1096.6513671875,110.57759857177734,1078.5140991210938,91.56738662719727,uvh26
41,32,3,bike,0.8477529883384705,1219.53857421875,42.43095016479492,1239.2572021484375,72.40733337402344,1229.3978881835938,57.41914176940918,uvh26
41,33,2,car,0.6280120611190796,1218.0699462890625,125.8216552734375,1281.5152587890625,179.2817840576172,1249.7926025390625,152.55171966552734,uvh26
41,34,3,bike,0.7568775415420532,657.7896118164062,285.29364013671875,701.1353759765625,338.1426696777344,679.4624938964844,311.71815490722656,uvh26
41,35,8,auto,0.8667670488357544,901.14697265625,123.01626586914062,947.51611328125,168.20867919921875,924.33154296875,145.6124725341797,uvh26
41,37,2,car,0.6735560894012451,1090.0777587890625,55.602020263671875,1138.3614501953125,88.9170913696289,1114.2196044921875,72.25955581665039,uvh26
41,42,3,bike,0.6810840964317322,277.6621398925781,90.91325378417969,297.3660888671875,126.78926086425781,287.5141143798828,108.85125732421875,uvh26
41,47,3,bike,0.24388936161994934,1311.734375,184.7915496826172,1360.4759521484375,250.33009338378906,1336.1051635742188,217.56082153320312,uvh26
41,48,2,car,0.5646497011184692,1353.015380859375,35.43813705444336,1397.8538818359375,69.26995086669922,1375.4346313476562,52.35404396057129,uvh26
41,41,3,bike,0.8020790815353394,1034.476806640625,108.12051391601562,1061.1326904296875,143.92384338378906,1047.8047485351562,126.02217864990234,uvh26
41,58,3,bike,0.710986852645874,622.4732666015625,254.19398498535156,663.282958984375,304.9081115722656,642.8781127929688,279.5510482788086,uvh26
41,38,2,car,0.5669336915016174,1092.6339111328125,189.52073669433594,1175.6878662109375,247.40811157226562,1134.160888671875,218.46442413330078,uvh26
41,77,3,bike,0.5966598391532898,1343.7196044921875,2.192216634750366,1358.89404296875,26.383806228637695,1351.3068237304688,14.28801143169403,uvh26
41,92,3,bike,0.8580032587051392,600.888671875,297.6743469238281,651.7808837890625,352.429931640625,626.3347778320312,325.05213928222656,uvh26
41,98,3,bike,0.5385138392448425,546.2413940429688,280.1541748046875,590.5637817382812,333.4813537597656,568.402587890625,306.81776428222656,uvh26
41,89,3,bike,0.44142410159111023,301.3616027832031,96.5440444946289,318.99774169921875,127.45120239257812,310.17967224121094,111.99762344360352,uvh26
41,155,8,auto,0.5216048955917358,391.69677734375,108.99356079101562,426.0317077636719,147.9864044189453,408.86424255371094,128.48998260498047,uvh26
41,28,2,car,0.6373113393783569,1312.30078125,77.09510803222656,1361.60546875,118.51587677001953,1336.953125,97.80549240112305,uvh26
41,16,2,car,0.7071057558059692,1195.102783203125,110.38206481933594,1256.770263671875,155.91392517089844,1225.9365234375,133.1479949951172,uvh26
41,200,3,bike,0.3833652138710022,263.476318359375,77.5631103515625,279.0072937011719,107.71214294433594,271.24180603027344,92.63762664794922,uvh26
41,213,3,bike,0.5332126021385193,1306.0428466796875,188.9711456298828,1348.32763671875,253.3491668701172,1327.1852416992188,221.16015625,uvh26
41,45,2,car,0.6793805360794067,1117.732666015625,85.6714096069336,1185.3033447265625,129.7600860595703,1151.5180053710938,107.71574783325195,uvh26
41,24,3,bike,0.5800400972366333,1160.9141845703125,68.55536651611328,1183.2520751953125,98.28089904785156,1172.0831298828125,83.41813278198242,uvh26
41,242,2,car,0.39740148186683655,1269.0059814453125,375.67828369140625,1349.1607666015625,441.6761779785156,1309.0833740234375,408.67723083496094,uvh26
41,248,2,car,0.4149002432823181,1093.2161865234375,189.5690460205078,1174.98779296875,246.81033325195312,1134.1019897460938,218.18968963623047,uvh26
41,249,2,car,0.5349616408348083,1216.8319091796875,124.82415008544922,1283.653076171875,178.96359252929688,1250.2424926757812,151.89387130737305,uvh26
41,40,2,car,0.6342911720275879,306.91351318359375,117.03363037109375,365.349853515625,160.58766174316406,336.1316833496094,138.8106460571289,uvh26
41,3,0,pedestrian,0.5748781561851501,1171.9710693359375,634.1396484375,1200.3946533203125,690.78759765625,1186.182861328125,662.463623046875,coco_person
41,123,0,pedestrian,0.4806640148162842,1227.5374755859375,487.2780456542969,1254.8741455078125,562.3283081054688,1241.205810546875,524.8031768798828,coco_person
41,4,0,pedestrian,0.5100767016410828,1373.644287109375,185.88735961914062,1398.361328125,251.51220703125,1386.0028076171875,218.6997833251953,coco_person
41,207,0,pedestrian,0.47512558102607727,1374.891845703125,208.86521911621094,1398.355224609375,251.474853515625,1386.62353515625,230.17003631591797,coco_person
41,2,0,pedestrian,0.2920185625553131,932.8082885742188,220.73655700683594,955.2567138671875,259.7504577636719,944.0325012207031,240.2435073852539,coco_person
42,1,8,auto,0.9287673234939575,787.1488647460938,566.8898315429688,915.9486694335938,687.2992553710938,851.5487670898438,627.0945434570312,uvh26
42,2,8,auto,0.909544825553894,1115.7171630859375,129.07937622070312,1165.3336181640625,178.22459411621094,1140.525390625,153.65198516845703,uvh26
42,3,8,auto,0.8998887538909912,201.3208465576172,161.8561248779297,260.8774108886719,213.31504821777344,231.09912872314453,187.58558654785156,uvh26
42,4,8,auto,0.90408855676651,669.3143920898438,599.477294921875,796.41650390625,713.9578857421875,732.8654479980469,656.7175903320312,uvh26
42,5,8,auto,0.8949480056762695,600.4437866210938,630.60693359375,734.032958984375,720.0,667.2383728027344,675.303466796875,uvh26
42,6,8,auto,0.8664370775222778,915.7757568359375,332.98382568359375,993.163330078125,415.1912536621094,954.4695434570312,374.08753967285156,uvh26
42,7,3,bike,0.8727578520774841,938.1354370117188,180.98582458496094,975.6264038085938,228.83648681640625,956.8809204101562,204.9111557006836,uvh26
42,8,3,bike,0.8970650434494019,1012.3158569335938,385.984375,1077.972900390625,451.4931640625,1045.1443786621094,418.73876953125,uvh26
42,12,3,bike,0.2296614795923233,210.48251342773438,102.72764587402344,229.15623474121094,134.15737915039062,219.81937408447266,118.44251251220703,uvh26
42,13,8,auto,0.8453511595726013,925.8677368164062,572.453857421875,1044.78515625,683.5459594726562,985.3264465332031,627.9999084472656,uvh26
42,14,8,auto,0.36261412501335144,490.4292297363281,296.0301818847656,568.892578125,367.80780029296875,529.6609039306641,331.9189910888672,uvh26
42,15,3,bike,0.8344091176986694,963.7537231445312,152.77268981933594,994.2998046875,193.65554809570312,979.0267639160156,173.21411895751953,uvh26
42,17,3,bike,0.8766611814498901,841.456298828125,196.21063232421875,875.2275390625,243.50125122070312,858.3419189453125,219.85594177246094,uvh26
42,18,3,bike,0.8645205497741699,423.3532409667969,204.96316528320312,477.7097473144531,262.2155456542969,450.531494140625,233.58935546875,uvh26
42,19,8,auto,0.6468045711517334,766.6165161132812,278.9004821777344,854.6032104492188,375.0680236816406,810.60986328125,326.9842529296875,uvh26
42,20,3,bike,0.8163137435913086,1054.89453125,164.91490173339844,1093.4263916015625,216.15835571289062,1074.1604614257812,190.53662872314453,uvh26
42,21,3,bike,0.8410135507583618,868.6339111328125,165.36160278320312,901.3740844726562,208.48878479003906,885.0039978027344,186.9251937866211,uvh26
42,22,3,bike,0.5516268014907837,1068.2371826171875,151.5299835205078,1103.7259521484375,192.20664978027344,1085.9815673828125,171.86831665039062,uvh26
42,23,8,auto,0.4477354884147644,417.0440368652344,110.81163024902344,471.8686218261719,151.86729431152344,444.4563293457031,131.33946228027344,uvh26
42,25,3,bike,0.5057051181793213,1360.4761962890625,4.4016218185424805,1375.6676025390625,29.16651725769043,1368.0718994140625,16.784069538116455,uvh26
42,26,3,bike,0.8292431831359863,1059.8409423828125,112.27496337890625,1085.527587890625,149.67066955566406,1072.6842651367188,130.97281646728516,uvh26
42,27,3,bike,0.7784133553504944,868.4138793945312,548.6836547851562,942.5771484375,626.1881713867188,905.4955139160156,587.4359130859375,uvh26
42,29,3,bike,0.772536039352417,624.3428344726562,225.27589416503906,678.7364501953125,271.1647033691406,651.5396423339844,248.22029876708984,uvh26
42,31,8,auto,0.8590055704116821,1060.679931640625,72.44355773925781,1096.8394775390625,110.20848846435547,1078.7597045898438,91.32602310180664,uvh26
42,32,3,bike,0.8282150626182556,1221.00927734375,41.79426574707031,1240.730224609375,71.88983154296875,1230.8697509765625,56.84204864501953,uvh26
42,33,2,car,0.6744232177734375,1216.0128173828125,126.99535369873047,1279.9510498046875,180.7291259765625,1247.98193359375,153.86223983764648,uvh26
42,34,3,bike,0.7736915946006775,654.916015625,284.37445068359375,698.7031860351562,337.4678649902344,676.8096008300781,310.92115783691406,uvh26
42,35,8,auto,0.8578231334686279,901.2232666015625,123.04627990722656,947.5517578125,168.27072143554688,924.3875122070312,145.65850067138672,uvh26
42,37,2,car,0.6579352021217346,1090.2467041015625,55.63799285888672,1138.463623046875,88.99160766601562,1114.3551635742188,72.31480026245117,uvh26
42,42,3,bike,0.6329072117805481,278.90704345703125,91.6106948852539,298.4627990722656,127.38179779052734,288.68492126464844,109.49624633789062,uvh26
42,47,3,bike,0.21169281005859375,1311.4573974609375,184.9762725830078,1360.917236328125,250.9224853515625,1336.1873168945312,217.94937896728516,uvh26
42,48,2,car,0.6060642600059509,1351.6832275390625,35.99322509765625,1396.8189697265625,69.96471405029297,1374.2510986328125,52.97896957397461,uvh26
42,41,3,bike,0.8051232099533081,1037.2034912109375,107.35592651367188,1063.4854736328125,142.6729736328125,1050.344482421875,125.01445007324219,uvh26
42,58,3,bike,0.6707243323326111,620.1021118164062,254.81765747070312,660.6942749023438,304.7210693359375,640.398193359375,279.7693634033203,uvh26
42,38,2,car,0.4941602945327759,1089.3653564453125,190.4498748779297,1173.4112548828125,249.09341430664062,1131.3883056640625,219.77164459228516,uvh26
42,77,3,bike,0.5593169927597046,1344.9342041015625,1.7453230619430542,1360.020263671875,25.815370559692383,1352.4772338867188,13.780346810817719,uvh26
42,92,3,bike,0.854180097579956,599.9085693359375,297.1624755859375,650.7125244140625,352.0116882324219,625.310546875,324.5870819091797,uvh26
42,98,3,bike,0.5356035828590393,543.4680786132812,279.479248046875,588.6135864257812,333.7170715332031,566.0408325195312,306.59815979003906,uvh26
42,89,3,bike,0.5648300051689148,302.69305419921875,97.28575897216797,320.2877197265625,128.04119873046875,311.4903869628906,112.66347885131836,uvh26
42,155,8,auto,0.5349036455154419,391.7265930175781,109.10424041748047,425.8744201660156,148.04806518554688,408.8005065917969,128.57615280151367,uvh26
42,28,2,car,0.6382861137390137,1310.7110595703125,77.88209533691406,1359.990478515625,119.25862884521484,1335.3507690429688,98.57036209106445,uvh26
42,16,2,car,0.7403196096420288,1193.5848388671875,110.92108917236328,1255.7977294921875,156.7947540283203,1224.6912841796875,133.8579216003418,uvh26
42,200,3,bike,0.45605170726776123,264.6111145019531,78.7989273071289,280.7120666503906,109.9974365234375,272.6615905761719,94.3981819152832,uvh26
42,213,3,bike,0.5891966223716736,1306.168212890625,189.39361572265625,1348.1558837890625,253.33444213867188,1327.1620483398438,221.36402893066406,uvh26
42,45,2,car,0.6367950439453125,1120.06298828125,85.32462310791016,1187.754638671875,129.325439453125,1153.9088134765625,107.32503128051758,uvh26
42,24,3,bike,0.5910494923591614,1162.318359375,68.10523223876953,1184.8614501953125,98.01713562011719,1173.5899047851562,83.06118392944336,uvh26
42,242,2,car,0.4469256103038788,1264.58935546875,374.2073669433594,1350.378662109375,444.85833740234375,1307.4840087890625,409.53285217285156,uvh26
42,248,2,car,0.43233194947242737,1090.1295166015625,190.19639587402344,1173.378662109375,248.47488403320312,1131.7540893554688,219.33563995361328,uvh26
42,249,2,car,0.2040921300649643,1215.218505859375,125.92070007324219,1282.23583984375,180.21607971191406,1248.7271728515625,153.06838989257812,uvh26
42,40,2,car,0.6341429352760315,308.0133361816406,117.58258056640625,366.3824462890625,161.27670288085938,337.19789123535156,139.4296417236328,uvh26
42,3,0,pedestrian,0.5643529891967773,1172.04638671875,634.2555541992188,1200.4124755859375,690.8926391601562,1186.2294311523438,662.5740966796875,coco_person
42,123,0,pedestrian,0.44424429535865784,1224.49755859375,486.6600646972656,1251.8153076171875,561.7699584960938,1238.1564331054688,524.2150115966797,coco_person
42,4,0,pedestrian,0.5094323754310608,1373.179443359375,186.23695373535156,1397.7774658203125,251.80154418945312,1385.4784545898438,219.01924896240234,coco_person
42,207,0,pedestrian,0.4417071044445038,1374.3851318359375,209.19752502441406,1397.861572265625,251.77052307128906,1386.1233520507812,230.48402404785156,coco_person
42,2,0,pedestrian,0.356940895318985,931.5452880859375,220.47250366210938,954.1316528320312,260.1821594238281,942.8384704589844,240.32733154296875,coco_person
43,1,8,auto,0.9289705753326416,787.1516723632812,566.9642944335938,915.8793334960938,687.3102416992188,851.5155029296875,627.1372680664062,uvh26
43,2,8,auto,0.908071756362915,1114.384033203125,129.45477294921875,1164.162353515625,178.6412811279297,1139.273193359375,154.04802703857422,uvh26
43,3,8,auto,0.9010036587715149,201.18917846679688,161.82763671875,260.79461669921875,213.33340454101562,230.9918975830078,187.5805206298828,uvh26
43,4,8,auto,0.9041151404380798,669.2908325195312,599.5133056640625,796.328857421875,713.9601440429688,732.8098449707031,656.7367248535156,uvh26
43,5,8,auto,0.8932698965072632,600.45751953125,630.5934448242188,734.06640625,720.0,667.261962890625,675.2967224121094,uvh26
43,6,8,auto,0.850462019443512,912.9952392578125,335.2521667480469,990.1268310546875,417.11041259765625,951.56103515625,376.18128967285156,uvh26
43,7,3,bike,0.856159508228302,936.8817749023438,181.84471130371094,973.7919921875,228.80946350097656,955.3368835449219,205.32708740234375,uvh26
43,8,3,bike,0.8997732996940613,1011.4867553710938,385.7152099609375,1077.0115966796875,451.1314392089844,1044.2491760253906,418.42332458496094,uvh26
43,12,3,bike,0.22643932700157166,210.4516143798828,103.5204849243164,228.2665252685547,133.63316345214844,219.35906982421875,118.57682418823242,uvh26
43,13,8,auto,0.8448416590690613,925.8353881835938,572.4832763671875,1044.8023681640625,683.6096801757812,985.3188781738281,628.0464782714844,uvh26
43,14,8,auto,0.43767163157463074,486.65118408203125,295.7938232421875,563.7900390625,366.5141906738281,525.2206115722656,331.1540069580078,uvh26
43,15,3,bike,0.8399699926376343,967.6900024414062,151.50650024414062,998.4932861328125,192.8772735595703,983.0916442871094,172.19188690185547,uvh26
43,17,3,bike,0.8679357171058655,845.6832275390625,195.10537719726562,879.2769775390625,241.9241180419922,862.4801025390625,218.5147476196289,uvh26
43,18,3,bike,0.7979395389556885,427.2045593261719,206.3035888671875,480.71002197265625,262.5434265136719,453.95729064941406,234.4235076904297,uvh26
43,19,8,auto,0.7040847539901733,764.5086669921875,280.0343933105469,852.6830444335938,376.0991516113281,808.5958557128906,328.0667724609375,uvh26
43,20,3,bike,0.7894309759140015,1053.4117431640625,166.83175659179688,1090.8077392578125,216.29261779785156,1072.1097412109375,191.56218719482422,uvh26
43,21,3,bike,0.8368175625801086,870.80224609375,164.62423706054688,903.4273071289062,207.738037109375,887.1147766113281,186.18113708496094,uvh26
43,22,3,bike,0.6655876040458679,1066.6614990234375,151.85838317871094,1102.34765625,192.45504760742188,1084.5045776367188,172.1567153930664,uvh26
43,23,8,auto,0.4138212203979492,417.1630859375,110.78315734863281,471.9140625,151.87086486816406,444.53857421875,131.32701110839844,uvh26
43,25,3,bike,0.5438231229782104,1362.541748046875,4.1367926597595215,1377.6141357421875,28.44415283203125,1370.0779418945312,16.290472745895386,uvh26
43,26,3,bike,0.8322451710700989,1062.7100830078125,110.94378662109375,1088.4639892578125,148.56517028808594,1075.5870361328125,129.75447845458984,uvh26
43,27,3,bike,0.777768075466156,868.5707397460938,548.61474609375,942.5127563476562,626.1709594726562,905.541748046875,587.3928527832031,uvh26
43,29,3,bike,0.7751063108444214,626.7149658203125,225.3566131591797,681.5398559570312,271.4603576660156,654.1274108886719,248.40848541259766,uvh26
43,31,8,auto,0.8868366479873657,1061.29638671875,72.37062072753906,1097.3663330078125,109.8014144897461,1079.3313598632812,91.08601760864258,uvh26
43,32,3,bike,0.8199918866157532,1222.5245361328125,41.08818817138672,1242.1171875,71.03895568847656,1232.3208618164062,56.06357192993164,uvh26
43,33,2,car,0.8156527280807495,1213.932373046875,128.12918090820312,1277.9630126953125,181.82998657226562,1245.9476928710938,154.97958374023438,uvh26
43,34,3,bike,0.8528717160224915,652.5065307617188,284.0892333984375,696.3006591796875,336.9248352050781,674.4035949707031,310.5070343017578,uvh26
43,35,8,auto,0.8590264320373535,901.3471069335938,123.07301330566406,947.5703125,168.25758361816406,924.4587097167969,145.66529846191406,uvh26
43,37,2,car,0.658556342124939,1090.4053955078125,55.56673812866211,1138.55224609375,88.95918273925781,1114.4788208007812,72.26296043395996,uvh26
43,42,3,bike,0.6070414185523987,279.8387756347656,92.15509796142578,299.4839172363281,128.28562927246094,289.6613464355469,110.22036361694336,uvh26
43,47,3,bike,0.2432229071855545,1311.0220947265625,185.0707244873047,1361.0135498046875,251.255859375,1336.017822265625,218.16329193115234,uvh26
43,48,2,car,0.6627265214920044,1350.218994140625,36.37871170043945,1395.94287109375,70.7533187866211,1373.0809326171875,53.56601524353027,uvh26
43,41,3,bike,0.8237989544868469,1040.0684814453125,106.19344329833984,1066.5089111328125,141.88211059570312,1053.2886962890625,124.03777694702148,uvh26
43,58,3,bike,0.7290274500846863,616.9109497070312,255.90432739257812,656.188232421875,303.46221923828125,636.5495910644531,279.6832733154297,uvh26
43,38,2,car,0.4237830638885498,1086.060302734375,191.4105682373047,1170.7977294921875,250.62319946289062,1128.4290161132812,221.01688385009766,uvh26
43,77,3,bike,0.6459940671920776,1346.107421875,1.6957956552505493,1360.8153076171875,25.280803680419922,1353.4613647460938,13.488299667835236,uvh26
43,92,3,bike,0.8541356325149536,597.8810424804688,296.3846130371094,648.663818359375,351.5903625488281,623.2724304199219,323.98748779296875,uvh26
43,98,3,bike,0.5163466930389404,540.3646850585938,278.7081298828125,585.6458740234375,333.1424560546875,563.0052795410156,305.92529296875,uvh26
43,89,3,bike,0.6154788732528687,303.7855529785156,97.83340454101562,321.3353576660156,128.30316162109375,312.5604553222656,113.06828308105469,uvh26
43,155,8,auto,0.4644275903701782,391.8166809082031,108.89717864990234,425.90423583984375,147.94204711914062,408.86045837402344,128.41961288452148,uvh26
43,28,2,car,0.6622366309165955,1309.5135498046875,78.7878189086914,1358.699951171875,120.0802230834961,1334.1067504882812,99.43402099609375,uvh26
43,16,2,car,0.7775232791900635,1192.3277587890625,111.30884552001953,1254.8275146484375,157.30340576171875,1223.57763671875,134.30612564086914,uvh26
43,200,3,bike,0.4786415100097656,265.38470458984375,78.8008041381836,281.822509765625,110.7004623413086,273.6036071777344,94.7506332397461,uvh26
43,213,3,bike,0.611727237701416,1306.2178955078125,189.68258666992188,1348.0081787109375,253.3212432861328,1327.113037109375,221.50191497802734,uvh26
43,45,2,car,0.579282820224762,1121.6783447265625,84.4357681274414,1188.898681640625,128.14654541015625,1155.2885131835938,106.29115676879883,uvh26
43,24,3,bike,0.4666566550731659,1163.8316650390625,67.63566589355469,1186.5780029296875,97.74249267578125,1175.204833984375,82.68907928466797,uvh26
43,242,2,car,0.5345215201377869,1262.276123046875,372.4560546875,1348.359375,443.18939208984375,1305.3177490234375,407.8227233886719,uvh26
43,248,2,car,0.46989357471466064,1086.1607666015625,190.93280029296875,1171.295654296875,250.5508575439453,1128.7282104492188,220.74182891845703,uvh26
43,40,2,car,0.6036386489868164,309.3818664550781,118.02967071533203,367.43341064453125,161.73068237304688,338.4076385498047,139.88017654418945,uvh26
43,3,0,pedestrian,0.5630791783332825,1172.0496826171875,634.311279296875,1200.370361328125,690.9290161132812,1186.2100219726562,662.6201477050781,coco_person
43,123,0,pedestrian,0.47826340794563293,1220.4345703125,485.94964599609375,1247.9747314453125,561.1439819335938,1234.2046508789062,523.5468139648438,coco_person
43,4,0,pedestrian,0.46502721309661865,1372.758544921875,186.40127563476562,1397.2197265625,251.90122985839844,1384.9891357421875,219.15125274658203,coco_person
43,207,0,pedestrian,0.3025425970554352,1374.3948974609375,209.70947265625,1397.7938232421875,252.00897216796875,1386.0943603515625,230.85922241210938,coco_person
43,2,0,pedestrian,0.31630924344062805,930.277099609375,220.87477111816406,952.474609375,260.328857421875,941.3758544921875,240.60181427001953,coco_person
44,1,8,auto,0.9289742708206177,787.15625,566.9989013671875,915.8716430664062,687.31396484375,851.5139465332031,627.1564331054688,uvh26
44,2,8,auto,0.9187541007995605,1112.5343017578125,129.34844970703125,1163.04931640625,179.19776916503906,1137.7918090820312,154.27310943603516,uvh26
44,3,8,auto,0.8995877504348755,201.18931579589844,161.75877380371094,260.8521728515625,213.334228515625,231.02074432373047,187.54650115966797,uvh26
44,4,8,auto,0.9050447344779968,669.2212524414062,599.46875,796.3079833984375,713.9901733398438,732.7646179199219,656.7294616699219,uvh26
44,5,8,auto,0.8954576849937439,600.3937377929688,630.5555419921875,734.0391845703125,720.0,667.2164611816406,675.2777709960938,uvh26
44,6,8,auto,0.856171190738678,909.6268310546875,337.9231262207031,986.498291015625,419.41461181640625,948.0625610351562,378.6688690185547,uvh26
44,7,3,bike,0.8316920399665833,935.4519653320312,182.29855346679688,972.0201416015625,228.7935333251953,953.7360534667969,205.5460433959961,uvh26
44,8,3,bike,0.8952021598815918,1010.7514038085938,385.45245361328125,1076.156494140625,450.7430725097656,1043.4539489746094,418.09776306152344,uvh26
44,13,8,auto,0.8427988886833191,925.7841186523438,572.439453125,1044.918701171875,683.7216186523438,985.3514099121094,628.0805358886719,uvh26
44,14,8,auto,0.5372360348701477,483.1512145996094,296.7859191894531,558.5199584960938,365.5992736816406,520.8355865478516,331.1925964355469,uvh26
44,15,3,bike,0.8127474784851074,971.734130859375,150.0654754638672,1002.4795532226562,191.5115966796875,987.1068420410156,170.78853607177734,uvh26
44,17,3,bike,0.8637658357620239,849.5188598632812,193.05535888671875,883.53759765625,240.44949340820312,866.5282287597656,216.75242614746094,uvh26
44,18,3,bike,0.7598675489425659,434.7449951171875,212.6217803955078,483.0688781738281,262.75372314453125,458.9069366455078,237.68775177001953,uvh26
44,19,8,auto,0.7607558369636536,762.1005859375,281.6958312988281,850.9461669921875,378.1925354003906,806.5233764648438,329.9441833496094,uvh26
44,20,3,bike,0.7982004880905151,1052.3033447265625,168.91595458984375,1088.5606689453125,216.5120849609375,1070.4320068359375,192.71401977539062,uvh26
44,21,3,bike,0.8466116189956665,873.3468017578125,164.08749389648438,905.1930541992188,206.16854858398438,889.2699279785156,185.12802124023438,uvh26
44,22,3,bike,0.6907498240470886,1065.4498291015625,151.6656036376953,1101.25830078125,192.3873748779297,1083.3540649414062,172.0264892578125,uvh26
44,23,8,auto,0.42107588052749634,417.6385803222656,110.86680603027344,472.2110290527344,151.8833465576172,444.9248046875,131.3750762939453,uvh26
44,25,3,bike,0.44248899817466736,1363.89208984375,3.491386651992798,1379.197021484375,27.96880531311035,1371.5445556640625,15.730095982551575,uvh26
44,26,3,bike,0.7733019590377808,1065.453857421875,109.56623077392578,1091.3023681640625,147.39984130859375,1078.3781127929688,128.48303604125977,uvh26
44,27,3,bike,0.7651494145393372,868.8922119140625,548.6592407226562,942.5482788085938,626.0985107421875,905.7202453613281,587.3788757324219,uvh26
44,29,3,bike,0.779600977897644,628.4663696289062,225.78887939453125,683.9043579101562,272.1755676269531,656.1853637695312,248.9822235107422,uvh26
44,31,8,auto,0.8924383521080017,1061.6407470703125,72.41777038574219,1097.607177734375,109.45899963378906,1079.6239624023438,90.93838500976562,uvh26
44,32,3,bike,0.7986016869544983,1223.6397705078125,40.19191360473633,1243.423095703125,70.61911010742188,1233.5314331054688,55.4055118560791,uvh26
44,33,2,car,0.8419051170349121,1211.9580078125,128.8935546875,1276.502685546875,182.9031524658203,1244.2303466796875,155.89835357666016,uvh26
44,34,3,bike,0.8420743942260742,650.0962524414062,283.9297180175781,693.64208984375,336.3185729980469,671.8691711425781,310.1241455078125,uvh26
44,35,8,auto,0.8523151874542236,901.4423828125,123.0453109741211,947.6072387695312,168.24317932128906,924.5248107910156,145.64424514770508,uvh26
44,37,2,car,0.6593948006629944,1090.4959716796875,55.57929611206055,1138.489013671875,88.91795349121094,1114.4924926757812,72.24862480163574,uvh26
44,42,3,bike,0.6556349396705627,281.3304748535156,93.04741668701172,300.6417541503906,128.71047973632812,290.9861145019531,110.87894821166992,uvh26
44,47,3,bike,0.21051117777824402,1310.7724609375,185.07594299316406,1361.17041015625,251.31594848632812,1335.971435546875,218.1959457397461,uvh26
44,48,2,car,0.6373363733291626,1348.87060546875,36.6484489440918,1395.2174072265625,71.44731140136719,1372.0440063476562,54.04788017272949,uvh26
44,41,3,bike,0.800903856754303,1043.385498046875,104.93081665039062,1069.7628173828125,140.48960876464844,1056.5741577148438,122.71021270751953,uvh26
44,58,3,bike,0.7688420414924622,612.4219970703125,253.0586700439453,653.3865966796875,302.31463623046875,632.904296875,277.68665313720703,uvh26
44,38,2,car,0.5111743807792664,1083.218017578125,193.1709442138672,1168.127197265625,252.40855407714844,1125.672607421875,222.7897491455078,uvh26
44,77,3,bike,0.5429664254188538,1347.4078369140625,1.50981605052948,1361.506591796875,24.343767166137695,1354.4572143554688,12.926791608333588,uvh26
44,92,3,bike,0.8557310104370117,596.2335205078125,296.49713134765625,645.8914184570312,350.7634582519531,621.0624694824219,323.6302947998047,uvh26
44,89,3,bike,0.5683246850967407,305.126220703125,98.00997161865234,322.90740966796875,128.74415588378906,314.0168151855469,113.3770637512207,uvh26
44,155,8,auto,0.48018860816955566,391.89337158203125,109.07075500488281,425.8317565917969,148.02635192871094,408.86256408691406,128.54855346679688,uvh26
44,28,2,car,0.7177881598472595,1308.3984375,80.0693588256836,1357.3778076171875,121.1456298828125,1332.8881225585938,100.60749435424805,uvh26
44,16,2,car,0.7537223696708679,1191.4822998046875,111.7766342163086,1254.1854248046875,157.79727172851562,1222.8338623046875,134.7869529724121,uvh26
44,200,3,bike,0.5314943194389343,266.4709167480469,79.5567398071289,282.8036804199219,111.30194091796875,274.6372985839844,95.42934036254883,uvh26
44,213,3,bike,0.5520776510238647,1306.093505859375,189.4038543701172,1348.031005859375,253.33152770996094,1327.062255859375,221.36769104003906,uvh26
44,45,2,car,0.618780791759491,1122.62109375,82.89319610595703,1191.12060546875,127.5946273803711,1156.870849609375,105.24391174316406,uvh26
44,24,3,bike,0.3841535747051239,1165.7786865234375,67.24978637695312,1188.12451171875,96.67233276367188,1176.9515991210938,81.9610595703125,uvh26
44,242,2,car,0.5404148697853088,1260.344970703125,370.6286315917969,1347.18798828125,441.7268981933594,1303.7664794921875,406.1777648925781,uvh26
44,40,2,car,0.6031413674354553,311.6025695800781,119.02335357666016,368.8352966308594,162.156005859375,340.21893310546875,140.58967971801758,uvh26
44,267,2,car,0.37018969655036926,1258.817626953125,369.9557800292969,1349.652587890625,441.76519775390625,1304.235107421875,405.86048889160156,uvh26
44,3,0,pedestrian,0.5566516518592834,1171.923828125,634.4620971679688,1200.2271728515625,691.043701171875,1186.0755004882812,662.7528991699219,coco_person
44,123,0,pedestrian,0.5677130222320557,1219.93017578125,485.2169189453125,1248.2786865234375,560.9834594726562,1234.1044311523438,523.1001892089844,coco_person
44,4,0,pedestrian,0.45781779289245605,1372.31640625,186.56887817382812,1396.62548828125,251.63449096679688,1384.470947265625,219.1016845703125,coco_person
44,207,0,pedestrian,0.29380500316619873,1374.28564453125,209.81561279296875,1397.70068359375,251.93226623535156,1385.9931640625,230.87393951416016,coco_person
44,2,0,pedestrian,0.3241047263145447,928.8506469726562,220.1027374267578,951.09814453125,260.29547119140625,939.9743957519531,240.19910430908203,coco_person
45,1,8,auto,0.9288736581802368,787.1195068359375,567.0187377929688,915.8428955078125,687.3153076171875,851.481201171875,627.1670227050781,uvh26
45,2,8,auto,0.9213564991950989,1110.9398193359375,130.02880859375,1161.5643310546875,179.7958984375,1136.2520751953125,154.912353515625,uvh26
45,3,8,auto,0.8977033495903015,201.20138549804688,161.74588012695312,260.870361328125,213.33209228515625,231.03587341308594,187.5389862060547,uvh26
45,4,8,auto,0.9050459861755371,669.2147216796875,599.4625244140625,796.3334350585938,714.0384521484375,732.7740783691406,656.75048828125,uvh26
45,5,8,auto,0.8940627574920654,600.3677978515625,630.5380249023438,734.0277709960938,720.0,667.1977844238281,675.2690124511719,uvh26
45,6,8,auto,0.8910698294639587,906.2935791015625,340.209716796875,982.9527587890625,421.3736572265625,944.6231689453125,380.79168701171875,uvh26
45,7,3,bike,0.8345233798027039,933.7178344726562,182.8120574951172,969.9129028320312,228.80276489257812,951.8153686523438,205.80741119384766,uvh26
45,8,3,bike,0.8874120712280273,1009.9427490234375,385.22412109375,1075.200439453125,450.36395263671875,1042.5715942382812,417.7940368652344,uvh26
45,13,8,auto,0.8424124717712402,925.7614135742188,572.4246826171875,1044.949462890625,683.7540283203125,985.3554382324219,628.08935546875,uvh26
45,14,8,auto,0.5811943411827087,474.4753723144531,285.479736328125,559.7269897460938,364.5746765136719,517.1011810302734,325.02720642089844,uvh26
45,15,3,bike,0.8577156066894531,975.3103637695312,148.4169464111328,1006.1845703125,190.2862548828125,990.7474670410156,169.35160064697266,uvh26
45,17,3,bike,0.8737290501594543,853.2713012695312,191.6836700439453,887.2970581054688,238.97177124023438,870.2841796875,215.32772064208984,uvh26
45,18,3,bike,0.7910822033882141,441.54193115234375,216.0511474609375,487.2918701171875,263.01397705078125,464.4169006347656,239.53256225585938,uvh26
45,19,8,auto,0.7799135446548462,758.5170288085938,282.369873046875,849.7617797851562,381.6024169921875,804.139404296875,331.98614501953125,uvh26
45,20,3,bike,0.7941780686378479,1049.984130859375,167.8036346435547,1087.5926513671875,217.26927185058594,1068.7883911132812,192.5364532470703,uvh26
45,21,3,bike,0.8362930417060852,875.5733032226562,163.5540313720703,907.103271484375,205.1617889404297,891.3382873535156,184.35791015625,uvh26
45,22,3,bike,0.6281479597091675,1063.5673828125,151.8851776123047,1099.8082275390625,193.23770141601562,1081.6878051757812,172.56143951416016,uvh26
45,23,8,auto,0.4167686998844147,417.7968444824219,110.849853515625,472.3282165527344,151.88543701171875,445.0625305175781,131.36764526367188,uvh26
45,25,3,bike,0.4299386143684387,1365.1368408203125,2.428126811981201,1380.623046875,27.10923957824707,1372.8799438476562,14.768683195114136,uvh26
45,26,3,bike,0.8262667655944824,1068.04931640625,107.41314697265625,1094.6217041015625,146.46185302734375,1081.3355102539062,126.9375,uvh26
45,27,3,bike,0.7780457735061646,868.8230590820312,548.6635131835938,942.23779296875,626.083251953125,905.5304260253906,587.3733825683594,uvh26
45,29,3,bike,0.7887834906578064,631.698486328125,226.74803161621094,686.7379760742188,272.6138610839844,659.2182312011719,249.68094635009766,uvh26
45,31,8,auto,0.8797392845153809,1061.93408203125,72.39599609375,1098.27587890625,109.54020690917969,1080.10498046875,90.96810150146484,uvh26
45,32,3,bike,0.7992476224899292,1224.904296875,39.42890930175781,1244.6220703125,69.92781829833984,1234.76318359375,54.67836380004883,uvh26
45,33,2,car,0.8707921504974365,1210.0030517578125,129.73526000976562,1275.131103515625,184.05992126464844,1242.5670776367188,156.89759063720703,uvh26
45,34,3,bike,0.8531832098960876,647.2208251953125,283.11138916015625,691.3093872070312,336.0610656738281,669.2651062011719,309.5862274169922,uvh26
45,35,8,auto,0.8466523885726929,901.56640625,123.01417541503906,947.6566772460938,168.2181396484375,924.6115417480469,145.61615753173828,uvh26
45,37,2,car,0.6634069085121155,1090.586181640625,55.56906509399414,1138.4683837890625,88.88318634033203,1114.5272827148438,72.22612571716309,uvh26
45,42,3,bike,0.6351077556610107,282.60504150390625,93.68196105957031,301.5616760253906,128.7786865234375,292.08335876464844,111.2303237915039,uvh26
45,47,3,bike,0.20529137551784515,1310.333740234375,185.08363342285156,1361.1905517578125,251.4369659423828,1335.7621459960938,218.2602996826172,uvh26
45,48,2,car,0.6962100267410278,1347.7088623046875,37.16901779174805,1394.37255859375,72.13491821289062,1371.0407104492188,54.651968002319336,uvh26
45,41,3,bike,0.7830545902252197,1046.219482421875,103.74398040771484,1072.5657958984375,139.33682250976562,1059.3926391601562,121.54040145874023,uvh26
45,58,3,bike,0.8209047913551331,608.2551879882812,253.13192749023438,648.9013671875,301.4997863769531,628.5782775878906,277.31585693359375,uvh26
45,38,2,car,0.565852701663971,1080.3284912109375,195.5758056640625,1164.2071533203125,253.9954071044922,1122.267822265625,224.78560638427734,uvh26
45,77,3,bike,0.37309345602989197,1348.7625732421875,1.333580493927002,1362.4051513671875,23.47248649597168,1355.5838623046875,12.40303349494934,uvh26
45,92,3,bike,0.8448326587677002,594.8978881835938,295.9913024902344,644.4054565429688,350.2270202636719,619.6516723632812,323.1091613769531,uvh26
45,89,3,bike,0.6173508763313293,305.9824523925781,98.2602310180664,324.05108642578125,129.3777313232422,315.0167694091797,113.8189811706543,uvh26
45,155,8,auto,0.4747064411640167,391.9241638183594,109.07266235351562,425.84906005859375,148.09654235839844,408.88661193847656,128.58460235595703,uvh26
45,28,2,car,0.7195590138435364,1307.2642822265625,80.67333984375,1356.15380859375,121.70086669921875,1331.7090454101562,101.18710327148438,uvh26
45,16,2,car,0.6260843276977539,1190.32958984375,112.342529296875,1253.611572265625,158.74722290039062,1221.9705810546875,135.5448760986328,uvh26
45,200,3,bike,0.5676179528236389,267.255126953125,79.9509048461914,283.5914611816406,111.78193664550781,275.4232940673828,95.86642074584961,uvh26
45,213,3,bike,0.49870315194129944,1305.95556640625,188.99615478515625,1348.091552734375,253.34080505371094,1327.0235595703125,221.1684799194336,uvh26
45,45,2,car,0.6005476117134094,1124.36474609375,81.9817123413086,1193.1796875,127.0972900390625,1158.772216796875,104.53950119018555,uvh26
45,24,3,bike,0.4087565541267395,1167.6295166015625,66.1314926147461,1189.939208984375,95.47704315185547,1178.7843627929688,80.80426788330078,uvh26
45,242,2,car,0.35157811641693115,1257.55419921875,368.3881530761719,1346.5341796875,440.919921875,1302.044189453125,404.65403747558594,uvh26
45,40,2,car,0.5793694853782654,312.51788330078125,119.6523666381836,370.6705627441406,163.59507751464844,341.59422302246094,141.62372207641602,uvh26
45,267,2,car,0.5184974670410156,1257.1270751953125,368.8282775878906,1347.54833984375,440.2267761230469,1302.3377075195312,404.52752685546875,uvh26
45,275,2,car,0.4348165690898895,1188.944580078125,112.20122528076172,1256.545166015625,158.81419372558594,1222.744873046875,135.50770950317383,uvh26
45,3,0,pedestrian,0.5542572140693665,1171.919921875,634.6110229492188,1200.1248779296875,690.9828491210938,1186.0223999023438,662.7969360351562,coco_person
45,123,0,pedestrian,0.493192583322525,1218.00146484375,485.0760803222656,1247.404296875,561.6204223632812,1232.702880859375,523.3482513427734,coco_person
45,4,0,pedestrian,0.45770925283432007,1372.3712158203125,187.23765563964844,1396.39453125,251.2270965576172,1384.3828735351562,219.2323760986328,coco_person
45,207,0,pedestrian,0.3698670268058777,1374.06396484375,209.32521057128906,1397.7099609375,251.638671875,1385.886962890625,230.48194122314453,coco_person
45,2,0,pedestrian,0.3160983920097351,926.8406982421875,218.63243103027344,949.6320190429688,260.0771179199219,938.2363586425781,239.35477447509766,coco_person
45,38,0,pedestrian,0.44740262627601624,423.12420654296875,206.19186401367188,443.646484375,244.82537841796875,433.3853454589844,225.5086212158203,coco_person
46,1,8,auto,0.9289880394935608,787.1611328125,567.1022338867188,915.8331909179688,687.3117065429688,851.4971618652344,627.2069702148438,uvh26
46,2,8,auto,0.9229962229728699,1109.33056640625,130.4031219482422,1160.2581787109375,180.3936004638672,1134.7943725585938,155.3983612060547,uvh26
46,3,8,auto,0.9041194319725037,201.2115936279297,161.7466583251953,260.835693359375,213.3096160888672,231.02364349365234,187.52813720703125,uvh26
46,4,8,auto,0.9059556722640991,669.2474975585938,599.4544677734375,796.3714599609375,714.0489501953125,732.8094787597656,656.751708984375,uvh26
46,5,8,auto,0.8945565819740295,600.3856201171875,630.5857543945312,733.9732666015625,720.0,667.179443359375,675.2928771972656,uvh26
46,6,8,auto,0.8985874056816101,903.0989990234375,341.7566833496094,980.10986328125,423.248291015625,941.6044311523438,382.5024871826172,uvh26
46,7,3,bike,0.8203014135360718,932.053955078125,183.7725830078125,967.727294921875,228.86758422851562,949.890625,206.32008361816406,uvh26
46,8,3,bike,0.891148030757904,1008.8790893554688,384.8837890625,1074.296875,450.2261962890625,1041.5879821777344,417.55499267578125,uvh26
46,13,8,auto,0.8388697504997253,925.7927856445312,572.4299926757812,1044.9090576171875,683.6640014648438,985.3509216308594,628.0469970703125,uvh26
46,14,8,auto,0.6595341563224792,469.6991271972656,281.01495361328125,556.9014892578125,363.1923828125,513.3003082275391,322.1036682128906,uvh26
46,15,3,bike,0.8328907489776611,979.3228759765625,146.80516052246094,1010.3882446289062,188.98497009277344,994.8555603027344,167.8950653076172,uvh26
46,17,3,bike,0.871540904045105,857.38818359375,190.00096130371094,891.3106689453125,237.12185668945312,874.3494262695312,213.56140899658203,uvh26
46,18,3,bike,0.7958199381828308,446.0920104980469,217.20907592773438,491.2980651855469,263.2833251953125,468.6950378417969,240.24620056152344,uvh26
46,19,8,auto,0.770818293094635,755.5127563476562,283.36627197265625,847.7303466796875,383.8221130371094,801.6215515136719,333.5941925048828,uvh26
46,20,3,bike,0.8140780925750732,1048.20556640625,167.43235778808594,1086.1815185546875,217.4579620361328,1067.1935424804688,192.44515991210938,uvh26
46,21,3,bike,0.8271636962890625,878.1447143554688,162.9319305419922,909.5466918945312,204.09544372558594,893.845703125,183.51368713378906,uvh26
46,22,3,bike,0.626690149307251,1062.04736328125,152.1476593017578,1098.5467529296875,193.84693908691406,1080.2970581054688,172.99729919433594,uvh26
46,23,8,auto,0.43930697441101074,417.9195251464844,110.7271728515625,472.543701171875,151.85987854003906,445.2316131591797,131.29352569580078,uvh26
46,25,3,bike,0.45499297976493835,1366.859375,1.637473702430725,1381.9398193359375,25.24054718017578,1374.3995971679688,13.439010441303253,uvh26
46,26,3,bike,0.8321912884712219,1070.900146484375,105.31396484375,1098.023681640625,145.49801635742188,1084.4619140625,125.40599060058594,uvh26
46,27,3,bike,0.7883287072181702,868.6985473632812,548.5994262695312,942.0142822265625,626.1342163085938,905.3564147949219,587.3668212890625,uvh26
46,29,3,bike,0.8254175782203674,634.341064453125,227.3061065673828,688.92626953125,272.6208190917969,661.6336669921875,249.96346282958984,uvh26
46,31,8,auto,0.8054747581481934,1062.0029296875,72.33246612548828,1099.0196533203125,109.92687225341797,1080.5112915039062,91.12966918945312,uvh26
46,32,3,bike,0.8136041760444641,1226.459716796875,39.1461296081543,1245.9505615234375,69.40987396240234,1236.2051391601562,54.27800178527832,uvh26
46,33,2,car,0.8478550910949707,1207.1796875,130.55978393554688,1273.2728271484375,185.53533935546875,1240.2262573242188,158.0475616455078,uvh26
46,34,3,bike,0.8530561923980713,644.14599609375,282.32421875,688.2784423828125,335.103759765625,666.2122192382812,308.7139892578125,uvh26
46,35,8,auto,0.8536297678947449,901.6176147460938,122.95045471191406,947.7081298828125,168.222412109375,924.6628723144531,145.58643341064453,uvh26
46,37,2,car,0.6500805616378784,1090.6280517578125,55.56435775756836,1138.36376953125,88.83354949951172,1114.4959106445312,72.19895362854004,uvh26
46,42,3,bike,0.678534984588623,283.7513122558594,94.23141479492188,302.40545654296875,128.84536743164062,293.07838439941406,111.53839111328125,uvh26
46,48,2,car,0.6057192087173462,1346.6893310546875,37.83360290527344,1393.55224609375,72.88056182861328,1370.1207885742188,55.35708236694336,uvh26
46,41,3,bike,0.7550889849662781,1048.8702392578125,101.54688262939453,1075.7142333984375,138.13644409179688,1062.292236328125,119.8416633605957,uvh26
46,58,3,bike,0.8198285698890686,604.157958984375,252.8253631591797,644.5064697265625,300.66693115234375,624.3322143554688,276.7461471557617,uvh26
46,38,2,car,0.5767771005630493,1078.049560546875,197.7104034423828,1161.3931884765625,255.5017852783203,1119.7213745117188,226.60609436035156,uvh26
46,77,3,bike,0.43232500553131104,1350.206787109375,1.1510496139526367,1363.421630859375,22.492252349853516,1356.814208984375,11.821650981903076,uvh26
46,92,3,bike,0.8640982508659363,593.4610595703125,295.347412109375,642.8847045898438,349.6103515625,618.1728820800781,322.4788818359375,uvh26
46,89,3,bike,0.5532202124595642,307.0050964355469,98.28048706054688,325.25384521484375,129.79981994628906,316.1294708251953,114.04015350341797,uvh26
46,155,8,auto,0.4846145510673523,392.0111389160156,109.04308319091797,425.9206237792969,148.08702087402344,408.96588134765625,128.5650520324707,uvh26
46,28,2,car,0.5688921809196472,1305.7686767578125,81.68852996826172,1354.603515625,122.64723205566406,1330.1860961914062,102.16788101196289,uvh26
46,16,2,car,0.7325851321220398,1189.1689453125,112.74063110351562,1253.1827392578125,159.72926330566406,1221.1758422851562,136.23494720458984,uvh26
46,200,3,bike,0.46332424879074097,268.1851806640625,80.90106201171875,284.47113037109375,112.50641632080078,276.3281555175781,96.70373916625977,uvh26
46,213,3,bike,0.5670361518859863,1306.1685791015625,189.41952514648438,1348.01611328125,253.35069274902344,1327.0923461914062,221.3851089477539,uvh26
46,45,2,car,0.573979377746582,1126.5733642578125,80.90478515625,1195.582275390625,126.2856674194336,1161.0778198242188,103.5952262878418,uvh26
46,24,3,bike,0.3540145456790924,1169.2635498046875,64.49049377441406,1191.6702880859375,93.93740844726562,1180.4669189453125,79.21395111083984,uvh26
46,242,2,car,0.614899218082428,1254.9735107421875,366.3496398925781,1345.075927734375,439.33319091796875,1300.0247192382812,402.84141540527344,uvh26
46,40,2,car,0.5781017541885376,313.61151123046875,120.39412689208984,371.812744140625,164.3566436767578,342.7121276855469,142.37538528442383,uvh26
46,275,2,car,0.5062488913536072,1188.2322998046875,112.65764617919922,1256.1046142578125,159.493896484375,1222.16845703125,136.0757713317871,uvh26
46,282,2,car,0.38119661808013916,314.33148193359375,120.63262176513672,370.3818359375,164.4798583984375,342.3566589355469,142.5562400817871,uvh26
46,98,3,bike,0.3796483278274536,529.2153930664062,274.80609130859375,576.8226928710938,332.16253662109375,553.01904296875,303.48431396484375,uvh26
46,3,0,pedestrian,0.5597990155220032,1171.973876953125,634.7664794921875,1200.1046142578125,690.9212646484375,1186.0392456054688,662.8438720703125,coco_person
46,11,0,pedestrian,0.3645894229412079,1345.674072265625,187.94000244140625,1362.4952392578125,232.59564208984375,1354.0846557617188,210.267822265625,coco_person
46,123,0,pedestrian,0.44747480750083923,1212.611572265625,485.1460876464844,1241.911865234375,560.1685791015625,1227.26171875,522.6573333740234,coco_person
46,4,0,pedestrian,0.4598004221916199,1372.29150390625,187.28028869628906,1396.3897705078125,251.04306030273438,1384.3406372070312,219.16167449951172,coco_person
46,207,0,pedestrian,0.37737908959388733,1374.0814208984375,209.1947479248047,1398.0396728515625,251.66665649414062,1386.060546875,230.43070220947266,coco_person
46,2,0,pedestrian,0.32586342096328735,925.580322265625,219.13943481445312,948.1942138671875,260.23834228515625,936.8872680664062,239.6888885498047,coco_person
46,38,0,pedestrian,0.393710732460022,422.6265869140625,206.2633819580078,442.9169921875,244.83827209472656,432.77178955078125,225.5508270263672,coco_person
47,1,8,auto,0.9284215569496155,787.2194213867188,567.1378784179688,915.8807373046875,687.3175048828125,851.5500793457031,627.2276916503906,uvh26
47,2,8,auto,0.9211969971656799,1108.1038818359375,131.3335418701172,1158.8458251953125,180.9951934814453,1133.474853515625,156.16436767578125,uvh26
47,3,8,auto,0.9040330052375793,201.31468200683594,161.97975158691406,260.8316345214844,213.41696166992188,231.07315826416016,187.69835662841797,uvh26
47,4,8,auto,0.905464231967926,669.2537841796875,599.4534912109375,796.3785400390625,714.0591430664062,732.816162109375,656.7563171386719,uvh26
47,5,8,auto,0.8933433294296265,600.3887939453125,630.5943603515625,733.9629516601562,720.0,667.1758728027344,675.2971801757812,uvh26
47,6,8,auto,0.8923382759094238,899.6781616210938,342.782470703125,977.2498168945312,424.7866516113281,938.4639892578125,383.78456115722656,uvh26
47,7,3,bike,0.8410249352455139,930.0423583984375,184.2307891845703,965.8988037109375,229.22366333007812,947.9705810546875,206.72722625732422,uvh26
47,8,3,bike,0.8955227732658386,1007.766357421875,384.5225524902344,1073.261474609375,449.97869873046875,1040.513916015625,417.25062561035156,uvh26
47,13,8,auto,0.8405149579048157,925.791748046875,572.4608764648438,1044.8726806640625,683.6401977539062,985.3322143554688,628.050537109375,uvh26
47,14,8,auto,0.5929343104362488,466.33416748046875,278.32806396484375,554.0880737304688,361.9864501953125,510.21112060546875,320.1572570800781,uvh26
47,15,3,bike,0.8476642966270447,983.0511474609375,145.3704376220703,1014.1090698242188,187.5870819091797,998.5801086425781,166.478759765625,uvh26
47,17,3,bike,0.8445534110069275,861.6138916015625,188.54598999023438,895.1708984375,235.0686798095703,878.3923950195312,211.80733489990234,uvh26
47,18,3,bike,0.735748827457428,450.8036193847656,218.4968719482422,495.74346923828125,264.0404357910156,473.27354431152344,241.2686538696289,uvh26
47,19,8,auto,0.7943054437637329,752.7273559570312,284.4966735839844,845.814453125,386.0892639160156,799.2709045410156,335.29296875,uvh26
47,20,3,bike,0.834165096282959,1047.2650146484375,169.03077697753906,1084.518310546875,217.85015869140625,1065.8916625976562,193.44046783447266,uvh26
47,21,3,bike,0.8306414484977722,880.481689453125,162.40927124023438,911.4234619140625,202.9149169921875,895.9525756835938,182.66209411621094,uvh26
47,22,3,bike,0.6522485613822937,1060.1629638671875,152.6466064453125,1096.5323486328125,194.5961456298828,1078.34765625,173.62137603759766,uvh26
47,23,8,auto,0.41269737482070923,418.1611022949219,110.75184631347656,472.7620849609375,151.85203552246094,445.4615936279297,131.30194091796875,uvh26
47,25,3,bike,0.27507761120796204,1368.0531005859375,1.1889243125915527,1382.858154296875,23.635467529296875,1375.4556274414062,12.412195920944214,uvh26
47,26,3,bike,0.8330911993980408,1073.5018310546875,103.82035064697266,1100.6383056640625,144.3687744140625,1087.070068359375,124.09456253051758,uvh26
47,27,3,bike,0.78803950548172,868.6939086914062,548.6672973632812,941.807373046875,626.1607666015625,905.2506408691406,587.4140319824219,uvh26
47,29,3,bike,0.8287752866744995,636.8469848632812,228.0023193359375,691.2933349609375,273.0182189941406,664.0701599121094,250.51026916503906,uvh26
47,31,8,auto,0.7997824549674988,1062.5484619140625,72.26819610595703,1099.8494873046875,109.94276428222656,1081.198974609375,91.1054801940918,uvh26
47,32,3,bike,0.791979193687439,1228.0177001953125,38.775997161865234,1247.456787109375,69.0170669555664,1237.7372436523438,53.89653205871582,uvh26
47,33,2,car,0.8592165112495422,1205.1875,131.25367736816406,1271.9454345703125,186.6399383544922,1238.5664672851562,158.94680786132812,uvh26
47,34,3,bike,0.8472363948822021,641.6182861328125,282.16119384765625,685.5509643554688,334.4705505371094,663.5846252441406,308.3158721923828,uvh26
47,35,8,auto,0.8441708087921143,901.6735229492188,123.00897216796875,947.6859130859375,168.25311279296875,924.6797180175781,145.63104248046875,uvh26
47,37,2,car,0.6572455763816833,1090.61572265625,55.645301818847656,1138.2330322265625,88.89749145507812,1114.4243774414062,72.27139663696289,uvh26
47,42,3,bike,0.7321271300315857,284.7505187988281,94.63228607177734,303.17193603515625,128.71444702148438,293.9612274169922,111.67336654663086,uvh26
47,48,2,car,0.5996311902999878,1345.5185546875,38.49201202392578,1392.580322265625,73.6453857421875,1369.0494384765625,56.06869888305664,uvh26
47,41,3,bike,0.767707347869873,1051.4154052734375,99.8855209350586,1078.625244140625,137.3170166015625,1065.0203247070312,118.60126876831055,uvh26
47,58,3,bike,0.8106703162193298,600.309326171875,252.19625854492188,640.5289306640625,299.6124267578125,620.4191284179688,275.9043426513672,uvh26
47,38,2,car,0.6350948214530945,1075.094970703125,199.73497009277344,1158.1680908203125,257.10284423828125,1116.6315307617188,228.41890716552734,uvh26
47,77,3,bike,0.27659472823143005,1352.0494384765625,1.0586203336715698,1365.319091796875,22.108478546142578,1358.6842651367188,11.583549439907074,uvh26
47,92,3,bike,0.850419282913208,591.79296875,294.5511779785156,641.4188232421875,349.3313293457031,616.6058959960938,321.9412536621094,uvh26
47,89,3,bike,0.43324869871139526,308.24530029296875,98.52668762207031,326.7359619140625,130.37086486816406,317.4906311035156,114.44877624511719,uvh26
47,155,8,auto,0.48718371987342834,392.0057067871094,108.89957427978516,426.0318298339844,148.1940460205078,409.0187683105469,128.54681015014648,uvh26
47,28,2,car,0.620289146900177,1304.258056640625,82.6126937866211,1353.473876953125,123.84646606445312,1328.865966796875,103.22957992553711,uvh26
47,16,2,car,0.7360291481018066,1188.0679931640625,113.20008087158203,1252.4794921875,160.582275390625,1220.2737426757812,136.89117813110352,uvh26
47,200,3,bike,0.5879553556442261,269.2079162597656,81.56610870361328,285.5701599121094,113.04396057128906,277.3890380859375,97.30503463745117,uvh26
47,213,3,bike,0.5837001800537109,1306.4697265625,190.19598388671875,1347.8343505859375,253.31739807128906,1327.1520385742188,221.7566909790039,uvh26
47,45,2,car,0.5561776757240295,1128.677001953125,79.93336486816406,1197.9007568359375,125.52653503417969,1163.2888793945312,102.72994995117188,uvh26
47,24,3,bike,0.4222702085971832,1171.197509765625,64.40766906738281,1192.63330078125,92.53741455078125,1181.9154052734375,78.47254180908203,uvh26
47,242,2,car,0.549310564994812,1252.80126953125,365.1794738769531,1343.585693359375,438.1465759277344,1298.1934814453125,401.66302490234375,uvh26
47,40,2,car,0.5151675939559937,314.92681884765625,121.34005737304688,372.67608642578125,164.9381561279297,343.80145263671875,143.13910675048828,uvh26
47,275,2,car,0.5705026388168335,1187.3077392578125,113.29894256591797,1255.03173828125,160.08477783203125,1221.1697387695312,136.6918601989746,uvh26
47,282,2,car,0.383433073759079,315.3145751953125,121.31483459472656,371.0044860839844,164.84213256835938,343.15953063964844,143.07848358154297,uvh26
47,293,2,car,0.40721702575683594,1304.874267578125,83.23800659179688,1353.8917236328125,123.90921020507812,1329.3829956054688,103.5736083984375,uvh26
47,3,0,pedestrian,0.5531401634216309,1172.031982421875,634.8428344726562,1200.1439208984375,690.8765258789062,1186.0879516601562,662.8596801757812,coco_person
47,11,0,pedestrian,0.3568674623966217,1343.8531494140625,188.20753479003906,1360.8031005859375,232.67172241210938,1352.328125,210.43962860107422,coco_person
47,123,0,pedestrian,0.4912579655647278,1212.9619140625,484.44622802734375,1243.041015625,559.0679931640625,1228.00146484375,521.7571105957031,coco_person
47,4,0,pedestrian,0.43934395909309387,1372.175048828125,189.57989501953125,1395.65771484375,250.97488403320312,1383.9163818359375,220.2773895263672,coco_person
47,207,0,pedestrian,0.3340030312538147,1373.78076171875,209.56581115722656,1397.809326171875,251.6582489013672,1385.7950439453125,230.61203002929688,coco_person
47,2,0,pedestrian,0.26436737179756165,924.8762817382812,219.8900604248047,947.3189086914062,260.55255126953125,936.0975952148438,240.22130584716797,coco_person
47,38,0,pedestrian,0.3420001268386841,421.4928283691406,206.77938842773438,442.11700439453125,246.2991943359375,431.80491638183594,226.53929138183594,coco_person
48,1,8,auto,0.9295454025268555,787.31005859375,567.2130126953125,915.9165649414062,687.3893432617188,851.6133117675781,627.3011779785156,uvh26
48,2,8,auto,0.931835412979126,1106.7843017578125,132.1053466796875,1157.3438720703125,181.4815216064453,1132.0640869140625,156.7934341430664,uvh26
48,3,8,auto,0.9018362760543823,201.34649658203125,162.13607788085938,260.7891845703125,213.4927215576172,231.06784057617188,187.81439971923828,uvh26
48,4,8,auto,0.9060545563697815,669.219482421875,599.4454345703125,796.3826904296875,714.108642578125,732.8010864257812,656.7770385742188,uvh26
48,5,8,auto,0.8945638537406921,600.588623046875,630.725830078125,733.9775390625,720.0,667.2830810546875,675.3629150390625,uvh26
48,6,8,auto,0.8843992948532104,895.98974609375,343.8806457519531,974.3191528320312,426.7898864746094,935.1544494628906,385.33526611328125,uvh26
48,7,3,bike,0.8483880162239075,927.8594360351562,184.56729125976562,964.2213134765625,229.93617248535156,946.0403747558594,207.2517318725586,uvh26
48,8,3,bike,0.8947585225105286,1006.7372436523438,384.13775634765625,1072.1903076171875,449.5791015625,1039.4637756347656,416.8584289550781,uvh26
48,13,8,auto,0.8410784006118774,925.886962890625,572.5524291992188,1044.7979736328125,683.5173950195312,985.3424682617188,628.034912109375,uvh26
48,14,8,auto,0.6883100867271423,462.5808410644531,275.881103515625,552.2932739257812,362.4643859863281,507.4370574951172,319.17274475097656,uvh26
48,15,3,bike,0.8661742806434631,986.6436157226562,144.42202758789062,1017.3421630859375,186.38352966308594,1001.9928894042969,165.40277862548828,uvh26
48,17,3,bike,0.8654577732086182,865.486572265625,186.39584350585938,899.5306396484375,233.52342224121094,882.5086059570312,209.95963287353516,uvh26
48,18,3,bike,0.7865259647369385,454.9541320800781,218.33868408203125,500.7221374511719,264.65838623046875,477.838134765625,241.49853515625,uvh26
48,19,8,auto,0.7957236170768738,750.4163208007812,285.6167297363281,844.1239624023438,387.9694519042969,797.2701416015625,336.7930908203125,uvh26
48,20,3,bike,0.8224849700927734,1045.4788818359375,168.9839324951172,1083.0723876953125,218.2039337158203,1064.275634765625,193.59393310546875,uvh26
48,21,3,bike,0.8387868404388428,882.7030029296875,161.5215301513672,913.2193603515625,201.37010192871094,897.961181640625,181.44581604003906,uvh26
48,22,3,bike,0.6821804046630859,1059.2410888671875,153.06832885742188,1095.3858642578125,194.85073852539062,1077.3134765625,173.95953369140625,uvh26
48,23,8,auto,0.38966187834739685,418.1627502441406,110.7770767211914,472.780517578125,151.9281768798828,445.4716339111328,131.3526268005371,uvh26
48,25,3,bike,0.20740316808223724,1368.5404052734375,0.8558445572853088,1383.700439453125,23.911218643188477,1376.1204223632812,12.383531600236893,uvh26
48,26,3,bike,0.8089979290962219,1076.505615234375,103.42713928222656,1102.9840087890625,143.0932159423828,1089.7448120117188,123.26017761230469,uvh26
48,27,3,bike,0.7962337732315063,868.739990234375,548.7593994140625,941.6241455078125,626.177001953125,905.1820678710938,587.4682006835938,uvh26
48,29,3,bike,0.8272153735160828,639.0704956054688,228.4000701904297,693.5960083007812,273.3658752441406,666.333251953125,250.88297271728516,uvh26
48,31,8,auto,0.8126941323280334,1063.1461181640625,72.09725952148438,1100.449951171875,109.56645202636719,1081.7980346679688,90.83185577392578,uvh26
48,32,3,bike,0.7674748301506042,1229.5147705078125,38.140785217285156,1249.0679931640625,68.51258850097656,1239.2913818359375,53.32668685913086,uvh26
48,33,2,car,0.7520993947982788,1202.175537109375,132.66563415527344,1269.21533203125,188.20965576171875,1235.6954345703125,160.4376449584961,uvh26
48,34,3,bike,0.8191266655921936,639.0978393554688,282.22491455078125,682.8857421875,334.21038818359375,660.9917907714844,308.2176513671875,uvh26
48,35,8,auto,0.8479500412940979,901.8007202148438,123.05691528320312,947.6588134765625,168.1851348876953,924.7297668457031,145.62102508544922,uvh26
48,37,2,car,0.6720945835113525,1090.6441650390625,55.67329025268555,1138.0867919921875,88.86748504638672,1114.365478515625,72.27038764953613,uvh26
48,42,3,bike,0.7224425077438354,285.6982727050781,95.2076644897461,304.21087646484375,129.52462768554688,294.95457458496094,112.36614608764648,uvh26
48,48,2,car,0.5917769074440002,1344.27099609375,39.531070709228516,1391.457763671875,74.6903076171875,1367.8643798828125,57.11068916320801,uvh26
48,41,3,bike,0.6816796064376831,1054.9296875,99.09005737304688,1082.01416015625,136.32577514648438,1068.471923828125,117.70791625976562,uvh26
48,58,3,bike,0.8292198777198792,596.5569458007812,251.54348754882812,637.1416625976562,299.1278991699219,616.8493041992188,275.335693359375,uvh26
48,38,2,car,0.6041579246520996,1072.144775390625,201.25112915039062,1155.66943359375,258.6992492675781,1113.9071044921875,229.97518920898438,uvh26
48,77,3,bike,0.3081943988800049,1354.084228515625,0.8411394357681274,1367.4295654296875,21.404943466186523,1360.7568969726562,11.123041450977325,uvh26
48,92,3,bike,0.8587056398391724,590.1701049804688,294.1136474609375,639.8917846679688,349.4452209472656,615.0309448242188,321.77943420410156,uvh26
48,89,3,bike,0.5509979128837585,309.8894958496094,99.21072387695312,328.4457702636719,131.37088012695312,319.1676330566406,115.29080200195312,uvh26
48,155,8,auto,0.4797680377960205,392.0993347167969,109.05077362060547,425.9596252441406,148.25559997558594,409.02947998046875,128.6531867980957,uvh26
48,28,2,car,0.685309112071991,1302.7952880859375,83.28499603271484,1352.4117431640625,124.8396987915039,1327.603515625,104.06234741210938,uvh26
48,16,2,car,0.645734429359436,1187.2674560546875,113.65385437011719,1251.6114501953125,160.99034118652344,1219.439453125,137.3220977783203,uvh26
48,200,3,bike,0.6352115869522095,270.4610900878906,82.79387664794922,286.9275207519531,114.18356323242188,278.6943054199219,98.48871994018555,uvh26
48,213,3,bike,0.5570276975631714,1306.52978515625,190.81100463867188,1347.6575927734375,253.48069763183594,1327.0936889648438,222.1458511352539,uvh26
48,45,2,car,0.5418640375137329,1130.9635009765625,79.30781555175781,1200.23486328125,124.94110870361328,1165.5991821289062,102.12446212768555,uvh26
48,24,3,bike,0.3643697202205658,1173.3135986328125,63.97359085083008,1194.2647705078125,91.31770324707031,1183.7891845703125,77.6456470489502,uvh26
48,242,2,car,0.4997411072254181,1250.7760009765625,364.2172546386719,1341.99560546875,436.7467041015625,1296.3858032226562,400.4819793701172,uvh26
48,40,2,car,0.6329640746116638,316.0558776855469,122.01101684570312,373.80462646484375,165.62875366210938,344.9302520751953,143.81988525390625,uvh26
48,275,2,car,0.5165062546730042,1186.194091796875,113.88658905029297,1253.3013916015625,160.30831909179688,1219.7477416992188,137.09745407104492,uvh26
48,282,2,car,0.36589720845222473,316.62139892578125,122.18087005615234,371.81890869140625,165.26646423339844,344.22015380859375,143.7236671447754,uvh26
48,293,2,car,0.36008623242378235,1303.6539306640625,83.78783416748047,1352.6724853515625,124.44129943847656,1328.1632080078125,104.11456680297852,uvh26
48,3,0,pedestrian,0.5337539315223694,1172.2386474609375,635.2166748046875,1200.183837890625,690.8247680664062,1186.2112426757812,663.0207214355469,coco_person
48,11,0,pedestrian,0.3569243848323822,1343.7044677734375,188.06976318359375,1360.9786376953125,233.27325439453125,1352.341552734375,210.6715087890625,coco_person
48,123,0,pedestrian,0.5399236083030701,1210.8175048828125,483.55169677734375,1240.996337890625,557.6954345703125,1225.9069213867188,520.6235656738281,coco_person
48,4,0,pedestrian,0.40280142426490784,1372.7012939453125,196.2247314453125,1394.2491455078125,251.08045959472656,1383.4752197265625,223.65259552001953,coco_person
48,207,0,pedestrian,0.33522599935531616,1373.3309326171875,209.42648315429688,1397.74169921875,251.8266143798828,1385.5363159179688,230.62654876708984,coco_person
48,2,0,pedestrian,0.28338032960891724,924.12060546875,220.31143188476562,946.6235961914062,260.8671569824219,935.3721008300781,240.58929443359375,coco_person
48,38,0,pedestrian,0.48553523421287537,421.1419372558594,206.6643829345703,441.8144226074219,246.6521759033203,431.4781799316406,226.6582794189453,coco_person
49,1,8,auto,0.9308187365531921,787.1585083007812,567.3567504882812,915.9445190429688,687.7858276367188,851.551513671875,627.5712890625,uvh26
49,2,8,auto,0.9326010942459106,1105.487548828125,132.70278930664062,1156.1724853515625,182.0279541015625,1130.8300170898438,157.36537170410156,uvh26
49,3,8,auto,0.898592472076416,201.44113159179688,162.25123596191406,260.9531555175781,213.64865112304688,231.1971435546875,187.94994354248047,uvh26
49,4,8,auto,0.903615415096283,669.1813354492188,599.4288330078125,796.5867919921875,714.3973999023438,732.8840637207031,656.9131164550781,uvh26
49,5,8,auto,0.8884872794151306,600.4719848632812,630.8930053710938,733.654296875,720.0,667.0631408691406,675.4465026855469,uvh26
49,6,8,auto,0.890344500541687,892.4963989257812,345.43304443359375,971.5206909179688,429.2208251953125,932.008544921875,387.3269348144531,uvh26
49,7,3,bike,0.8388432860374451,926.2537841796875,184.8419189453125,963.0188598632812,230.3417510986328,944.6363220214844,207.59183502197266,uvh26
49,8,3,bike,0.8890337944030762,1005.7457885742188,383.98455810546875,1071.1217041015625,449.45379638671875,1038.4337463378906,416.71917724609375,uvh26
49,13,8,auto,0.8349940180778503,926.291015625,572.7884521484375,1044.447265625,682.8919067382812,985.369140625,627.8401794433594,uvh26
49,14,8,auto,0.7288274168968201,461.92938232421875,274.3582458496094,553.0254516601562,362.4305114746094,507.4774169921875,318.3943786621094,uvh26
49,15,3,bike,0.872017502784729,990.3796997070312,143.2528533935547,1020.8086547851562,184.97596740722656,1005.5941772460938,164.11441040039062,uvh26
49,17,3,bike,0.8178563714027405,869.74658203125,185.280029296875,903.6923828125,232.2262725830078,886.719482421875,208.7531509399414,uvh26
49,18,3,bike,0.7401569485664368,458.7264709472656,218.64219665527344,504.7290954589844,265.14544677734375,481.727783203125,241.8938217163086,uvh26
49,19,8,auto,0.7820336222648621,748.4072875976562,286.9685974121094,842.4244995117188,389.6939392089844,795.4158935546875,338.3312683105469,uvh26
49,20,3,bike,0.7976539731025696,1044.2425537109375,170.21275329589844,1081.416259765625,218.62086486816406,1062.8294067382812,194.41680908203125,uvh26
49,21,3,bike,0.7824463248252869,884.6373901367188,161.11752319335938,914.9708862304688,200.52284240722656,899.8041381835938,180.82018280029297,uvh26
49,22,3,bike,0.6301007270812988,1057.110107421875,153.21359252929688,1093.2891845703125,194.8799285888672,1075.1996459960938,174.04676055908203,uvh26
49,23,8,auto,0.3507134020328522,417.9896240234375,110.90633392333984,472.7117614746094,152.17193603515625,445.35069274902344,131.53913497924805,uvh26
49,26,3,bike,0.8058080077171326,1079.885009765625,103.06713104248047,1105.9132080078125,142.28907775878906,1092.8991088867188,122.67810440063477,uvh26
49,27,3,bike,0.7465338110923767,869.2335815429688,549.17724609375,942.319091796875,626.6658935546875,905.7763366699219,587.9215698242188,uvh26
49,29,3,bike,0.824183464050293,641.0204467773438,228.81825256347656,695.6679077148438,273.9390563964844,668.3441772460938,251.37865447998047,uvh26
49,31,8,auto,0.831393301486969,1063.8675537109375,72.11518859863281,1101.0269775390625,109.20926666259766,1082.447265625,90.66222763061523,uvh26
49,32,3,bike,0.7770468592643738,1230.80615234375,37.1591796875,1250.5501708984375,67.93856811523438,1240.6781616210938,52.54887390136719,uvh26
49,33,2,car,0.6899495124816895,1199.3492431640625,134.20242309570312,1266.566650390625,189.86276245117188,1232.9579467773438,162.0325927734375,uvh26
49,34,3,bike,0.8212953209877014,635.6802978515625,282.04296875,679.5447387695312,333.8746032714844,657.6125183105469,307.9587860107422,uvh26
49,35,8,auto,0.8490933179855347,901.8364868164062,123.08244323730469,947.6954956054688,168.251220703125,924.7659912109375,145.66683197021484,uvh26
49,37,2,car,0.6891809105873108,1090.830322265625,55.85737228393555,1138.13623046875,89.04512023925781,1114.4832763671875,72.45124626159668,uvh26
49,42,3,bike,0.7554433941841125,286.5876159667969,95.4530258178711,305.5523986816406,130.53538513183594,296.07000732421875,112.99420547485352,uvh26
49,48,2,car,0.5908440947532654,1343.1025390625,40.59429931640625,1390.19287109375,75.58128356933594,1366.647705078125,58.087791442871094,uvh26
49,41,3,bike,0.691392183303833,1057.6636962890625,97.66700744628906,1084.9285888671875,135.385009765625,1071.296142578125,116.52600860595703,uvh26
49,58,3,bike,0.7926788330078125,592.3511352539062,250.87913513183594,633.190185546875,298.4678039550781,612.7706604003906,274.67346954345703,uvh26
49,38,2,car,0.49561694264411926,1068.589111328125,202.64320373535156,1152.4324951171875,260.15509033203125,1110.5108032226562,231.3991470336914,uvh26
49,77,3,bike,0.33479437232017517,1355.289306640625,0.9264572858810425,1368.65576171875,21.18960952758789,1361.9725341796875,11.058033406734467,uvh26
49,92,3,bike,0.8624491095542908,588.8971557617188,293.78369140625,638.3795776367188,349.2210998535156,613.6383666992188,321.5023956298828,uvh26
49,89,3,bike,0.29214268922805786,310.95465087890625,99.71525573730469,329.717529296875,132.3426971435547,320.3360900878906,116.02897644042969,uvh26
49,155,8,auto,0.41736412048339844,392.2187805175781,109.25244903564453,425.94281005859375,148.37469482421875,409.08079528808594,128.81357192993164,uvh26
49,28,2,car,0.5244102478027344,1301.4324951171875,84.13045501708984,1351.586181640625,126.1380386352539,1326.5093383789062,105.13424682617188,uvh26
49,16,2,car,0.41215452551841736,1186.73583984375,114.71107482910156,1250.218994140625,161.31126403808594,1218.4774169921875,138.01116943359375,uvh26
49,200,3,bike,0.6501356363296509,271.2755432128906,83.40902709960938,287.9169616699219,114.89497375488281,279.59625244140625,99.1520004272461,uvh26
49,213,3,bike,0.6063935160636902,1306.4869384765625,191.49081420898438,1347.29638671875,253.6241912841797,1326.8916625976562,222.55750274658203,uvh26
49,45,2,car,0.5349933505058289,1133.0379638671875,79.14412689208984,1201.0458984375,124.02135467529297,1167.0419311523438,101.5827407836914,uvh26
49,24,3,bike,0.36414769291877747,1175.938232421875,63.66637420654297,1196.95654296875,90.76946258544922,1186.4473876953125,77.2179183959961,uvh26
49,242,2,car,0.4848649501800537,1247.9405517578125,363.54058837890625,1340.1446533203125,435.94036865234375,1294.0426025390625,399.740478515625,uvh26
49,40,2,car,0.5684299468994141,316.92572021484375,122.72162628173828,375.0722961425781,166.61215209960938,345.99900817871094,144.66688919067383,uvh26
49,275,2,car,0.7382089495658875,1186.5712890625,115.3266372680664,1251.78564453125,160.38302612304688,1219.178466796875,137.85483169555664,uvh26
49,282,2,car,0.4035017788410187,318.17230224609375,123.30499267578125,373.0896911621094,166.0425567626953,345.63099670410156,144.67377471923828,uvh26
49,293,2,car,0.5498040914535522,1302.1177978515625,84.63604736328125,1351.412841796875,125.48468780517578,1326.7653198242188,105.06036758422852,uvh26
49,309,2,car,0.4718421399593353,1241.5357666015625,363.6878662109375,1346.23974609375,436.57965087890625,1293.8877563476562,400.1337585449219,uvh26
49,3,0,pedestrian,0.5223349332809448,1173.01953125,635.965087890625,1200.783447265625,691.27001953125,1186.9014892578125,663.6175537109375,coco_person
49,11,0,pedestrian,0.3715014159679413,1342.2415771484375,188.27040100097656,1359.7271728515625,233.29953002929688,1350.984375,210.78496551513672,coco_person
49,123,0,pedestrian,0.6171715259552002,1208.6759033203125,482.3901062011719,1238.7615966796875,556.4628295898438,1223.71875,519.4264678955078,coco_person
49,4,0,pedestrian,0.39732566475868225,1372.5914306640625,199.32962036132812,1393.5389404296875,251.3732452392578,1383.065185546875,225.35143280029297,coco_person
49,2,0,pedestrian,0.20744268596172333,923.61279296875,220.16683959960938,946.241455078125,260.8481750488281,934.9271240234375,240.50750732421875,coco_person
49,38,0,pedestrian,0.38559257984161377,420.92510986328125,206.87986755371094,441.2871398925781,246.6209259033203,431.1061248779297,226.75039672851562,coco_person
